2025-10-01T17:07:57.724831 AACI [daily]: polygon_api.rest module is required but not importable.
2025-10-01T17:07:57.724831 AACT [daily]: polygon_api.rest module is required but not importable.
2025-10-01T17:07:57.724831 AAM [daily]: polygon_api.rest module is required but not importable.
2025-10-01T17:07:57.724831 AAMI [daily]: polygon_api.rest module is required but not importable.
2025-10-01T17:07:57.724831 AAOI [daily]: polygon_api.rest module is required but not importable.
2025-10-01T17:07:57.724831 AARD [daily]: polygon_api.rest module is required but not importable.
2025-10-01T17:07:57.724831 AAT [daily]: polygon_api.rest module is required but not importable.
2025-10-01T17:07:57.724831 ABAT [daily]: polygon_api.rest module is required but not importable.
2025-10-01T17:07:57.724831 ABCL [daily]: polygon_api.rest module is required but not importable.
2025-10-01T17:07:57.724831 ABL [daily]: polygon_api.rest module is required but not importable.
2025-10-01T17:07:57.724831 ABSI [daily]: polygon_api.rest module is required but not importable.
2025-10-01T17:07:57.724831 ABTC [daily]: polygon_api.rest module is required but not importable.
2025-10-01T17:07:57.724831 ABUS [daily]: polygon_api.rest module is required but not importable.
2025-10-01T17:07:57.724831 ACB [daily]: polygon_api.rest module is required but not importable.
2025-10-01T17:07:57.724831 ACCO [daily]: polygon_api.rest module is required but not importable.
2025-10-01T17:07:57.724831 ACDC [daily]: polygon_api.rest module is required but not importable.
2025-10-01T17:07:57.724831 ACEL [daily]: polygon_api.rest module is required but not importable.
2025-10-01T17:07:57.724831 ACIC [daily]: polygon_api.rest module is required but not importable.
2025-10-01T17:07:57.724831 ACIU [daily]: polygon_api.rest module is required but not importable.
2025-10-01T17:07:57.724831 ACNB [daily]: polygon_api.rest module is required but not importable.
2025-10-01T17:07:57.724831 ACP [daily]: polygon_api.rest module is required but not importable.
2025-10-01T17:07:57.724831 ACTG [daily]: polygon_api.rest module is required but not importable.
2025-10-01T17:07:57.724831 ACVA [daily]: polygon_api.rest module is required but not importable.
2025-10-01T17:07:57.724831 ADAM [daily]: polygon_api.rest module is required but not importable.
2025-10-01T17:07:57.724831 ADCT [daily]: polygon_api.rest module is required but not importable.
2025-10-01T17:07:57.724831 ADEA [daily]: polygon_api.rest module is required but not importable.
2025-10-01T17:07:57.724831 ADNT [daily]: polygon_api.rest module is required but not importable.
2025-10-01T17:07:57.724831 ADSE [daily]: polygon_api.rest module is required but not importable.
2025-10-01T17:07:57.724831 ADTN [daily]: polygon_api.rest module is required but not importable.
2025-10-01T17:07:57.724831 ADUR [daily]: polygon_api.rest module is required but not importable.
2025-10-01T17:07:57.724831 ADV [daily]: polygon_api.rest module is required but not importable.
2025-10-01T17:07:57.724831 AEBI [daily]: polygon_api.rest module is required but not importable.
2025-10-01T17:07:57.724831 AEHR [daily]: polygon_api.rest module is required but not importable.
2025-10-01T17:07:57.724831 AENT [daily]: polygon_api.rest module is required but not importable.
2025-10-01T17:07:57.724831 AESI [daily]: polygon_api.rest module is required but not importable.
2025-10-01T17:07:57.724831 AEVA [daily]: polygon_api.rest module is required but not importable.
2025-10-01T17:07:57.724831 AEXA [daily]: polygon_api.rest module is required but not importable.
2025-10-01T17:07:57.724831 AFB [daily]: polygon_api.rest module is required but not importable.
2025-10-01T17:07:57.724831 AFYA [daily]: polygon_api.rest module is required but not importable.
2025-10-01T17:07:57.724831 AGD [daily]: polygon_api.rest module is required but not importable.
2025-10-01T17:07:57.724831 AGL [daily]: polygon_api.rest module is required but not importable.
2025-10-01T17:07:57.724831 AGM [daily]: polygon_api.rest module is required but not importable.
2025-10-01T17:07:57.724831 AGRO [daily]: polygon_api.rest module is required but not importable.
2025-10-01T17:07:57.724831 AHCO [daily]: polygon_api.rest module is required but not importable.
2025-10-01T17:07:57.724831 AHG [daily]: polygon_api.rest module is required but not importable.
2025-10-01T17:07:57.724831 AHH [daily]: polygon_api.rest module is required but not importable.
2025-10-01T17:07:57.724831 AII [daily]: polygon_api.rest module is required but not importable.
2025-10-01T17:07:57.724831 AIIO [daily]: polygon_api.rest module is required but not importable.
2025-10-01T17:07:57.724831 AIN [daily]: polygon_api.rest module is required but not importable.
2025-10-01T17:07:57.724831 AIO [daily]: polygon_api.rest module is required but not importable.
2025-10-01T17:07:57.724831 AIOT [daily]: polygon_api.rest module is required but not importable.
2025-10-01T17:07:57.724831 AIP [daily]: polygon_api.rest module is required but not importable.
2025-10-01T17:07:57.724831 AIRO [daily]: polygon_api.rest module is required but not importable.
2025-10-01T17:07:57.724831 AIRS [daily]: polygon_api.rest module is required but not importable.
2025-10-01T17:07:57.724831 AIV [daily]: polygon_api.rest module is required but not importable.
2025-10-01T17:07:57.724831 AKBA [daily]: polygon_api.rest module is required but not importable.
2025-10-01T17:07:57.724831 AKO-A [daily]: polygon_api.rest module is required but not importable.
2025-10-01T17:07:57.724831 AKO-B [daily]: polygon_api.rest module is required but not importable.
2025-10-01T17:07:57.724831 ALDF [daily]: polygon_api.rest module is required but not importable.
2025-10-01T17:07:57.724831 ALDX [daily]: polygon_api.rest module is required but not importable.
2025-10-01T17:07:57.724831 ALEX [daily]: polygon_api.rest module is required but not importable.
2025-10-01T17:07:57.724831 ALF [daily]: polygon_api.rest module is required but not importable.
2025-10-01T17:07:57.724831 ALGT [daily]: polygon_api.rest module is required but not importable.
2025-10-01T17:07:57.724831 ALIT [daily]: polygon_api.rest module is required but not importable.
2025-10-01T17:07:57.724831 ALLT [daily]: polygon_api.rest module is required but not importable.
2025-10-01T17:07:57.724831 ALM [daily]: polygon_api.rest module is required but not importable.
2025-10-01T17:07:57.724831 ALMS [daily]: polygon_api.rest module is required but not importable.
2025-10-01T17:07:57.724831 ALMU [daily]: polygon_api.rest module is required but not importable.
2025-10-01T17:07:57.724831 ALNT [daily]: polygon_api.rest module is required but not importable.
2025-10-01T17:07:57.724831 ALRS [daily]: polygon_api.rest module is required but not importable.
2025-10-01T17:07:57.724831 ALT [daily]: polygon_api.rest module is required but not importable.
2025-10-01T17:07:57.724831 ALTI [daily]: polygon_api.rest module is required but not importable.
2025-10-01T17:07:57.724831 ALTS [daily]: polygon_api.rest module is required but not importable.
2025-10-01T17:07:57.724831 ALX [daily]: polygon_api.rest module is required but not importable.
2025-10-01T17:07:57.724831 AMAL [daily]: polygon_api.rest module is required but not importable.
2025-10-01T17:07:57.724831 AMBC [daily]: polygon_api.rest module is required but not importable.
2025-10-01T17:07:57.724831 AMBQ [daily]: polygon_api.rest module is required but not importable.
2025-10-01T17:07:57.724831 AMC [daily]: polygon_api.rest module is required but not importable.
2025-10-01T17:07:57.724831 AMCX [daily]: polygon_api.rest module is required but not importable.
2025-10-01T17:07:57.724831 AMLX [daily]: polygon_api.rest module is required but not importable.
2025-10-01T17:07:57.724831 AMN [daily]: polygon_api.rest module is required but not importable.
2025-10-01T17:07:57.724831 AMPH [daily]: polygon_api.rest module is required but not importable.
2025-10-01T17:07:57.724831 AMPL [daily]: polygon_api.rest module is required but not importable.
2025-10-01T17:07:57.724831 AMPX [daily]: polygon_api.rest module is required but not importable.
2025-10-01T17:07:57.724831 AMRC [daily]: polygon_api.rest module is required but not importable.
2025-10-01T17:07:57.724831 AMRK [daily]: polygon_api.rest module is required but not importable.
2025-10-01T17:07:57.724831 AMRN [daily]: polygon_api.rest module is required but not importable.
2025-10-01T17:07:57.724831 AMSF [daily]: polygon_api.rest module is required but not importable.
2025-10-01T17:07:57.724831 AMTB [daily]: polygon_api.rest module is required but not importable.
2025-10-01T17:07:57.724831 AMWD [daily]: polygon_api.rest module is required but not importable.
2025-10-01T17:07:57.724831 ANAB [daily]: polygon_api.rest module is required but not importable.
2025-10-01T17:07:57.724831 ANDE [daily]: polygon_api.rest module is required but not importable.
2025-10-01T17:07:57.724831 ANGI [daily]: polygon_api.rest module is required but not importable.
2025-10-01T17:07:57.724831 ANGO [daily]: polygon_api.rest module is required but not importable.
2025-10-01T17:07:57.724831 ANGX [daily]: polygon_api.rest module is required but not importable.
2025-10-01T17:07:57.724831 ANIP [daily]: polygon_api.rest module is required but not importable.
2025-10-01T17:07:57.724831 ANNA [daily]: polygon_api.rest module is required but not importable.
2025-10-01T17:07:57.724831 ANNX [daily]: polygon_api.rest module is required but not importable.
2025-10-01T17:07:57.724831 ANPA [daily]: polygon_api.rest module is required but not importable.
2025-10-01T17:07:57.724831 ANSC [daily]: polygon_api.rest module is required but not importable.
2025-10-01T17:07:57.724831 AOD [daily]: polygon_api.rest module is required but not importable.
2025-10-01T17:07:57.724831 AORT [daily]: polygon_api.rest module is required but not importable.
2025-10-01T17:07:57.724831 AOSL [daily]: polygon_api.rest module is required but not importable.
2025-10-01T17:07:57.724831 APEI [daily]: polygon_api.rest module is required but not importable.
2025-10-01T17:07:57.724831 APOG [daily]: polygon_api.rest module is required but not importable.
2025-10-01T17:07:57.724831 APPS [daily]: polygon_api.rest module is required but not importable.
2025-10-01T17:07:57.724831 AQST [daily]: polygon_api.rest module is required but not importable.
2025-10-01T17:07:57.724831 ARCB [daily]: polygon_api.rest module is required but not importable.
2025-10-01T17:07:57.724831 ARCO [daily]: polygon_api.rest module is required but not importable.
2025-10-01T17:07:57.724831 ARCT [daily]: polygon_api.rest module is required but not importable.
2025-10-01T17:07:57.724831 ARDC [daily]: polygon_api.rest module is required but not importable.
2025-10-01T17:07:57.724831 ARDT [daily]: polygon_api.rest module is required but not importable.
2025-10-01T17:07:57.724831 ARDX [daily]: polygon_api.rest module is required but not importable.
2025-10-01T17:07:57.724831 ARHS [daily]: polygon_api.rest module is required but not importable.
2025-10-01T17:07:57.724831 ARI [daily]: polygon_api.rest module is required but not importable.
2025-10-01T17:07:57.724831 ARIS [daily]: polygon_api.rest module is required but not importable.
2025-10-01T17:07:57.724831 ARKO [daily]: polygon_api.rest module is required but not importable.
2025-10-01T17:07:57.724831 ARLO [daily]: polygon_api.rest module is required but not importable.
2025-10-01T17:07:57.724831 AROW [daily]: polygon_api.rest module is required but not importable.
2025-10-01T17:07:57.724831 ARQ [daily]: polygon_api.rest module is required but not importable.
2025-10-01T17:07:57.724831 ARQQ [daily]: polygon_api.rest module is required but not importable.
2025-10-01T17:07:57.724831 ARR [daily]: polygon_api.rest module is required but not importable.
2025-10-01T17:07:57.724831 ARRY [daily]: polygon_api.rest module is required but not importable.
2025-10-01T17:07:57.724831 ARTNA [daily]: polygon_api.rest module is required but not importable.
2025-10-01T17:07:57.724831 ARVN [daily]: polygon_api.rest module is required but not importable.
2025-10-01T17:07:57.724831 ASA [daily]: polygon_api.rest module is required but not importable.
2025-10-01T17:07:57.724831 ASC [daily]: polygon_api.rest module is required but not importable.
2025-10-01T17:07:57.724831 ASG [daily]: polygon_api.rest module is required but not importable.
2025-10-01T17:07:57.724831 ASGI [daily]: polygon_api.rest module is required but not importable.
2025-10-01T17:07:57.724831 ASIC [daily]: polygon_api.rest module is required but not importable.
2025-10-01T17:07:57.724831 ASIX [daily]: polygon_api.rest module is required but not importable.
2025-10-01T17:07:57.724831 ASLE [daily]: polygon_api.rest module is required but not importable.
2025-10-01T17:07:57.724831 ASM [daily]: polygon_api.rest module is required but not importable.
2025-10-01T17:07:57.724831 ASMB [daily]: polygon_api.rest module is required but not importable.
2025-10-01T17:07:57.724831 ASPI [daily]: polygon_api.rest module is required but not importable.
2025-10-01T17:07:57.724831 ASPN [daily]: polygon_api.rest module is required but not importable.
2025-10-01T17:07:57.724831 ASST [daily]: polygon_api.rest module is required but not importable.
2025-10-01T17:07:57.724831 ASTE [daily]: polygon_api.rest module is required but not importable.
2025-10-01T17:07:57.724831 ASTH [daily]: polygon_api.rest module is required but not importable.
2025-10-01T17:07:57.724831 ASTL [daily]: polygon_api.rest module is required but not importable.
2025-10-01T17:07:57.724831 ATAI [daily]: polygon_api.rest module is required but not importable.
2025-10-01T17:07:57.724831 ATEN [daily]: polygon_api.rest module is required but not importable.
2025-10-01T17:07:57.724831 ATEX [daily]: polygon_api.rest module is required but not importable.
2025-10-01T17:07:57.724831 ATGL [daily]: polygon_api.rest module is required but not importable.
2025-10-01T17:07:57.724831 ATII [daily]: polygon_api.rest module is required but not importable.
2025-10-01T17:07:57.724831 ATLC [daily]: polygon_api.rest module is required but not importable.
2025-10-01T17:07:57.724831 ATRC [daily]: polygon_api.rest module is required but not importable.
2025-10-01T17:07:57.724831 ATRO [daily]: polygon_api.rest module is required but not importable.
2025-10-01T17:07:57.724831 ATUS [daily]: polygon_api.rest module is required but not importable.
2025-10-01T17:07:57.724831 ATXS [daily]: polygon_api.rest module is required but not importable.
2025-10-01T17:07:57.724831 AUNA [daily]: polygon_api.rest module is required but not importable.
2025-10-01T17:07:57.724831 AUPH [daily]: polygon_api.rest module is required but not importable.
2025-10-01T17:07:57.724831 AURA [daily]: polygon_api.rest module is required but not importable.
2025-10-01T17:07:57.724831 AUTL [daily]: polygon_api.rest module is required but not importable.
2025-10-01T17:07:57.724831 AVAH [daily]: polygon_api.rest module is required but not importable.
2025-10-01T17:07:57.724831 AVAL [daily]: polygon_api.rest module is required but not importable.
2025-10-01T17:07:57.724831 AVBP [daily]: polygon_api.rest module is required but not importable.
2025-10-01T17:07:57.724831 AVDL [daily]: polygon_api.rest module is required but not importable.
2025-10-01T17:07:57.724831 AVK [daily]: polygon_api.rest module is required but not importable.
2025-10-01T17:07:57.724831 AVNS [daily]: polygon_api.rest module is required but not importable.
2025-10-01T17:07:57.724831 AVO [daily]: polygon_api.rest module is required but not importable.
2025-10-01T17:07:57.724831 AVXL [daily]: polygon_api.rest module is required but not importable.
2025-10-01T17:07:57.724831 AWF [daily]: polygon_api.rest module is required but not importable.
2025-10-01T17:07:57.724831 AWP [daily]: polygon_api.rest module is required but not importable.
2025-10-01T17:07:57.724831 AXGN [daily]: polygon_api.rest module is required but not importable.
2025-10-01T17:07:57.724831 AXL [daily]: polygon_api.rest module is required but not importable.
2025-10-01T17:07:57.724831 AZ [daily]: polygon_api.rest module is required but not importable.
2025-10-01T17:07:57.724831 AZTA [daily]: polygon_api.rest module is required but not importable.
2025-10-01T17:07:57.724831 BACQ [daily]: polygon_api.rest module is required but not importable.
2025-10-01T17:07:57.724831 BAK [daily]: polygon_api.rest module is required but not importable.
2025-10-01T17:07:57.724831 BALY [daily]: polygon_api.rest module is required but not importable.
2025-10-01T17:07:57.724831 BAND [daily]: polygon_api.rest module is required but not importable.
2025-10-01T17:07:57.724831 BASE [daily]: polygon_api.rest module is required but not importable.
2025-10-01T17:07:57.724831 BBAR [daily]: polygon_api.rest module is required but not importable.
2025-10-01T17:07:57.724831 BBBY [daily]: polygon_api.rest module is required but not importable.
2025-10-01T17:07:57.724831 BBCP [daily]: polygon_api.rest module is required but not importable.
2025-10-01T17:07:57.724831 BBDC [daily]: polygon_api.rest module is required but not importable.
2025-10-01T17:07:57.724831 BBN [daily]: polygon_api.rest module is required but not importable.
2025-10-01T17:07:57.724831 BBNX [daily]: polygon_api.rest module is required but not importable.
2025-10-01T17:07:57.724831 BBOT [daily]: polygon_api.rest module is required but not importable.
2025-10-01T17:07:57.724831 BBSI [daily]: polygon_api.rest module is required but not importable.
2025-10-01T17:07:57.724831 BBT [daily]: polygon_api.rest module is required but not importable.
2025-10-01T17:07:57.724831 BBW [daily]: polygon_api.rest module is required but not importable.
2025-10-01T17:07:57.724831 BCAL [daily]: polygon_api.rest module is required but not importable.
2025-10-01T17:07:57.724831 BCAR [daily]: polygon_api.rest module is required but not importable.
2025-10-01T17:07:57.724831 BCAT [daily]: polygon_api.rest module is required but not importable.
2025-10-01T17:07:57.724831 BCAX [daily]: polygon_api.rest module is required but not importable.
2025-10-01T17:07:57.724831 BCML [daily]: polygon_api.rest module is required but not importable.
2025-10-01T17:07:57.724831 BCRX [daily]: polygon_api.rest module is required but not importable.
2025-10-01T17:07:57.724831 BCSF [daily]: polygon_api.rest module is required but not importable.
2025-10-01T17:07:57.724831 BCSS-U [daily]: polygon_api.rest module is required but not importable.
2025-10-01T17:07:57.724831 BCX [daily]: polygon_api.rest module is required but not importable.
2025-10-01T17:07:57.724831 BCYC [daily]: polygon_api.rest module is required but not importable.
2025-10-01T17:07:57.724831 BDJ [daily]: polygon_api.rest module is required but not importable.
2025-10-01T17:07:57.724831 BDN [daily]: polygon_api.rest module is required but not importable.
2025-10-01T17:07:57.724831 BEAG [daily]: polygon_api.rest module is required but not importable.
2025-10-01T17:07:57.724831 BELFB [daily]: polygon_api.rest module is required but not importable.
2025-10-01T17:07:57.724831 BETR [daily]: polygon_api.rest module is required but not importable.
2025-10-01T17:07:57.724831 BFC [daily]: polygon_api.rest module is required but not importable.
2025-10-01T17:07:57.724831 BFK [daily]: polygon_api.rest module is required but not importable.
2025-10-01T17:07:57.724831 BFLY [daily]: polygon_api.rest module is required but not importable.
2025-10-01T17:07:57.724831 BFS [daily]: polygon_api.rest module is required but not importable.
2025-10-01T17:07:57.724831 BFST [daily]: polygon_api.rest module is required but not importable.
2025-10-01T17:07:57.724831 BFZ [daily]: polygon_api.rest module is required but not importable.
2025-10-01T17:07:57.724831 BGB [daily]: polygon_api.rest module is required but not importable.
2025-10-01T17:07:57.724831 BGH [daily]: polygon_api.rest module is required but not importable.
2025-10-01T17:07:57.724831 BGL [daily]: polygon_api.rest module is required but not importable.
2025-10-01T17:07:57.724831 BGM [daily]: polygon_api.rest module is required but not importable.
2025-10-01T17:07:57.724831 BGR [daily]: polygon_api.rest module is required but not importable.
2025-10-01T17:07:57.724831 BGS [daily]: polygon_api.rest module is required but not importable.
2025-10-01T17:07:57.724831 BGT [daily]: polygon_api.rest module is required but not importable.
2025-10-01T17:07:57.724831 BGY [daily]: polygon_api.rest module is required but not importable.
2025-10-01T17:07:57.724831 BH [daily]: polygon_api.rest module is required but not importable.
2025-10-01T17:07:57.724831 BHB [daily]: polygon_api.rest module is required but not importable.
2025-10-01T17:07:57.724831 BHE [daily]: polygon_api.rest module is required but not importable.
2025-10-01T17:07:57.724831 BHK [daily]: polygon_api.rest module is required but not importable.
2025-10-01T17:07:57.724831 BHRB [daily]: polygon_api.rest module is required but not importable.
2025-10-01T17:07:57.724831 BHVN [daily]: polygon_api.rest module is required but not importable.
2025-10-01T17:07:57.724831 BIT [daily]: polygon_api.rest module is required but not importable.
2025-10-01T17:07:57.724831 BITF [daily]: polygon_api.rest module is required but not importable.
2025-10-01T17:07:57.724831 BJRI [daily]: polygon_api.rest module is required but not importable.
2025-10-01T17:07:57.724831 BKKT [daily]: polygon_api.rest module is required but not importable.
2025-10-01T17:07:57.724831 BKSY [daily]: polygon_api.rest module is required but not importable.
2025-10-01T17:07:57.724831 BKTI [daily]: polygon_api.rest module is required but not importable.
2025-10-01T17:07:57.724831 BKV [daily]: polygon_api.rest module is required but not importable.
2025-10-01T17:07:57.724831 BLBD [daily]: polygon_api.rest module is required but not importable.
2025-10-01T17:07:57.724831 BLDP [daily]: polygon_api.rest module is required but not importable.
2025-10-01T17:07:57.724831 BLE [daily]: polygon_api.rest module is required but not importable.
2025-10-01T17:07:57.724831 BLFS [daily]: polygon_api.rest module is required but not importable.
2025-10-01T17:07:57.724831 BLMN [daily]: polygon_api.rest module is required but not importable.
2025-10-01T17:07:57.724831 BLND [daily]: polygon_api.rest module is required but not importable.
2025-10-01T17:07:57.724831 BLUW [daily]: polygon_api.rest module is required but not importable.
2025-10-01T17:07:57.724831 BLW [daily]: polygon_api.rest module is required but not importable.
2025-10-01T17:07:57.724831 BLX [daily]: polygon_api.rest module is required but not importable.
2025-10-01T17:07:57.724831 BLZE [daily]: polygon_api.rest module is required but not importable.
2025-10-01T17:07:57.724831 BMBL [daily]: polygon_api.rest module is required but not importable.
2025-10-01T17:07:57.724831 BME [daily]: polygon_api.rest module is required but not importable.
2025-10-01T17:07:57.724831 BMEZ [daily]: polygon_api.rest module is required but not importable.
2025-10-01T17:07:57.724831 BMRC [daily]: polygon_api.rest module is required but not importable.
2025-10-01T17:07:57.724831 BNC [daily]: polygon_api.rest module is required but not importable.
2025-10-01T17:07:57.724831 BNED [daily]: polygon_api.rest module is required but not importable.
2025-10-01T17:07:57.724831 BNTC [daily]: polygon_api.rest module is required but not importable.
2025-10-01T17:07:57.724831 BOC [daily]: polygon_api.rest module is required but not importable.
2025-10-01T17:07:57.724831 BOE [daily]: polygon_api.rest module is required but not importable.
2025-10-01T17:07:57.724831 BORR [daily]: polygon_api.rest module is required but not importable.
2025-10-01T17:07:57.724831 BOW [daily]: polygon_api.rest module is required but not importable.
2025-10-01T17:07:57.724831 BRBS [daily]: polygon_api.rest module is required but not importable.
2025-10-01T17:07:57.724831 BRCB [daily]: polygon_api.rest module is required but not importable.
2025-10-01T17:07:57.724831 BRCC [daily]: polygon_api.rest module is required but not importable.
2025-10-01T17:07:57.724831 BRR [daily]: polygon_api.rest module is required but not importable.
2025-10-01T17:07:57.724831 BRSP [daily]: polygon_api.rest module is required but not importable.
2025-10-01T17:07:57.724831 BRW [daily]: polygon_api.rest module is required but not importable.
2025-10-01T17:07:57.724831 BSRR [daily]: polygon_api.rest module is required but not importable.
2025-10-01T17:07:57.724831 BST [daily]: polygon_api.rest module is required but not importable.
2025-10-01T17:07:57.724831 BSTZ [daily]: polygon_api.rest module is required but not importable.
2025-10-01T17:07:57.724831 BSVN [daily]: polygon_api.rest module is required but not importable.
2025-10-01T17:07:57.724831 BTBT [daily]: polygon_api.rest module is required but not importable.
2025-10-01T17:07:57.724831 BTE [daily]: polygon_api.rest module is required but not importable.
2025-10-01T17:07:57.724831 BTO [daily]: polygon_api.rest module is required but not importable.
2025-10-01T17:07:57.724831 BTQ [daily]: polygon_api.rest module is required but not importable.
2025-10-01T17:07:57.724831 BTT [daily]: polygon_api.rest module is required but not importable.
2025-10-01T17:07:57.724831 BTX [daily]: polygon_api.rest module is required but not importable.
2025-10-01T17:07:57.724831 BTZ [daily]: polygon_api.rest module is required but not importable.
2025-10-01T17:07:57.724831 BUI [daily]: polygon_api.rest module is required but not importable.
2025-10-01T17:07:57.724831 BV [daily]: polygon_api.rest module is required but not importable.
2025-10-01T17:07:57.724831 BVS [daily]: polygon_api.rest module is required but not importable.
2025-10-01T17:07:57.724831 BWB [daily]: polygon_api.rest module is required but not importable.
2025-10-01T17:07:57.724831 BWFG [daily]: polygon_api.rest module is required but not importable.
2025-10-01T17:07:57.724831 BWMN [daily]: polygon_api.rest module is required but not importable.
2025-10-01T17:07:57.724831 BWMX [daily]: polygon_api.rest module is required but not importable.
2025-10-01T17:07:57.724831 BXC [daily]: polygon_api.rest module is required but not importable.
2025-10-01T17:07:57.724831 BXMX [daily]: polygon_api.rest module is required but not importable.
2025-10-01T17:07:57.724831 BY [daily]: polygon_api.rest module is required but not importable.
2025-10-01T17:07:57.724831 BYRN [daily]: polygon_api.rest module is required but not importable.
2025-10-01T17:07:57.724831 BZAI [daily]: polygon_api.rest module is required but not importable.
2025-10-01T17:07:57.724831 BZH [daily]: polygon_api.rest module is required but not importable.
2025-10-01T17:07:57.724831 CABO [daily]: polygon_api.rest module is required but not importable.
2025-10-01T17:07:57.724831 CAC [daily]: polygon_api.rest module is required but not importable.
2025-10-01T17:07:57.724831 CAEP [daily]: polygon_api.rest module is required but not importable.
2025-10-01T17:07:57.724831 CAL [daily]: polygon_api.rest module is required but not importable.
2025-10-01T17:07:57.724831 CANG [daily]: polygon_api.rest module is required but not importable.
2025-10-01T17:07:57.724831 CAPL [daily]: polygon_api.rest module is required but not importable.
2025-10-01T17:07:57.724831 CAPR [daily]: polygon_api.rest module is required but not importable.
2025-10-01T17:07:57.724831 CARE [daily]: polygon_api.rest module is required but not importable.
2025-10-01T17:07:57.724831 CARL [daily]: polygon_api.rest module is required but not importable.
2025-10-01T17:07:57.724831 CARS [daily]: polygon_api.rest module is required but not importable.
2025-10-01T17:07:57.724831 CASH [daily]: polygon_api.rest module is required but not importable.
2025-10-01T17:07:57.724831 CASS [daily]: polygon_api.rest module is required but not importable.
2025-10-01T17:07:57.724831 CBL [daily]: polygon_api.rest module is required but not importable.
2025-10-01T17:07:57.724831 CBLL [daily]: polygon_api.rest module is required but not importable.
2025-10-01T17:07:57.724831 CBNK [daily]: polygon_api.rest module is required but not importable.
2025-10-01T17:07:57.724831 CBRL [daily]: polygon_api.rest module is required but not importable.
2025-10-01T17:07:57.724831 CCAP [daily]: polygon_api.rest module is required but not importable.
2025-10-01T17:07:57.724831 CCB [daily]: polygon_api.rest module is required but not importable.
2025-10-01T17:07:57.724831 CCBG [daily]: polygon_api.rest module is required but not importable.
2025-10-01T17:07:57.724831 CCCX [daily]: polygon_api.rest module is required but not importable.
2025-10-01T17:07:57.724831 CCD [daily]: polygon_api.rest module is required but not importable.
2025-10-01T17:07:57.724831 CCEC [daily]: polygon_api.rest module is required but not importable.
2025-10-01T17:07:57.724831 CCII [daily]: polygon_api.rest module is required but not importable.
2025-10-01T17:07:57.724831 CCIX [daily]: polygon_api.rest module is required but not importable.
2025-10-01T17:07:57.724831 CCNE [daily]: polygon_api.rest module is required but not importable.
2025-10-01T17:07:57.724831 CCO [daily]: polygon_api.rest module is required but not importable.
2025-10-01T17:07:57.724831 CCOI [daily]: polygon_api.rest module is required but not importable.
2025-10-01T17:07:57.724831 CCRN [daily]: polygon_api.rest module is required but not importable.
2025-10-01T17:07:57.724831 CCS [daily]: polygon_api.rest module is required but not importable.
2025-10-01T17:07:57.724831 CCSI [daily]: polygon_api.rest module is required but not importable.
2025-10-01T17:07:57.724831 CDLR [daily]: polygon_api.rest module is required but not importable.
2025-10-01T17:07:57.724831 CDNA [daily]: polygon_api.rest module is required but not importable.
2025-10-01T17:07:57.724831 CDRE [daily]: polygon_api.rest module is required but not importable.
2025-10-01T17:07:57.724831 CDRO [daily]: polygon_api.rest module is required but not importable.
2025-10-01T17:07:57.724831 CDZI [daily]: polygon_api.rest module is required but not importable.
2025-10-01T17:07:57.724831 CECO [daily]: polygon_api.rest module is required but not importable.
2025-10-01T17:07:57.724831 CELC [daily]: polygon_api.rest module is required but not importable.
2025-10-01T17:07:57.724831 CENT [daily]: polygon_api.rest module is required but not importable.
2025-10-01T17:07:57.724831 CENTA [daily]: polygon_api.rest module is required but not importable.
2025-10-01T17:07:57.724831 CEP [daily]: polygon_api.rest module is required but not importable.
2025-10-01T17:07:57.724831 CEPF [daily]: polygon_api.rest module is required but not importable.
2025-10-01T17:07:57.724831 CEPU [daily]: polygon_api.rest module is required but not importable.
2025-10-01T17:07:57.724831 CET [daily]: polygon_api.rest module is required but not importable.
2025-10-01T17:07:57.724831 CEVA [daily]: polygon_api.rest module is required but not importable.
2025-10-01T17:07:57.724831 CFFN [daily]: polygon_api.rest module is required but not importable.
2025-10-01T17:07:57.724831 CGBD [daily]: polygon_api.rest module is required but not importable.
2025-10-01T17:07:57.724831 CGC [daily]: polygon_api.rest module is required but not importable.
2025-10-01T17:07:57.724831 CGCT [daily]: polygon_api.rest module is required but not importable.
2025-10-01T17:07:57.724831 CGEM [daily]: polygon_api.rest module is required but not importable.
2025-10-01T17:07:57.724831 CGNT [daily]: polygon_api.rest module is required but not importable.
2025-10-01T17:07:57.724831 CHA [daily]: polygon_api.rest module is required but not importable.
2025-10-01T17:07:57.724831 CHAC [daily]: polygon_api.rest module is required but not importable.
2025-10-01T17:07:57.724831 CHCO [daily]: polygon_api.rest module is required but not importable.
2025-10-01T17:07:57.724831 CHCT [daily]: polygon_api.rest module is required but not importable.
2025-10-01T17:07:57.724831 CHI [daily]: polygon_api.rest module is required but not importable.
2025-10-01T17:07:57.724831 CHW [daily]: polygon_api.rest module is required but not importable.
2025-10-01T17:07:57.724831 CHY [daily]: polygon_api.rest module is required but not importable.
2025-10-01T17:07:57.724831 CII [daily]: polygon_api.rest module is required but not importable.
2025-10-01T17:07:57.724831 CIM [daily]: polygon_api.rest module is required but not importable.
2025-10-01T17:07:57.724831 CINT [daily]: polygon_api.rest module is required but not importable.
2025-10-01T17:07:57.724831 CION [daily]: polygon_api.rest module is required but not importable.
2025-10-01T17:07:57.724831 CIVB [daily]: polygon_api.rest module is required but not importable.
2025-10-01T17:07:57.724831 CLB [daily]: polygon_api.rest module is required but not importable.
2025-10-01T17:07:57.724831 CLBK [daily]: polygon_api.rest module is required but not importable.
2025-10-01T17:07:57.724831 CLCO [daily]: polygon_api.rest module is required but not importable.
2025-10-01T17:07:57.724831 CLDT [daily]: polygon_api.rest module is required but not importable.
2025-10-01T17:07:57.724831 CLDX [daily]: polygon_api.rest module is required but not importable.
2025-10-01T17:07:57.724831 CLFD [daily]: polygon_api.rest module is required but not importable.
2025-10-01T17:07:57.724831 CLMB [daily]: polygon_api.rest module is required but not importable.
2025-10-01T17:07:57.724831 CLMT [daily]: polygon_api.rest module is required but not importable.
2025-10-01T17:07:57.724831 CLNE [daily]: polygon_api.rest module is required but not importable.
2025-10-01T17:07:57.724831 CLOV [daily]: polygon_api.rest module is required but not importable.
2025-10-01T17:07:57.724831 CLPT [daily]: polygon_api.rest module is required but not importable.
2025-10-01T17:07:57.724831 CLW [daily]: polygon_api.rest module is required but not importable.
2025-10-01T17:07:57.724831 CMCL [daily]: polygon_api.rest module is required but not importable.
2025-10-01T17:07:57.724831 CMCO [daily]: polygon_api.rest module is required but not importable.
2025-10-01T17:07:57.724831 CMDB [daily]: polygon_api.rest module is required but not importable.
2025-10-01T17:07:57.724831 CMP [daily]: polygon_api.rest module is required but not importable.
2025-10-01T17:07:57.724831 CMPR [daily]: polygon_api.rest module is required but not importable.
2025-10-01T17:07:57.724831 CMPS [daily]: polygon_api.rest module is required but not importable.
2025-10-01T17:07:57.724831 CMPX [daily]: polygon_api.rest module is required but not importable.
2025-10-01T17:07:57.724831 CMRC [daily]: polygon_api.rest module is required but not importable.
2025-10-01T17:07:57.724831 CMRE [daily]: polygon_api.rest module is required but not importable.
2025-10-01T17:07:57.724831 CMTG [daily]: polygon_api.rest module is required but not importable.
2025-10-01T17:07:57.724831 CNCK [daily]: polygon_api.rest module is required but not importable.
2025-10-01T17:07:57.724831 CNDT [daily]: polygon_api.rest module is required but not importable.
2025-10-01T17:07:57.724831 CNL [daily]: polygon_api.rest module is required but not importable.
2025-10-01T17:07:57.724831 CNMD [daily]: polygon_api.rest module is required but not importable.
2025-10-01T17:07:57.724831 CNNE [daily]: polygon_api.rest module is required but not importable.
2025-10-01T17:07:57.724831 CNOB [daily]: polygon_api.rest module is required but not importable.
2025-10-01T17:07:57.724831 CNXN [daily]: polygon_api.rest module is required but not importable.
2025-10-01T17:07:57.724831 CODI [daily]: polygon_api.rest module is required but not importable.
2025-10-01T17:07:57.724831 COFS [daily]: polygon_api.rest module is required but not importable.
2025-10-01T17:07:57.724831 COGT [daily]: polygon_api.rest module is required but not importable.
2025-10-01T17:07:57.724831 COHU [daily]: polygon_api.rest module is required but not importable.
2025-10-01T17:07:57.724831 COLL [daily]: polygon_api.rest module is required but not importable.
2025-10-01T17:07:57.724831 COUR [daily]: polygon_api.rest module is required but not importable.
2025-10-01T17:07:57.724831 CPAC [daily]: polygon_api.rest module is required but not importable.
2025-10-01T17:07:57.724831 CPF [daily]: polygon_api.rest module is required but not importable.
2025-10-01T17:07:57.724831 CPS [daily]: polygon_api.rest module is required but not importable.
2025-10-01T17:07:57.724831 CPZ [daily]: polygon_api.rest module is required but not importable.
2025-10-01T17:07:57.724831 CRAI [daily]: polygon_api.rest module is required but not importable.
2025-10-01T17:07:57.724831 CRAQ [daily]: polygon_api.rest module is required but not importable.
2025-10-01T17:07:57.724831 CRCT [daily]: polygon_api.rest module is required but not importable.
2025-10-01T17:07:57.724831 CRD-A [daily]: polygon_api.rest module is required but not importable.
2025-10-01T17:07:57.724831 CRD-B [daily]: polygon_api.rest module is required but not importable.
2025-10-01T17:07:57.724831 CRESY [daily]: polygon_api.rest module is required but not importable.
2025-10-01T17:07:57.724831 CRF [daily]: polygon_api.rest module is required but not importable.
2025-10-01T17:07:57.724831 CRI [daily]: polygon_api.rest module is required but not importable.
2025-10-01T17:07:57.724831 CRMD [daily]: polygon_api.rest module is required but not importable.
2025-10-01T17:07:57.724831 CRML [daily]: polygon_api.rest module is required but not importable.
2025-10-01T17:07:57.724831 CRNC [daily]: polygon_api.rest module is required but not importable.
2025-10-01T17:07:57.724831 CRON [daily]: polygon_api.rest module is required but not importable.
2025-10-01T17:07:57.724831 CRSR [daily]: polygon_api.rest module is required but not importable.
2025-10-01T17:07:57.724831 CRTO [daily]: polygon_api.rest module is required but not importable.
2025-10-01T17:07:57.724831 CRVS [daily]: polygon_api.rest module is required but not importable.
2025-10-01T17:07:57.724831 CSGS [daily]: polygon_api.rest module is required but not importable.
2025-10-01T17:07:57.724831 CSIQ [daily]: polygon_api.rest module is required but not importable.
2025-10-01T17:07:57.724831 CSR [daily]: polygon_api.rest module is required but not importable.
2025-10-01T17:07:57.724831 CSTL [daily]: polygon_api.rest module is required but not importable.
2025-10-01T17:07:57.724831 CSV [daily]: polygon_api.rest module is required but not importable.
2025-10-01T17:07:57.724831 CSWC [daily]: polygon_api.rest module is required but not importable.
2025-10-01T17:07:57.724831 CTBI [daily]: polygon_api.rest module is required but not importable.
2025-10-01T17:07:57.724831 CTEV [daily]: polygon_api.rest module is required but not importable.
2025-10-01T17:07:57.724831 CTGO [daily]: polygon_api.rest module is required but not importable.
2025-10-01T17:07:57.724831 CTKB [daily]: polygon_api.rest module is required but not importable.
2025-10-01T17:07:57.724831 CTLP [daily]: polygon_api.rest module is required but not importable.
2025-10-01T17:07:57.724831 CTMX [daily]: polygon_api.rest module is required but not importable.
2025-10-01T17:07:57.724831 CTNM [daily]: polygon_api.rest module is required but not importable.
2025-10-01T17:07:57.724831 CTO [daily]: polygon_api.rest module is required but not importable.
2025-10-01T17:07:57.724831 CTOS [daily]: polygon_api.rest module is required but not importable.
2025-10-01T17:07:57.724831 CTRI [daily]: polygon_api.rest module is required but not importable.
2025-10-01T17:07:57.724831 CTS [daily]: polygon_api.rest module is required but not importable.
2025-10-01T17:07:57.724831 CUB [daily]: polygon_api.rest module is required but not importable.
2025-10-01T17:07:57.724831 CVAC [daily]: polygon_api.rest module is required but not importable.
2025-10-01T17:07:57.724831 CVGW [daily]: polygon_api.rest module is required but not importable.
2025-10-01T17:07:57.724831 CVLG [daily]: polygon_api.rest module is required but not importable.
2025-10-01T17:07:57.724831 CWBC [daily]: polygon_api.rest module is required but not importable.
2025-10-01T17:07:57.724831 CWCO [daily]: polygon_api.rest module is required but not importable.
2025-10-01T17:07:57.724831 CWH [daily]: polygon_api.rest module is required but not importable.
2025-10-01T17:07:57.724831 CXM [daily]: polygon_api.rest module is required but not importable.
2025-10-01T17:07:57.724831 CYD [daily]: polygon_api.rest module is required but not importable.
2025-10-01T17:07:57.724831 CYH [daily]: polygon_api.rest module is required but not importable.
2025-10-01T17:07:57.724831 CYRX [daily]: polygon_api.rest module is required but not importable.
2025-10-01T17:07:57.724831 CZNC [daily]: polygon_api.rest module is required but not importable.
2025-10-01T17:07:57.724831 DAC [daily]: polygon_api.rest module is required but not importable.
2025-10-01T17:07:57.724831 DAKT [daily]: polygon_api.rest module is required but not importable.
2025-10-01T17:07:57.724831 DAO [daily]: polygon_api.rest module is required but not importable.
2025-10-01T17:07:57.724831 DAVA [daily]: polygon_api.rest module is required but not importable.
2025-10-01T17:07:57.724831 DAWN [daily]: polygon_api.rest module is required but not importable.
2025-10-01T17:07:57.724831 DC [daily]: polygon_api.rest module is required but not importable.
2025-10-01T17:07:57.724831 DCBO [daily]: polygon_api.rest module is required but not importable.
2025-10-01T17:07:57.724831 DCO [daily]: polygon_api.rest module is required but not importable.
2025-10-01T17:07:57.724831 DCOM [daily]: polygon_api.rest module is required but not importable.
2025-10-01T17:07:57.724831 DCTH [daily]: polygon_api.rest module is required but not importable.
2025-10-01T17:07:57.724831 DDD [daily]: polygon_api.rest module is required but not importable.
2025-10-01T17:07:57.724831 DDI [daily]: polygon_api.rest module is required but not importable.
2025-10-01T17:07:57.724831 DDL [daily]: polygon_api.rest module is required but not importable.
2025-10-01T17:07:57.724831 DEA [daily]: polygon_api.rest module is required but not importable.
2025-10-01T17:07:57.724831 DEC [daily]: polygon_api.rest module is required but not importable.
2025-10-01T17:07:57.724831 DEFT [daily]: polygon_api.rest module is required but not importable.
2025-10-01T17:07:57.724831 DFDV [daily]: polygon_api.rest module is required but not importable.
2025-10-01T17:07:57.724831 DFIN [daily]: polygon_api.rest module is required but not importable.
2025-10-01T17:07:57.724831 DFP [daily]: polygon_api.rest module is required but not importable.
2025-10-01T17:07:57.724831 DGICA [daily]: polygon_api.rest module is required but not importable.
2025-10-01T17:07:57.724831 DGII [daily]: polygon_api.rest module is required but not importable.
2025-10-01T17:07:57.724831 DH [daily]: polygon_api.rest module is required but not importable.
2025-10-01T17:07:57.724831 DHC [daily]: polygon_api.rest module is required but not importable.
2025-10-01T17:07:57.724831 DHIL [daily]: polygon_api.rest module is required but not importable.
2025-10-01T17:07:57.724831 DHT [daily]: polygon_api.rest module is required but not importable.
2025-10-01T17:07:57.724831 DIAX [daily]: polygon_api.rest module is required but not importable.
2025-10-01T17:07:57.724831 DIN [daily]: polygon_api.rest module is required but not importable.
2025-10-01T17:07:57.724831 DJCO [daily]: polygon_api.rest module is required but not importable.
2025-10-01T17:07:57.724831 DK [daily]: polygon_api.rest module is required but not importable.
2025-10-01T17:07:57.724831 DLX [daily]: polygon_api.rest module is required but not importable.
2025-10-01T17:07:57.724831 DLY [daily]: polygon_api.rest module is required but not importable.
2025-10-01T17:07:57.724831 DMAA [daily]: polygon_api.rest module is required but not importable.
2025-10-01T17:07:57.724831 DMAC [daily]: polygon_api.rest module is required but not importable.
2025-10-01T17:07:57.724831 DMIIU [daily]: polygon_api.rest module is required but not importable.
2025-10-01T17:07:57.724831 DMLP [daily]: polygon_api.rest module is required but not importable.
2025-10-01T17:07:57.724831 DNA [daily]: polygon_api.rest module is required but not importable.
2025-10-01T17:07:57.724831 DNOW [daily]: polygon_api.rest module is required but not importable.
2025-10-01T17:07:57.724831 DNTH [daily]: polygon_api.rest module is required but not importable.
2025-10-01T17:07:57.724831 DNUT [daily]: polygon_api.rest module is required but not importable.
2025-10-01T17:07:57.724831 DOLE [daily]: polygon_api.rest module is required but not importable.
2025-10-01T17:07:57.724831 DOMO [daily]: polygon_api.rest module is required but not importable.
2025-10-01T17:07:57.724831 DPG [daily]: polygon_api.rest module is required but not importable.
2025-10-01T17:07:57.724831 DQ [daily]: polygon_api.rest module is required but not importable.
2025-10-01T17:07:57.724831 DRDB [daily]: polygon_api.rest module is required but not importable.
2025-10-01T17:07:57.724831 DRH [daily]: polygon_api.rest module is required but not importable.
2025-10-01T17:07:57.724831 DRTS [daily]: polygon_api.rest module is required but not importable.
2025-10-01T17:07:57.724831 DRUG [daily]: polygon_api.rest module is required but not importable.
2025-10-01T17:07:57.724831 DSGN [daily]: polygon_api.rest module is required but not importable.
2025-10-01T17:07:57.724831 DSGR [daily]: polygon_api.rest module is required but not importable.
2025-10-01T17:07:57.724831 DSL [daily]: polygon_api.rest module is required but not importable.
2025-10-01T17:07:57.724831 DSP [daily]: polygon_api.rest module is required but not importable.
2025-10-01T17:07:57.724831 DSU [daily]: polygon_api.rest module is required but not importable.
2025-10-01T17:07:57.724831 DV [daily]: polygon_api.rest module is required but not importable.
2025-10-01T17:07:57.724831 DVAX [daily]: polygon_api.rest module is required but not importable.
2025-10-01T17:07:57.724831 DVS [daily]: polygon_api.rest module is required but not importable.
2025-10-01T17:07:57.724831 DX [daily]: polygon_api.rest module is required but not importable.
2025-10-01T17:07:57.724831 DXPE [daily]: polygon_api.rest module is required but not importable.
2025-10-01T17:07:57.724831 DXYZ [daily]: polygon_api.rest module is required but not importable.
2025-10-01T17:07:57.724831 DYN [daily]: polygon_api.rest module is required but not importable.
2025-10-01T17:07:57.724831 EAD [daily]: polygon_api.rest module is required but not importable.
2025-10-01T17:07:57.724831 EAF [daily]: polygon_api.rest module is required but not importable.
2025-10-01T17:07:57.724831 EBF [daily]: polygon_api.rest module is required but not importable.
2025-10-01T17:07:57.724831 EBS [daily]: polygon_api.rest module is required but not importable.
2025-10-01T17:07:57.724831 ECAT [daily]: polygon_api.rest module is required but not importable.
2025-10-01T17:07:57.724831 ECC [daily]: polygon_api.rest module is required but not importable.
2025-10-01T17:07:57.724831 ECO [daily]: polygon_api.rest module is required but not importable.
2025-10-01T17:07:57.724831 ECPG [daily]: polygon_api.rest module is required but not importable.
2025-10-01T17:07:57.724831 ECVT [daily]: polygon_api.rest module is required but not importable.
2025-10-01T17:07:57.724831 ECX [daily]: polygon_api.rest module is required but not importable.
2025-10-01T17:07:57.724831 EDD [daily]: polygon_api.rest module is required but not importable.
2025-10-01T17:07:57.724831 EDIT [daily]: polygon_api.rest module is required but not importable.
2025-10-01T17:07:57.724831 EDN [daily]: polygon_api.rest module is required but not importable.
2025-10-01T17:07:57.724831 EEX [daily]: polygon_api.rest module is required but not importable.
2025-10-01T17:07:57.724831 EFC [daily]: polygon_api.rest module is required but not importable.
2025-10-01T17:07:57.724831 EFR [daily]: polygon_api.rest module is required but not importable.
2025-10-01T17:07:57.724831 EFT [daily]: polygon_api.rest module is required but not importable.
2025-10-01T17:07:57.724831 EFTY [daily]: polygon_api.rest module is required but not importable.
2025-10-01T17:07:57.724831 EFXT [daily]: polygon_api.rest module is required but not importable.
2025-10-01T17:07:57.724831 EGBN [daily]: polygon_api.rest module is required but not importable.
2025-10-01T17:07:57.724831 EGY [daily]: polygon_api.rest module is required but not importable.
2025-10-01T17:07:57.724831 EH [daily]: polygon_api.rest module is required but not importable.
2025-10-01T17:07:57.724831 EHAB [daily]: polygon_api.rest module is required but not importable.
2025-10-01T17:07:57.724831 EIC [daily]: polygon_api.rest module is required but not importable.
2025-10-01T17:07:57.724831 EIG [daily]: polygon_api.rest module is required but not importable.
2025-10-01T17:07:57.724831 EIM [daily]: polygon_api.rest module is required but not importable.
2025-10-01T17:07:57.724831 ELME [daily]: polygon_api.rest module is required but not importable.
2025-10-01T17:07:57.724831 ELVN [daily]: polygon_api.rest module is required but not importable.
2025-10-01T17:07:57.724831 ELVR [daily]: polygon_api.rest module is required but not importable.
2025-10-01T17:07:57.724831 EMBC [daily]: polygon_api.rest module is required but not importable.
2025-10-01T17:07:57.724831 EMD [daily]: polygon_api.rest module is required but not importable.
2025-10-01T17:07:57.724831 EMO [daily]: polygon_api.rest module is required but not importable.
2025-10-01T17:07:57.724831 EMPD [daily]: polygon_api.rest module is required but not importable.
2025-10-01T17:07:57.724831 EMX [daily]: polygon_api.rest module is required but not importable.
2025-10-01T17:07:57.724831 ENGN [daily]: polygon_api.rest module is required but not importable.
2025-10-01T17:07:57.724831 ENOV [daily]: polygon_api.rest module is required but not importable.
2025-10-01T17:07:57.724831 ENR [daily]: polygon_api.rest module is required but not importable.
2025-10-01T17:07:57.724831 EOI [daily]: polygon_api.rest module is required but not importable.
2025-10-01T17:07:57.724831 EOLS [daily]: polygon_api.rest module is required but not importable.
2025-10-01T17:07:57.724831 EOS [daily]: polygon_api.rest module is required but not importable.
2025-10-01T17:07:57.724831 EPC [daily]: polygon_api.rest module is required but not importable.
2025-10-01T17:07:57.724831 EQBK [daily]: polygon_api.rest module is required but not importable.
2025-10-01T17:07:57.724831 EQV [daily]: polygon_api.rest module is required but not importable.
2025-10-01T17:07:57.724831 ERAS [daily]: polygon_api.rest module is required but not importable.
2025-10-01T17:07:57.724831 ERII [daily]: polygon_api.rest module is required but not importable.
2025-10-01T17:07:57.724831 ESEA [daily]: polygon_api.rest module is required but not importable.
2025-10-01T17:07:57.724831 ESPR [daily]: polygon_api.rest module is required but not importable.
2025-10-01T17:07:57.724831 ESQ [daily]: polygon_api.rest module is required but not importable.
2025-10-01T17:07:57.724831 ESRT [daily]: polygon_api.rest module is required but not importable.
2025-10-01T17:07:57.724831 ESTA [daily]: polygon_api.rest module is required but not importable.
2025-10-01T17:07:57.724831 ETB [daily]: polygon_api.rest module is required but not importable.
2025-10-01T17:07:57.724831 ETD [daily]: polygon_api.rest module is required but not importable.
2025-10-01T17:07:57.724831 ETG [daily]: polygon_api.rest module is required but not importable.
2025-10-01T17:07:57.724831 ETHZ [daily]: polygon_api.rest module is required but not importable.
2025-10-01T17:07:57.724831 ETJ [daily]: polygon_api.rest module is required but not importable.
2025-10-01T17:07:57.724831 ETO [daily]: polygon_api.rest module is required but not importable.
2025-10-01T17:07:57.724831 ETON [daily]: polygon_api.rest module is required but not importable.
2025-10-01T17:07:57.724831 ETV [daily]: polygon_api.rest module is required but not importable.
2025-10-01T17:07:57.724831 ETW [daily]: polygon_api.rest module is required but not importable.
2025-10-01T17:07:57.724831 EU [daily]: polygon_api.rest module is required but not importable.
2025-10-01T17:07:57.724831 EVAC [daily]: polygon_api.rest module is required but not importable.
2025-10-01T17:07:57.724831 EVCM [daily]: polygon_api.rest module is required but not importable.
2025-10-01T17:07:57.724831 EVER [daily]: polygon_api.rest module is required but not importable.
2025-10-01T17:07:57.724831 EVEX [daily]: polygon_api.rest module is required but not importable.
2025-10-01T17:07:57.724831 EVGO [daily]: polygon_api.rest module is required but not importable.
2025-10-01T17:07:57.724831 EVH [daily]: polygon_api.rest module is required but not importable.
2025-10-01T17:07:57.724831 EVI [daily]: polygon_api.rest module is required but not importable.
2025-10-01T17:07:57.724831 EVLV [daily]: polygon_api.rest module is required but not importable.
2025-10-01T17:07:57.724831 EVN [daily]: polygon_api.rest module is required but not importable.
2025-10-01T17:07:57.724831 EVO [daily]: polygon_api.rest module is required but not importable.
2025-10-01T17:07:57.724831 EVT [daily]: polygon_api.rest module is required but not importable.
2025-10-01T17:07:57.724831 EVTL [daily]: polygon_api.rest module is required but not importable.
2025-10-01T17:07:57.724831 EVV [daily]: polygon_api.rest module is required but not importable.
2025-10-01T17:07:57.724831 EWTX [daily]: polygon_api.rest module is required but not importable.
2025-10-01T17:07:57.724831 EXOD [daily]: polygon_api.rest module is required but not importable.
2025-10-01T17:07:57.724831 EXPI [daily]: polygon_api.rest module is required but not importable.
2025-10-01T17:07:57.724831 EYPT [daily]: polygon_api.rest module is required but not importable.
2025-10-01T17:07:57.724831 EZPW [daily]: polygon_api.rest module is required but not importable.
2025-10-01T17:07:57.724831 FAX [daily]: polygon_api.rest module is required but not importable.
2025-10-01T17:07:57.724831 FBIZ [daily]: polygon_api.rest module is required but not importable.
2025-10-01T17:07:57.724831 FBRT [daily]: polygon_api.rest module is required but not importable.
2025-10-01T17:07:57.724831 FBYD [daily]: polygon_api.rest module is required but not importable.
2025-10-01T17:07:57.724831 FCBC [daily]: polygon_api.rest module is required but not importable.
2025-10-01T17:07:57.724831 FCF [daily]: polygon_api.rest module is required but not importable.
2025-10-01T17:07:57.724831 FDMT [daily]: polygon_api.rest module is required but not importable.
2025-10-01T17:07:57.724831 FDP [daily]: polygon_api.rest module is required but not importable.
2025-10-01T17:07:57.724831 FDUS [daily]: polygon_api.rest module is required but not importable.
2025-10-01T17:07:57.724831 FEIM [daily]: polygon_api.rest module is required but not importable.
2025-10-01T17:07:57.724831 FERA [daily]: polygon_api.rest module is required but not importable.
2025-10-01T17:07:57.724831 FET [daily]: polygon_api.rest module is required but not importable.
2025-10-01T17:07:57.724831 FFA [daily]: polygon_api.rest module is required but not importable.
2025-10-01T17:07:57.724831 FFC [daily]: polygon_api.rest module is required but not importable.
2025-10-01T17:07:57.724831 FFIC [daily]: polygon_api.rest module is required but not importable.
2025-10-01T17:07:57.724831 FFWM [daily]: polygon_api.rest module is required but not importable.
2025-10-01T17:07:57.724831 FIGS [daily]: polygon_api.rest module is required but not importable.
2025-10-01T17:07:57.724831 FIHL [daily]: polygon_api.rest module is required but not importable.
2025-10-01T17:07:57.724831 FINS [daily]: polygon_api.rest module is required but not importable.
2025-10-01T17:07:57.724831 FINV [daily]: polygon_api.rest module is required but not importable.
2025-10-01T17:07:57.724831 FIP [daily]: polygon_api.rest module is required but not importable.
2025-10-01T17:07:57.724831 FISI [daily]: polygon_api.rest module is required but not importable.
2025-10-01T17:07:57.724831 FIVN [daily]: polygon_api.rest module is required but not importable.
2025-10-01T17:07:57.724831 FLGT [daily]: polygon_api.rest module is required but not importable.
2025-10-01T17:07:57.724831 FLNG [daily]: polygon_api.rest module is required but not importable.
2025-10-01T17:07:57.724831 FLOC [daily]: polygon_api.rest module is required but not importable.
2025-10-01T17:07:57.724831 FLYW [daily]: polygon_api.rest module is required but not importable.
2025-10-01T17:07:57.724831 FLYX [daily]: polygon_api.rest module is required but not importable.
2025-10-01T17:07:57.724831 FMAO [daily]: polygon_api.rest module is required but not importable.
2025-10-01T17:07:57.724831 FMBH [daily]: polygon_api.rest module is required but not importable.
2025-10-01T17:07:57.724831 FMNB [daily]: polygon_api.rest module is required but not importable.
2025-10-01T17:07:57.724831 FOA [daily]: polygon_api.rest module is required but not importable.
2025-10-01T17:07:57.724831 FOF [daily]: polygon_api.rest module is required but not importable.
2025-10-01T17:07:57.724831 FOR [daily]: polygon_api.rest module is required but not importable.
2025-10-01T17:07:57.724831 FOXF [daily]: polygon_api.rest module is required but not importable.
2025-10-01T17:07:57.724831 FPF [daily]: polygon_api.rest module is required but not importable.
2025-10-01T17:07:57.724831 FPH [daily]: polygon_api.rest module is required but not importable.
2025-10-01T17:07:57.724831 FPI [daily]: polygon_api.rest module is required but not importable.
2025-10-01T17:07:57.724831 FRA [daily]: polygon_api.rest module is required but not importable.
2025-10-01T17:07:57.724831 FRBA [daily]: polygon_api.rest module is required but not importable.
2025-10-01T17:07:57.724831 FRPH [daily]: polygon_api.rest module is required but not importable.
2025-10-01T17:07:57.724831 FSBC [daily]: polygon_api.rest module is required but not importable.
2025-10-01T17:07:57.724831 FSCO [daily]: polygon_api.rest module is required but not importable.
2025-10-01T17:07:57.724831 FSLY [daily]: polygon_api.rest module is required but not importable.
2025-10-01T17:07:57.724831 FSUN [daily]: polygon_api.rest module is required but not importable.
2025-10-01T17:07:57.724831 FTHY [daily]: polygon_api.rest module is required but not importable.
2025-10-01T17:07:57.724831 FTK [daily]: polygon_api.rest module is required but not importable.
2025-10-01T17:07:57.724831 FTRE [daily]: polygon_api.rest module is required but not importable.
2025-10-01T17:07:57.724831 FUBO [daily]: polygon_api.rest module is required but not importable.
2025-10-01T17:07:57.724831 FUFU [daily]: polygon_api.rest module is required but not importable.
2025-10-01T17:07:57.724831 FULC [daily]: polygon_api.rest module is required but not importable.
2025-10-01T17:07:57.724831 FVR [daily]: polygon_api.rest module is required but not importable.
2025-10-01T17:07:57.724831 FVRR [daily]: polygon_api.rest module is required but not importable.
2025-10-01T17:07:57.724831 FWRD [daily]: polygon_api.rest module is required but not importable.
2025-10-01T17:07:57.724831 FWRG [daily]: polygon_api.rest module is required but not importable.
2025-10-01T17:07:57.724831 GAB [daily]: polygon_api.rest module is required but not importable.
2025-10-01T17:07:57.724831 GABC [daily]: polygon_api.rest module is required but not importable.
2025-10-01T17:07:57.724831 GAIN [daily]: polygon_api.rest module is required but not importable.
2025-10-01T17:07:57.724831 GAM [daily]: polygon_api.rest module is required but not importable.
2025-10-01T17:07:57.724831 GAU [daily]: polygon_api.rest module is required but not importable.
2025-10-01T17:07:57.724831 GBAB [daily]: polygon_api.rest module is required but not importable.
2025-10-01T17:07:57.724831 GBFH [daily]: polygon_api.rest module is required but not importable.
2025-10-01T17:07:57.724831 GBLI [daily]: polygon_api.rest module is required but not importable.
2025-10-01T17:07:57.724831 GBX [daily]: polygon_api.rest module is required but not importable.
2025-10-01T17:07:57.724831 GCBC [daily]: polygon_api.rest module is required but not importable.
2025-10-01T17:07:57.724831 GCI [daily]: polygon_api.rest module is required but not importable.
2025-10-01T17:07:57.724831 GCL [daily]: polygon_api.rest module is required but not importable.
2025-10-01T17:07:57.724831 GCO [daily]: polygon_api.rest module is required but not importable.
2025-10-01T17:07:57.724831 GCT [daily]: polygon_api.rest module is required but not importable.
2025-10-01T17:07:57.724831 GDEN [daily]: polygon_api.rest module is required but not importable.
2025-10-01T17:07:57.724831 GDEV [daily]: polygon_api.rest module is required but not importable.
2025-10-01T17:07:57.724831 GDOT [daily]: polygon_api.rest module is required but not importable.
2025-10-01T17:07:57.724831 GDRX [daily]: polygon_api.rest module is required but not importable.
2025-10-01T17:07:57.724831 GDYN [daily]: polygon_api.rest module is required but not importable.
2025-10-01T17:07:57.724831 GERN [daily]: polygon_api.rest module is required but not importable.
2025-10-01T17:07:57.724831 GES [daily]: polygon_api.rest module is required but not importable.
2025-10-01T17:07:57.724831 GETY [daily]: polygon_api.rest module is required but not importable.
2025-10-01T17:07:57.724831 GEVO [daily]: polygon_api.rest module is required but not importable.
2025-10-01T17:07:57.724831 GFR [daily]: polygon_api.rest module is required but not importable.
2025-10-01T17:07:57.724831 GGN [daily]: polygon_api.rest module is required but not importable.
2025-10-01T17:07:57.724831 GHLD [daily]: polygon_api.rest module is required but not importable.
2025-10-01T17:07:57.724831 GHM [daily]: polygon_api.rest module is required but not importable.
2025-10-01T17:07:57.724831 GHRS [daily]: polygon_api.rest module is required but not importable.
2025-10-01T17:07:57.724831 GHY [daily]: polygon_api.rest module is required but not importable.
2025-10-01T17:07:57.724831 GIC [daily]: polygon_api.rest module is required but not importable.
2025-10-01T17:07:57.724831 GIG [daily]: polygon_api.rest module is required but not importable.
2025-10-01T17:07:57.724831 GIII [daily]: polygon_api.rest module is required but not importable.
2025-10-01T17:07:57.724831 GILT [daily]: polygon_api.rest module is required but not importable.
2025-10-01T17:07:57.724831 GLAD [daily]: polygon_api.rest module is required but not importable.
2025-10-01T17:07:57.724831 GLDD [daily]: polygon_api.rest module is required but not importable.
2025-10-01T17:07:57.724831 GLIBA [daily]: polygon_api.rest module is required but not importable.
2025-10-01T17:07:57.724831 GLIBK [daily]: polygon_api.rest module is required but not importable.
2025-10-01T17:07:57.724831 GLP [daily]: polygon_api.rest module is required but not importable.
2025-10-01T17:07:57.724831 GLRE [daily]: polygon_api.rest module is required but not importable.
2025-10-01T17:07:57.724831 GLUE [daily]: polygon_api.rest module is required but not importable.
2025-10-01T17:07:57.724831 GMRE [daily]: polygon_api.rest module is required but not importable.
2025-10-01T17:07:57.724831 GNE [daily]: polygon_api.rest module is required but not importable.
2025-10-01T17:07:57.724831 GNK [daily]: polygon_api.rest module is required but not importable.
2025-10-01T17:07:57.724831 GNL [daily]: polygon_api.rest module is required but not importable.
2025-10-01T17:07:57.724831 GNTY [daily]: polygon_api.rest module is required but not importable.
2025-10-01T17:07:57.724831 GO [daily]: polygon_api.rest module is required but not importable.
2025-10-01T17:07:57.724831 GOGO [daily]: polygon_api.rest module is required but not importable.
2025-10-01T17:07:57.724831 GOOD [daily]: polygon_api.rest module is required but not importable.
2025-10-01T17:07:57.724831 GOOS [daily]: polygon_api.rest module is required but not importable.
2025-10-01T17:07:57.724831 GOSS [daily]: polygon_api.rest module is required but not importable.
2025-10-01T17:07:57.724831 GOTU [daily]: polygon_api.rest module is required but not importable.
2025-10-01T17:07:57.724831 GPAT [daily]: polygon_api.rest module is required but not importable.
2025-10-01T17:07:57.724831 GPCR [daily]: polygon_api.rest module is required but not importable.
2025-10-01T17:07:57.724831 GPRE [daily]: polygon_api.rest module is required but not importable.
2025-10-01T17:07:57.724831 GPRK [daily]: polygon_api.rest module is required but not importable.
2025-10-01T17:07:57.724831 GPRO [daily]: polygon_api.rest module is required but not importable.
2025-10-01T17:07:57.724831 GRAF [daily]: polygon_api.rest module is required but not importable.
2025-10-01T17:07:57.724831 GRC [daily]: polygon_api.rest module is required but not importable.
2025-10-01T17:07:57.724831 GRDN [daily]: polygon_api.rest module is required but not importable.
2025-10-01T17:07:57.724831 GRNT [daily]: polygon_api.rest module is required but not importable.
2025-10-01T17:07:57.724831 GROY [daily]: polygon_api.rest module is required but not importable.
2025-10-01T17:07:57.724831 GRPN [daily]: polygon_api.rest module is required but not importable.
2025-10-01T17:07:57.724831 GRRR [daily]: polygon_api.rest module is required but not importable.
2025-10-01T17:07:57.724831 GRVY [daily]: polygon_api.rest module is required but not importable.
2025-10-01T17:07:57.724831 GSBC [daily]: polygon_api.rest module is required but not importable.
2025-10-01T17:07:57.724831 GSBD [daily]: polygon_api.rest module is required but not importable.
2025-10-01T17:07:57.724831 GSL [daily]: polygon_api.rest module is required but not importable.
2025-10-01T17:07:57.724831 GSM [daily]: polygon_api.rest module is required but not importable.
2025-10-01T17:07:57.724831 GTEN [daily]: polygon_api.rest module is required but not importable.
2025-10-01T17:07:57.724831 GTN [daily]: polygon_api.rest module is required but not importable.
2025-10-01T17:07:57.724831 GTY [daily]: polygon_api.rest module is required but not importable.
2025-10-01T17:07:57.724831 GUG [daily]: polygon_api.rest module is required but not importable.
2025-10-01T17:07:57.724831 GUT [daily]: polygon_api.rest module is required but not importable.
2025-10-01T17:07:57.724831 GYRE [daily]: polygon_api.rest module is required but not importable.
2025-10-01T17:07:57.724831 HAFC [daily]: polygon_api.rest module is required but not importable.
2025-10-01T17:07:57.724831 HBCP [daily]: polygon_api.rest module is required but not importable.
2025-10-01T17:07:57.724831 HBNB [daily]: polygon_api.rest module is required but not importable.
2025-10-01T17:07:57.724831 HBNC [daily]: polygon_api.rest module is required but not importable.
2025-10-01T17:07:57.724831 HBT [daily]: polygon_api.rest module is required but not importable.
2025-10-01T17:07:57.724831 HCKT [daily]: polygon_api.rest module is required but not importable.
2025-10-01T17:07:57.724831 HCMA [daily]: polygon_api.rest module is required but not importable.
2025-10-01T17:07:57.724831 HCMAU [daily]: polygon_api.rest module is required but not importable.
2025-10-01T17:07:57.724831 HCSG [daily]: polygon_api.rest module is required but not importable.
2025-10-01T17:07:57.724831 HDL [daily]: polygon_api.rest module is required but not importable.
2025-10-01T17:07:57.724831 HDSN [daily]: polygon_api.rest module is required but not importable.
2025-10-01T17:07:57.724831 HELE [daily]: polygon_api.rest module is required but not importable.
2025-10-01T17:07:57.724831 HEPS [daily]: polygon_api.rest module is required but not importable.
2025-10-01T17:07:57.724831 HFRO [daily]: polygon_api.rest module is required but not importable.
2025-10-01T17:07:57.724831 HFWA [daily]: polygon_api.rest module is required but not importable.
2025-10-01T17:07:57.724831 HI [daily]: polygon_api.rest module is required but not importable.
2025-10-01T17:07:57.724831 HIFS [daily]: polygon_api.rest module is required but not importable.
2025-10-01T17:07:57.724831 HIMX [daily]: polygon_api.rest module is required but not importable.
2025-10-01T17:07:57.724831 HIO [daily]: polygon_api.rest module is required but not importable.
2025-10-01T17:07:57.724831 HIPO [daily]: polygon_api.rest module is required but not importable.
2025-10-01T17:07:57.724831 HITI [daily]: polygon_api.rest module is required but not importable.
2025-10-01T17:07:57.724831 HIVE [daily]: polygon_api.rest module is required but not importable.
2025-10-01T17:07:57.724831 HIX [daily]: polygon_api.rest module is required but not importable.
2025-10-01T17:07:57.724831 HLF [daily]: polygon_api.rest module is required but not importable.
2025-10-01T17:07:57.724831 HLIO [daily]: polygon_api.rest module is required but not importable.
2025-10-01T17:07:57.724831 HLIT [daily]: polygon_api.rest module is required but not importable.
2025-10-01T17:07:57.724831 HLLY [daily]: polygon_api.rest module is required but not importable.
2025-10-01T17:07:57.724831 HLMN [daily]: polygon_api.rest module is required but not importable.
2025-10-01T17:07:57.724831 HLX [daily]: polygon_api.rest module is required but not importable.
2025-10-01T17:07:57.724831 HMN [daily]: polygon_api.rest module is required but not importable.
2025-10-01T17:07:57.724831 HNRG [daily]: polygon_api.rest module is required but not importable.
2025-10-01T17:07:57.724831 HNST [daily]: polygon_api.rest module is required but not importable.
2025-10-01T17:07:57.724831 HOND [daily]: polygon_api.rest module is required but not importable.
2025-10-01T17:07:57.724831 HONE [daily]: polygon_api.rest module is required but not importable.
2025-10-01T17:07:57.724831 HOPE [daily]: polygon_api.rest module is required but not importable.
2025-10-01T17:07:57.724831 HOUS [daily]: polygon_api.rest module is required but not importable.
2025-10-01T17:07:57.724831 HOV [daily]: polygon_api.rest module is required but not importable.
2025-10-01T17:07:57.724831 HPF [daily]: polygon_api.rest module is required but not importable.
2025-10-01T17:07:57.724831 HPI [daily]: polygon_api.rest module is required but not importable.
2025-10-01T17:07:57.724831 HPK [daily]: polygon_api.rest module is required but not importable.
2025-10-01T17:07:57.724831 HPP [daily]: polygon_api.rest module is required but not importable.
2025-10-01T17:07:57.724831 HPS [daily]: polygon_api.rest module is required but not importable.
2025-10-01T17:07:57.724831 HQH [daily]: polygon_api.rest module is required but not importable.
2025-10-01T17:07:57.724831 HQL [daily]: polygon_api.rest module is required but not importable.
2025-10-01T17:07:57.724831 HRMY [daily]: polygon_api.rest module is required but not importable.
2025-10-01T17:07:57.724831 HROW [daily]: polygon_api.rest module is required but not importable.
2025-10-01T17:07:57.724831 HRTG [daily]: polygon_api.rest module is required but not importable.
2025-10-01T17:07:57.724831 HSHP [daily]: polygon_api.rest module is required but not importable.
2025-10-01T17:07:57.724831 HSII [daily]: polygon_api.rest module is required but not importable.
2025-10-01T17:07:57.724831 HSTM [daily]: polygon_api.rest module is required but not importable.
2025-10-01T17:07:57.724831 HTB [daily]: polygon_api.rest module is required but not importable.
2025-10-01T17:07:57.724831 HTBK [daily]: polygon_api.rest module is required but not importable.
2025-10-01T17:07:57.724831 HTD [daily]: polygon_api.rest module is required but not importable.
2025-10-01T17:07:57.724831 HTLD [daily]: polygon_api.rest module is required but not importable.
2025-10-01T17:07:57.724831 HTO [daily]: polygon_api.rest module is required but not importable.
2025-10-01T17:07:57.724831 HUN [daily]: polygon_api.rest module is required but not importable.
2025-10-01T17:07:57.724831 HVT [daily]: polygon_api.rest module is required but not importable.
2025-10-01T17:07:57.724831 HY [daily]: polygon_api.rest module is required but not importable.
2025-10-01T17:07:57.724831 HYAC [daily]: polygon_api.rest module is required but not importable.
2025-10-01T17:07:57.724831 HYLN [daily]: polygon_api.rest module is required but not importable.
2025-10-01T17:07:57.724831 HYMC [daily]: polygon_api.rest module is required but not importable.
2025-10-01T17:07:57.724831 HYT [daily]: polygon_api.rest module is required but not importable.
2025-10-01T17:07:57.724831 HZO [daily]: polygon_api.rest module is required but not importable.
2025-10-01T17:07:57.724831 IART [daily]: polygon_api.rest module is required but not importable.
2025-10-01T17:07:57.724831 IAS [daily]: polygon_api.rest module is required but not importable.
2025-10-01T17:07:57.724831 IBCP [daily]: polygon_api.rest module is required but not importable.
2025-10-01T17:07:57.724831 IBEX [daily]: polygon_api.rest module is required but not importable.
2025-10-01T17:07:57.724831 IBTA [daily]: polygon_api.rest module is required but not importable.
2025-10-01T17:07:57.724831 ICFI [daily]: polygon_api.rest module is required but not importable.
2025-10-01T17:07:57.724831 ICHR [daily]: polygon_api.rest module is required but not importable.
2025-10-01T17:07:57.724831 IDR [daily]: polygon_api.rest module is required but not importable.
2025-10-01T17:07:57.724831 IDT [daily]: polygon_api.rest module is required but not importable.
2025-10-01T17:07:57.724831 IE [daily]: polygon_api.rest module is required but not importable.
2025-10-01T17:07:57.724831 IFN [daily]: polygon_api.rest module is required but not importable.
2025-10-01T17:07:57.724831 IGD [daily]: polygon_api.rest module is required but not importable.
2025-10-01T17:07:57.724831 IGIC [daily]: polygon_api.rest module is required but not importable.
2025-10-01T17:07:57.724831 IGR [daily]: polygon_api.rest module is required but not importable.
2025-10-01T17:07:57.724831 IHRT [daily]: polygon_api.rest module is required but not importable.
2025-10-01T17:07:57.724831 IIIN [daily]: polygon_api.rest module is required but not importable.
2025-10-01T17:07:57.724831 IIIV [daily]: polygon_api.rest module is required but not importable.
2025-10-01T17:07:57.724831 IIM [daily]: polygon_api.rest module is required but not importable.
2025-10-01T17:07:57.724831 IIPR [daily]: polygon_api.rest module is required but not importable.
2025-10-01T17:07:57.724831 ILPT [daily]: polygon_api.rest module is required but not importable.
2025-10-01T17:07:57.724831 IMAB [daily]: polygon_api.rest module is required but not importable.
2025-10-01T17:07:57.724831 IMAX [daily]: polygon_api.rest module is required but not importable.
2025-10-01T17:07:57.724831 IMCR [daily]: polygon_api.rest module is required but not importable.
2025-10-01T17:07:57.724831 IMKTA [daily]: polygon_api.rest module is required but not importable.
2025-10-01T17:07:57.724831 IMNM [daily]: polygon_api.rest module is required but not importable.
2025-10-01T17:07:57.724831 IMOS [daily]: polygon_api.rest module is required but not importable.
2025-10-01T17:07:57.724831 IMRX [daily]: polygon_api.rest module is required but not importable.
2025-10-01T17:07:57.724831 IMTX [daily]: polygon_api.rest module is required but not importable.
2025-10-01T17:07:57.724831 IMXI [daily]: polygon_api.rest module is required but not importable.
2025-10-01T17:07:57.724831 INBX [daily]: polygon_api.rest module is required but not importable.
2025-10-01T17:07:57.724831 INDI [daily]: polygon_api.rest module is required but not importable.
2025-10-01T17:07:57.724831 INMD [daily]: polygon_api.rest module is required but not importable.
2025-10-01T17:07:57.724831 INN [daily]: polygon_api.rest module is required but not importable.
2025-10-01T17:07:57.724831 INNV [daily]: polygon_api.rest module is required but not importable.
2025-10-01T17:07:57.724831 INR [daily]: polygon_api.rest module is required but not importable.
2025-10-01T17:07:57.724831 INV [daily]: polygon_api.rest module is required but not importable.
2025-10-01T17:07:57.724831 INVA [daily]: polygon_api.rest module is required but not importable.
2025-10-01T17:07:57.724831 INVX [daily]: polygon_api.rest module is required but not importable.
2025-10-01T17:07:57.724831 INVZ [daily]: polygon_api.rest module is required but not importable.
2025-10-01T17:07:57.724831 IOSP [daily]: polygon_api.rest module is required but not importable.
2025-10-01T17:07:57.724831 IOVA [daily]: polygon_api.rest module is required but not importable.
2025-10-01T17:07:57.724831 IPCX [daily]: polygon_api.rest module is required but not importable.
2025-10-01T17:07:57.724831 IPI [daily]: polygon_api.rest module is required but not importable.
2025-10-01T17:07:57.724831 IPX [daily]: polygon_api.rest module is required but not importable.
2025-10-01T17:07:57.724831 IQ [daily]: polygon_api.rest module is required but not importable.
2025-10-01T17:07:57.724831 IQI [daily]: polygon_api.rest module is required but not importable.
2025-10-01T17:07:57.724831 IRDM [daily]: polygon_api.rest module is required but not importable.
2025-10-01T17:07:57.724831 IRMD [daily]: polygon_api.rest module is required but not importable.
2025-10-01T17:07:57.724831 IRS [daily]: polygon_api.rest module is required but not importable.
2025-10-01T17:07:57.724831 ISD [daily]: polygon_api.rest module is required but not importable.
2025-10-01T17:07:57.724831 ISOU [daily]: polygon_api.rest module is required but not importable.
2025-10-01T17:07:57.724831 ITIC [daily]: polygon_api.rest module is required but not importable.
2025-10-01T17:07:57.724831 ITRG [daily]: polygon_api.rest module is required but not importable.
2025-10-01T17:07:57.724831 ITRN [daily]: polygon_api.rest module is required but not importable.
2025-10-01T17:07:57.724831 IVA [daily]: polygon_api.rest module is required but not importable.
2025-10-01T17:07:57.724831 IVR [daily]: polygon_api.rest module is required but not importable.
2025-10-01T17:07:57.724831 JACK [daily]: polygon_api.rest module is required but not importable.
2025-10-01T17:07:57.724831 JAMF [daily]: polygon_api.rest module is required but not importable.
2025-10-01T17:07:57.724831 JANX [daily]: polygon_api.rest module is required but not importable.
2025-10-01T17:07:57.724831 JBGS [daily]: polygon_api.rest module is required but not importable.
2025-10-01T17:07:57.724831 JBI [daily]: polygon_api.rest module is required but not importable.
2025-10-01T17:07:57.724831 JBLU [daily]: polygon_api.rest module is required but not importable.
2025-10-01T17:07:57.724831 JBSS [daily]: polygon_api.rest module is required but not importable.
2025-10-01T17:07:57.724831 JCAP [daily]: polygon_api.rest module is required but not importable.
2025-10-01T17:07:57.724831 JELD [daily]: polygon_api.rest module is required but not importable.
2025-10-01T17:07:57.724831 JFR [daily]: polygon_api.rest module is required but not importable.
2025-10-01T17:07:57.724831 JGH [daily]: polygon_api.rest module is required but not importable.
2025-10-01T17:07:57.724831 JJSF [daily]: polygon_api.rest module is required but not importable.
2025-10-01T17:07:57.724831 JKS [daily]: polygon_api.rest module is required but not importable.
2025-10-01T17:07:57.724831 JMIA [daily]: polygon_api.rest module is required but not importable.
2025-10-01T17:07:57.724831 JOUT [daily]: polygon_api.rest module is required but not importable.
2025-10-01T17:07:57.724831 JQC [daily]: polygon_api.rest module is required but not importable.
2025-10-01T17:07:57.724831 JRI [daily]: polygon_api.rest module is required but not importable.
2025-10-01T17:07:57.724831 KALU [daily]: polygon_api.rest module is required but not importable.
2025-10-01T17:07:57.724831 KALV [daily]: polygon_api.rest module is required but not importable.
2025-10-01T17:07:57.724831 KARO [daily]: polygon_api.rest module is required but not importable.
2025-10-01T17:07:57.724831 KBDC [daily]: polygon_api.rest module is required but not importable.
2025-10-01T17:07:57.724831 KCHV [daily]: polygon_api.rest module is required but not importable.
2025-10-01T17:07:57.724831 KDK [daily]: polygon_api.rest module is required but not importable.
2025-10-01T17:07:57.724831 KE [daily]: polygon_api.rest module is required but not importable.
2025-10-01T17:07:57.724831 KELYA [daily]: polygon_api.rest module is required but not importable.
2025-10-01T17:07:57.724831 KFII [daily]: polygon_api.rest module is required but not importable.
2025-10-01T17:07:57.724831 KFRC [daily]: polygon_api.rest module is required but not importable.
2025-10-01T17:07:57.724831 KFS [daily]: polygon_api.rest module is required but not importable.
2025-10-01T17:07:57.724831 KIDS [daily]: polygon_api.rest module is required but not importable.
2025-10-01T17:07:57.724831 KIO [daily]: polygon_api.rest module is required but not importable.
2025-10-01T17:07:57.724831 KLC [daily]: polygon_api.rest module is required but not importable.
2025-10-01T17:07:57.724831 KLG [daily]: polygon_api.rest module is required but not importable.
2025-10-01T17:07:57.724831 KMDA [daily]: polygon_api.rest module is required but not importable.
2025-10-01T17:07:57.724831 KMT [daily]: polygon_api.rest module is required but not importable.
2025-10-01T17:07:57.724831 KMTS [daily]: polygon_api.rest module is required but not importable.
2025-10-01T17:07:57.724831 KNOP [daily]: polygon_api.rest module is required but not importable.
2025-10-01T17:07:57.724831 KOD [daily]: polygon_api.rest module is required but not importable.
2025-10-01T17:07:57.724831 KODK [daily]: polygon_api.rest module is required but not importable.
2025-10-01T17:07:57.724831 KOP [daily]: polygon_api.rest module is required but not importable.
2025-10-01T17:07:57.724831 KOPN [daily]: polygon_api.rest module is required but not importable.
2025-10-01T17:07:57.724831 KOS [daily]: polygon_api.rest module is required but not importable.
2025-10-01T17:07:57.724831 KOYN [daily]: polygon_api.rest module is required but not importable.
2025-10-01T17:07:57.724831 KOYNU [daily]: polygon_api.rest module is required but not importable.
2025-10-01T17:07:57.724831 KREF [daily]: polygon_api.rest module is required but not importable.
2025-10-01T17:07:57.724831 KRNT [daily]: polygon_api.rest module is required but not importable.
2025-10-01T17:07:57.724831 KRNY [daily]: polygon_api.rest module is required but not importable.
2025-10-01T17:07:57.724831 KRO [daily]: polygon_api.rest module is required but not importable.
2025-10-01T17:07:57.724831 KROS [daily]: polygon_api.rest module is required but not importable.
2025-10-01T17:07:57.724831 KRP [daily]: polygon_api.rest module is required but not importable.
2025-10-01T17:07:57.724831 KRRO [daily]: polygon_api.rest module is required but not importable.
2025-10-01T17:07:57.724831 KRT [daily]: polygon_api.rest module is required but not importable.
2025-10-01T17:07:57.724831 KRUS [daily]: polygon_api.rest module is required but not importable.
2025-10-01T17:07:57.724831 KSS [daily]: polygon_api.rest module is required but not importable.
2025-10-01T17:07:57.724831 KTF [daily]: polygon_api.rest module is required but not importable.
2025-10-01T17:07:57.724831 KURA [daily]: polygon_api.rest module is required but not importable.
2025-10-01T17:07:57.724831 KW [daily]: polygon_api.rest module is required but not importable.
2025-10-01T17:07:57.724831 LAB [daily]: polygon_api.rest module is required but not importable.
2025-10-01T17:07:57.724831 LAC [daily]: polygon_api.rest module is required but not importable.
2025-10-01T17:07:57.724831 LADR [daily]: polygon_api.rest module is required but not importable.
2025-10-01T17:07:57.724831 LAES [daily]: polygon_api.rest module is required but not importable.
2025-10-01T17:07:57.724831 LAND [daily]: polygon_api.rest module is required but not importable.
2025-10-01T17:07:57.724831 LAR [daily]: polygon_api.rest module is required but not importable.
2025-10-01T17:07:57.724831 LASR [daily]: polygon_api.rest module is required but not importable.
2025-10-01T17:07:57.724831 LAW [daily]: polygon_api.rest module is required but not importable.
2025-10-01T17:07:57.724831 LBRX [daily]: polygon_api.rest module is required but not importable.
2025-10-01T17:07:57.724831 LC [daily]: polygon_api.rest module is required but not importable.
2025-10-01T17:07:57.724831 LCTX [daily]: polygon_api.rest module is required but not importable.
2025-10-01T17:07:57.724831 LDI [daily]: polygon_api.rest module is required but not importable.
2025-10-01T17:07:57.724831 LDP [daily]: polygon_api.rest module is required but not importable.
2025-10-01T17:07:57.724831 LE [daily]: polygon_api.rest module is required but not importable.
2025-10-01T17:07:57.724831 LEG [daily]: polygon_api.rest module is required but not importable.
2025-10-01T17:07:57.724831 LEGH [daily]: polygon_api.rest module is required but not importable.
2025-10-01T17:07:57.724831 LENZ [daily]: polygon_api.rest module is required but not importable.
2025-10-01T17:07:57.724831 LEO [daily]: polygon_api.rest module is required but not importable.
2025-10-01T17:07:57.724831 LFMD [daily]: polygon_api.rest module is required but not importable.
2025-10-01T17:07:57.724831 LGIH [daily]: polygon_api.rest module is required but not importable.
2025-10-01T17:07:57.724831 LILA [daily]: polygon_api.rest module is required but not importable.
2025-10-01T17:07:57.724831 LILAK [daily]: polygon_api.rest module is required but not importable.
2025-10-01T17:07:57.724831 LINC [daily]: polygon_api.rest module is required but not importable.
2025-10-01T17:07:57.724831 LIND [daily]: polygon_api.rest module is required but not importable.
2025-10-01T17:07:57.724831 LKFN [daily]: polygon_api.rest module is required but not importable.
2025-10-01T17:07:57.724831 LMAT [daily]: polygon_api.rest module is required but not importable.
2025-10-01T17:07:57.724831 LMB [daily]: polygon_api.rest module is required but not importable.
2025-10-01T17:07:57.724831 LND [daily]: polygon_api.rest module is required but not importable.
2025-10-01T17:07:57.724831 LNN [daily]: polygon_api.rest module is required but not importable.
2025-10-01T17:07:57.724831 LOB [daily]: polygon_api.rest module is required but not importable.
2025-10-01T17:07:57.724831 LOMA [daily]: polygon_api.rest module is required but not importable.
2025-10-01T17:07:57.724831 LOT [daily]: polygon_api.rest module is required but not importable.
2025-10-01T17:07:57.724831 LPAA [daily]: polygon_api.rest module is required but not importable.
2025-10-01T17:07:57.724831 LPBB [daily]: polygon_api.rest module is required but not importable.
2025-10-01T17:07:57.724831 LPG [daily]: polygon_api.rest module is required but not importable.
2025-10-01T17:07:57.724831 LPTH [daily]: polygon_api.rest module is required but not importable.
2025-10-01T17:07:57.724831 LQDA [daily]: polygon_api.rest module is required but not importable.
2025-10-01T17:07:57.724831 LQDT [daily]: polygon_api.rest module is required but not importable.
2025-10-01T17:07:57.724831 LRMR [daily]: polygon_api.rest module is required but not importable.
2025-10-01T17:07:57.724831 LSAK [daily]: polygon_api.rest module is required but not importable.
2025-10-01T17:07:57.724831 LSPD [daily]: polygon_api.rest module is required but not importable.
2025-10-01T17:07:57.724831 LTBR [daily]: polygon_api.rest module is required but not importable.
2025-10-01T17:07:57.724831 LTC [daily]: polygon_api.rest module is required but not importable.
2025-10-01T17:07:57.724831 LUCK [daily]: polygon_api.rest module is required but not importable.
2025-10-01T17:07:57.724831 LUNR [daily]: polygon_api.rest module is required but not importable.
2025-10-01T17:07:57.724831 LUXE [daily]: polygon_api.rest module is required but not importable.
2025-10-01T17:07:57.724831 LVWR [daily]: polygon_api.rest module is required but not importable.
2025-10-01T17:07:57.724831 LWAY [daily]: polygon_api.rest module is required but not importable.
2025-10-01T17:07:57.724831 LWLG [daily]: polygon_api.rest module is required but not importable.
2025-10-01T17:07:57.724831 LX [daily]: polygon_api.rest module is required but not importable.
2025-10-01T17:07:57.724831 LXEO [daily]: polygon_api.rest module is required but not importable.
2025-10-01T17:07:57.724831 LXFR [daily]: polygon_api.rest module is required but not importable.
2025-10-01T17:07:57.724831 LXRX [daily]: polygon_api.rest module is required but not importable.
2025-10-01T17:07:57.724831 LXU [daily]: polygon_api.rest module is required but not importable.
2025-10-01T17:07:57.724831 LYEL [daily]: polygon_api.rest module is required but not importable.
2025-10-01T17:07:57.724831 LYTS [daily]: polygon_api.rest module is required but not importable.
2025-10-01T17:07:57.724831 LZ [daily]: polygon_api.rest module is required but not importable.
2025-10-01T17:07:57.724831 LZB [daily]: polygon_api.rest module is required but not importable.
2025-10-01T17:07:57.724831 LZM [daily]: polygon_api.rest module is required but not importable.
2025-10-01T17:07:57.724831 LZMH [daily]: polygon_api.rest module is required but not importable.
2025-10-01T17:07:57.724831 MAAS [daily]: polygon_api.rest module is required but not importable.
2025-10-01T17:07:57.724831 MAGN [daily]: polygon_api.rest module is required but not importable.
2025-10-01T17:07:57.724831 MAMA [daily]: polygon_api.rest module is required but not importable.
2025-10-01T17:07:57.724831 MAN [daily]: polygon_api.rest module is required but not importable.
2025-10-01T17:07:57.724831 MASS [daily]: polygon_api.rest module is required but not importable.
2025-10-01T17:07:57.724831 MATV [daily]: polygon_api.rest module is required but not importable.
2025-10-01T17:07:57.724831 MATW [daily]: polygon_api.rest module is required but not importable.
2025-10-01T17:07:57.724831 MAX [daily]: polygon_api.rest module is required but not importable.
2025-10-01T17:07:57.724831 MAZE [daily]: polygon_api.rest module is required but not importable.
2025-10-01T17:07:57.724831 MBAV [daily]: polygon_api.rest module is required but not importable.
2025-10-01T17:07:57.724831 MBC [daily]: polygon_api.rest module is required but not importable.
2025-10-01T17:07:57.724831 MBI [daily]: polygon_api.rest module is required but not importable.
2025-10-01T17:07:57.724831 MBIN [daily]: polygon_api.rest module is required but not importable.
2025-10-01T17:07:57.724831 MBUU [daily]: polygon_api.rest module is required but not importable.
2025-10-01T17:07:57.724831 MBVIU [daily]: polygon_api.rest module is required but not importable.
2025-10-01T17:07:57.724831 MBWM [daily]: polygon_api.rest module is required but not importable.
2025-10-01T17:07:57.724831 MBX [daily]: polygon_api.rest module is required but not importable.
2025-10-01T17:07:57.724831 MCB [daily]: polygon_api.rest module is required but not importable.
2025-10-01T17:07:57.724831 MCBS [daily]: polygon_api.rest module is required but not importable.
2025-10-01T17:07:57.724831 MCFT [daily]: polygon_api.rest module is required but not importable.
2025-10-01T17:07:57.724831 MCI [daily]: polygon_api.rest module is required but not importable.
2025-10-01T17:07:57.724831 MCRI [daily]: polygon_api.rest module is required but not importable.
2025-10-01T17:07:57.724831 MCS [daily]: polygon_api.rest module is required but not importable.
2025-10-01T17:07:57.724831 MCW [daily]: polygon_api.rest module is required but not importable.
2025-10-01T17:07:57.724831 MD [daily]: polygon_api.rest module is required but not importable.
2025-10-01T17:07:57.724831 MDXG [daily]: polygon_api.rest module is required but not importable.
2025-10-01T17:07:57.724831 MEG [daily]: polygon_api.rest module is required but not importable.
2025-10-01T17:07:57.724831 MEGI [daily]: polygon_api.rest module is required but not importable.
2025-10-01T17:07:57.724831 MFA [daily]: polygon_api.rest module is required but not importable.
2025-10-01T17:07:57.724831 MFH [daily]: polygon_api.rest module is required but not importable.
2025-10-01T17:07:57.724831 MFIC [daily]: polygon_api.rest module is required but not importable.
2025-10-01T17:07:57.724831 MG [daily]: polygon_api.rest module is required but not importable.
2025-10-01T17:07:57.724831 MGIC [daily]: polygon_api.rest module is required but not importable.
2025-10-01T17:07:57.724831 MGPI [daily]: polygon_api.rest module is required but not importable.
2025-10-01T17:07:57.724831 MGTX [daily]: polygon_api.rest module is required but not importable.
2025-10-01T17:07:57.724831 MHD [daily]: polygon_api.rest module is required but not importable.
2025-10-01T17:07:57.724831 MHN [daily]: polygon_api.rest module is required but not importable.
2025-10-01T17:07:57.724831 MIN [daily]: polygon_api.rest module is required but not importable.
2025-10-01T17:07:57.724831 MITK [daily]: polygon_api.rest module is required but not importable.
2025-10-01T17:07:57.724831 MIY [daily]: polygon_api.rest module is required but not importable.
2025-10-01T17:07:57.724831 MLAB [daily]: polygon_api.rest module is required but not importable.
2025-10-01T17:07:57.724831 MLAC [daily]: polygon_api.rest module is required but not importable.
2025-10-01T17:07:57.724831 MLKN [daily]: polygon_api.rest module is required but not importable.
2025-10-01T17:07:57.724831 MLNK [daily]: polygon_api.rest module is required but not importable.
2025-10-01T17:07:57.724831 MLP [daily]: polygon_api.rest module is required but not importable.
2025-10-01T17:07:57.724831 MLR [daily]: polygon_api.rest module is required but not importable.
2025-10-01T17:07:57.724831 MLTX [daily]: polygon_api.rest module is required but not importable.
2025-10-01T17:07:57.724831 MMI [daily]: polygon_api.rest module is required but not importable.
2025-10-01T17:07:57.724831 MMU [daily]: polygon_api.rest module is required but not importable.
2025-10-01T17:07:57.724831 MNKD [daily]: polygon_api.rest module is required but not importable.
2025-10-01T17:07:57.724831 MNMD [daily]: polygon_api.rest module is required but not importable.
2025-10-01T17:07:57.724831 MNPR [daily]: polygon_api.rest module is required but not importable.
2025-10-01T17:07:57.724831 MNR [daily]: polygon_api.rest module is required but not importable.
2025-10-01T17:07:57.724831 MNRO [daily]: polygon_api.rest module is required but not importable.
2025-10-01T17:07:57.724831 MNTN [daily]: polygon_api.rest module is required but not importable.
2025-10-01T17:07:57.724831 MODG [daily]: polygon_api.rest module is required but not importable.
2025-10-01T17:07:57.724831 MOFG [daily]: polygon_api.rest module is required but not importable.
2025-10-01T17:07:57.724831 MOMO [daily]: polygon_api.rest module is required but not importable.
2025-10-01T17:07:57.724831 MPAA [daily]: polygon_api.rest module is required but not importable.
2025-10-01T17:07:57.724831 MPB [daily]: polygon_api.rest module is required but not importable.
2025-10-01T17:07:57.724831 MPX [daily]: polygon_api.rest module is required but not importable.
2025-10-01T17:07:57.724831 MQY [daily]: polygon_api.rest module is required but not importable.
2025-10-01T17:07:57.724831 MRC [daily]: polygon_api.rest module is required but not importable.
2025-10-01T17:07:57.724831 MREO [daily]: polygon_api.rest module is required but not importable.
2025-10-01T17:07:57.724831 MRTN [daily]: polygon_api.rest module is required but not importable.
2025-10-01T17:07:57.724831 MRVI [daily]: polygon_api.rest module is required but not importable.
2025-10-01T17:07:57.724831 MSB [daily]: polygon_api.rest module is required but not importable.
2025-10-01T17:07:57.724831 MSBI [daily]: polygon_api.rest module is required but not importable.
2025-10-01T17:07:57.724831 MSC [daily]: polygon_api.rest module is required but not importable.
2025-10-01T17:07:57.724831 MSDL [daily]: polygon_api.rest module is required but not importable.
2025-10-01T17:07:57.724831 MSEX [daily]: polygon_api.rest module is required but not importable.
2025-10-01T17:07:57.724831 MSIF [daily]: polygon_api.rest module is required but not importable.
2025-10-01T17:07:57.724831 MTA [daily]: polygon_api.rest module is required but not importable.
2025-10-01T17:07:57.724831 MTAL [daily]: polygon_api.rest module is required but not importable.
2025-10-01T17:07:57.724831 MTLS [daily]: polygon_api.rest module is required but not importable.
2025-10-01T17:07:57.724831 MTRX [daily]: polygon_api.rest module is required but not importable.
2025-10-01T17:07:57.724831 MTUS [daily]: polygon_api.rest module is required but not importable.
2025-10-01T17:07:57.724831 MTW [daily]: polygon_api.rest module is required but not importable.
2025-10-01T17:07:57.724831 MTX [daily]: polygon_api.rest module is required but not importable.
2025-10-01T17:07:57.724831 MUA [daily]: polygon_api.rest module is required but not importable.
2025-10-01T17:07:57.724831 MUC [daily]: polygon_api.rest module is required but not importable.
2025-10-01T17:07:57.724831 MUJ [daily]: polygon_api.rest module is required but not importable.
2025-10-01T17:07:57.724831 MUX [daily]: polygon_api.rest module is required but not importable.
2025-10-01T17:07:57.724831 MVBF [daily]: polygon_api.rest module is required but not importable.
2025-10-01T17:07:57.724831 MVF [daily]: polygon_api.rest module is required but not importable.
2025-10-01T17:07:57.724831 MVIS [daily]: polygon_api.rest module is required but not importable.
2025-10-01T17:07:57.724831 MVST [daily]: polygon_api.rest module is required but not importable.
2025-10-01T17:07:57.724831 MXL [daily]: polygon_api.rest module is required but not importable.
2025-10-01T17:07:57.724831 MYD [daily]: polygon_api.rest module is required but not importable.
2025-10-01T17:07:57.724831 MYE [daily]: polygon_api.rest module is required but not importable.
2025-10-01T17:07:57.724831 MYGN [daily]: polygon_api.rest module is required but not importable.
2025-10-01T17:07:57.724831 MYI [daily]: polygon_api.rest module is required but not importable.
2025-10-01T17:07:57.724831 MYN [daily]: polygon_api.rest module is required but not importable.
2025-10-01T17:07:57.724831 NABL [daily]: polygon_api.rest module is required but not importable.
2025-10-01T17:07:57.724831 NAC [daily]: polygon_api.rest module is required but not importable.
2025-10-01T17:07:57.724831 NAGE [daily]: polygon_api.rest module is required but not importable.
2025-10-01T17:07:57.724831 NAK [daily]: polygon_api.rest module is required but not importable.
2025-10-01T17:07:57.724831 NAKA [daily]: polygon_api.rest module is required but not importable.
2025-10-01T17:07:57.724831 NAN [daily]: polygon_api.rest module is required but not importable.
2025-10-01T17:07:57.724831 NAT [daily]: polygon_api.rest module is required but not importable.
2025-10-01T17:07:57.724831 NATH [daily]: polygon_api.rest module is required but not importable.
2025-10-01T17:07:57.724831 NAVI [daily]: polygon_api.rest module is required but not importable.
2025-10-01T17:07:57.724831 NB [daily]: polygon_api.rest module is required but not importable.
2025-10-01T17:07:57.724831 NBB [daily]: polygon_api.rest module is required but not importable.
2025-10-01T17:07:57.724831 NBBK [daily]: polygon_api.rest module is required but not importable.
2025-10-01T17:07:57.724831 NBH [daily]: polygon_api.rest module is required but not importable.
2025-10-01T17:07:57.724831 NBHC [daily]: polygon_api.rest module is required but not importable.
2025-10-01T17:07:57.724831 NBN [daily]: polygon_api.rest module is required but not importable.
2025-10-01T17:07:57.724831 NBR [daily]: polygon_api.rest module is required but not importable.
2025-10-01T17:07:57.724831 NBTX [daily]: polygon_api.rest module is required but not importable.
2025-10-01T17:07:57.724831 NBXG [daily]: polygon_api.rest module is required but not importable.
2025-10-01T17:07:57.724831 NC [daily]: polygon_api.rest module is required but not importable.
2025-10-01T17:07:57.724831 NCDL [daily]: polygon_api.rest module is required but not importable.
2025-10-01T17:07:57.724831 NCMI [daily]: polygon_api.rest module is required but not importable.
2025-10-01T17:07:57.724831 NCV [daily]: polygon_api.rest module is required but not importable.
2025-10-01T17:07:57.724831 NDMO [daily]: polygon_api.rest module is required but not importable.
2025-10-01T17:07:57.724831 NEGG [daily]: polygon_api.rest module is required but not importable.
2025-10-01T17:07:57.724831 NEO [daily]: polygon_api.rest module is required but not importable.
2025-10-01T17:07:57.724831 NEOG [daily]: polygon_api.rest module is required but not importable.
2025-10-01T17:07:57.724831 NESR [daily]: polygon_api.rest module is required but not importable.
2025-10-01T17:07:57.724831 NEWP [daily]: polygon_api.rest module is required but not importable.
2025-10-01T17:07:57.724831 NEXA [daily]: polygon_api.rest module is required but not importable.
2025-10-01T17:07:57.724831 NEXN [daily]: polygon_api.rest module is required but not importable.
2025-10-01T17:07:57.724831 NEXT [daily]: polygon_api.rest module is required but not importable.
2025-10-01T17:07:57.724831 NFBK [daily]: polygon_api.rest module is required but not importable.
2025-10-01T17:07:57.724831 NFE [daily]: polygon_api.rest module is required but not importable.
2025-10-01T17:07:57.724831 NFGC [daily]: polygon_api.rest module is required but not importable.
2025-10-01T17:07:57.724831 NFJ [daily]: polygon_api.rest module is required but not importable.
2025-10-01T17:07:57.724831 NGL [daily]: polygon_api.rest module is required but not importable.
2025-10-01T17:07:57.724831 NGS [daily]: polygon_api.rest module is required but not importable.
2025-10-01T17:07:57.724831 NGVC [daily]: polygon_api.rest module is required but not importable.
2025-10-01T17:07:57.724831 NGVT [daily]: polygon_api.rest module is required but not importable.
2025-10-01T17:07:57.724831 NHC [daily]: polygon_api.rest module is required but not importable.
2025-10-01T17:07:57.724831 NIC [daily]: polygon_api.rest module is required but not importable.
2025-10-01T17:07:57.724831 NIE [daily]: polygon_api.rest module is required but not importable.
2025-10-01T17:07:57.724831 NIU [daily]: polygon_api.rest module is required but not importable.
2025-10-01T17:07:57.724831 NKTR [daily]: polygon_api.rest module is required but not importable.
2025-10-01T17:07:57.724831 NKX [daily]: polygon_api.rest module is required but not importable.
2025-10-01T17:07:57.724831 NL [daily]: polygon_api.rest module is required but not importable.
2025-10-01T17:07:57.724831 NLOP [daily]: polygon_api.rest module is required but not importable.
2025-10-01T17:07:57.724831 NMAI [daily]: polygon_api.rest module is required but not importable.
2025-10-01T17:07:57.724831 NMAX [daily]: polygon_api.rest module is required but not importable.
2025-10-01T17:07:57.724831 NMCO [daily]: polygon_api.rest module is required but not importable.
2025-10-01T17:07:57.724831 NMFC [daily]: polygon_api.rest module is required but not importable.
2025-10-01T17:07:57.724831 NMG [daily]: polygon_api.rest module is required but not importable.
2025-10-01T17:07:57.724831 NML [daily]: polygon_api.rest module is required but not importable.
2025-10-01T17:07:57.724831 NMM [daily]: polygon_api.rest module is required but not importable.
2025-10-01T17:07:57.724831 NMZ [daily]: polygon_api.rest module is required but not importable.
2025-10-01T17:07:57.724831 NN [daily]: polygon_api.rest module is required but not importable.
2025-10-01T17:07:57.724831 NNDM [daily]: polygon_api.rest module is required but not importable.
2025-10-01T17:07:57.724831 NNE [daily]: polygon_api.rest module is required but not importable.
2025-10-01T17:07:57.724831 NOA [daily]: polygon_api.rest module is required but not importable.
2025-10-01T17:07:57.724831 NOAH [daily]: polygon_api.rest module is required but not importable.
2025-10-01T17:07:57.724831 NPAC [daily]: polygon_api.rest module is required but not importable.
2025-10-01T17:07:57.724831 NPB [daily]: polygon_api.rest module is required but not importable.
2025-10-01T17:07:57.724831 NPCE [daily]: polygon_api.rest module is required but not importable.
2025-10-01T17:07:57.724831 NPCT [daily]: polygon_api.rest module is required but not importable.
2025-10-01T17:07:57.724831 NPFD [daily]: polygon_api.rest module is required but not importable.
2025-10-01T17:07:57.724831 NPK [daily]: polygon_api.rest module is required but not importable.
2025-10-01T17:07:57.724831 NPKI [daily]: polygon_api.rest module is required but not importable.
2025-10-01T17:07:57.724831 NPWR [daily]: polygon_api.rest module is required but not importable.
2025-10-01T17:07:57.724831 NQP [daily]: polygon_api.rest module is required but not importable.
2025-10-01T17:07:57.724831 NRDS [daily]: polygon_api.rest module is required but not importable.
2025-10-01T17:07:57.724831 NRGV [daily]: polygon_api.rest module is required but not importable.
2025-10-01T17:07:57.724831 NRIM [daily]: polygon_api.rest module is required but not importable.
2025-10-01T17:07:57.724831 NRIX [daily]: polygon_api.rest module is required but not importable.
2025-10-01T17:07:57.724831 NRK [daily]: polygon_api.rest module is required but not importable.
2025-10-01T17:07:57.724831 NRP [daily]: polygon_api.rest module is required but not importable.
2025-10-01T17:07:57.724831 NSP [daily]: polygon_api.rest module is required but not importable.
2025-10-01T17:07:57.724831 NSSC [daily]: polygon_api.rest module is required but not importable.
2025-10-01T17:07:57.724831 NTB [daily]: polygon_api.rest module is required but not importable.
2025-10-01T17:07:57.724831 NTCT [daily]: polygon_api.rest module is required but not importable.
2025-10-01T17:07:57.724831 NTGR [daily]: polygon_api.rest module is required but not importable.
2025-10-01T17:07:57.724831 NTLA [daily]: polygon_api.rest module is required but not importable.
2025-10-01T17:07:57.724831 NTST [daily]: polygon_api.rest module is required but not importable.
2025-10-01T17:07:57.724831 NUS [daily]: polygon_api.rest module is required but not importable.
2025-10-01T17:07:57.724831 NUTX [daily]: polygon_api.rest module is required but not importable.
2025-10-01T17:07:57.724831 NUV [daily]: polygon_api.rest module is required but not importable.
2025-10-01T17:07:57.724831 NUVB [daily]: polygon_api.rest module is required but not importable.
2025-10-01T17:07:57.724831 NVAX [daily]: polygon_api.rest module is required but not importable.
2025-10-01T17:07:57.724831 NVCR [daily]: polygon_api.rest module is required but not importable.
2025-10-01T17:07:57.724831 NVEC [daily]: polygon_api.rest module is required but not importable.
2025-10-01T17:07:57.724831 NVGS [daily]: polygon_api.rest module is required but not importable.
2025-10-01T17:07:57.724831 NVRI [daily]: polygon_api.rest module is required but not importable.
2025-10-01T17:07:57.724831 NVTS [daily]: polygon_api.rest module is required but not importable.
2025-10-01T17:07:57.724831 NWBI [daily]: polygon_api.rest module is required but not importable.
2025-10-01T17:07:57.724831 NWN [daily]: polygon_api.rest module is required but not importable.
2025-10-01T17:07:57.724831 NWPX [daily]: polygon_api.rest module is required but not importable.
2025-10-01T17:07:57.724831 NX [daily]: polygon_api.rest module is required but not importable.
2025-10-01T17:07:57.724831 NXDR [daily]: polygon_api.rest module is required but not importable.
2025-10-01T17:07:57.724831 NXJ [daily]: polygon_api.rest module is required but not importable.
2025-10-01T17:07:57.724831 NXP [daily]: polygon_api.rest module is required but not importable.
2025-10-01T17:07:57.724831 NXRT [daily]: polygon_api.rest module is required but not importable.
2025-10-01T17:07:57.724831 NYAX [daily]: polygon_api.rest module is required but not importable.
2025-10-01T17:07:57.724831 OBE [daily]: polygon_api.rest module is required but not importable.
2025-10-01T17:07:57.724831 OBK [daily]: polygon_api.rest module is required but not importable.
2025-10-01T17:07:57.724831 OBT [daily]: polygon_api.rest module is required but not importable.
2025-10-01T17:07:57.724831 OCFC [daily]: polygon_api.rest module is required but not importable.
2025-10-01T17:07:57.724831 OCGN [daily]: polygon_api.rest module is required but not importable.
2025-10-01T17:07:57.724831 OCS [daily]: polygon_api.rest module is required but not importable.
2025-10-01T17:07:57.724831 OCSL [daily]: polygon_api.rest module is required but not importable.
2025-10-01T17:07:57.724831 OCUL [daily]: polygon_api.rest module is required but not importable.
2025-10-01T17:07:57.724831 ODC [daily]: polygon_api.rest module is required but not importable.
2025-10-01T17:07:57.724831 ODP [daily]: polygon_api.rest module is required but not importable.
2025-10-01T17:07:57.724831 ODV [daily]: polygon_api.rest module is required but not importable.
2025-10-01T17:07:57.724831 OEC [daily]: polygon_api.rest module is required but not importable.
2025-10-01T17:07:57.724831 OFG [daily]: polygon_api.rest module is required but not importable.
2025-10-01T17:07:57.724831 OFIX [daily]: polygon_api.rest module is required but not importable.
2025-10-01T17:07:57.724831 OFLX [daily]: polygon_api.rest module is required but not importable.
2025-10-01T17:07:57.724831 OIS [daily]: polygon_api.rest module is required but not importable.
2025-10-01T17:07:57.724831 OLMA [daily]: polygon_api.rest module is required but not importable.
2025-10-01T17:07:57.724831 OLP [daily]: polygon_api.rest module is required but not importable.
2025-10-01T17:07:57.724831 OLPX [daily]: polygon_api.rest module is required but not importable.
2025-10-01T17:07:57.724831 OMCL [daily]: polygon_api.rest module is required but not importable.
2025-10-01T17:07:57.724831 OMDA [daily]: polygon_api.rest module is required but not importable.
2025-10-01T17:07:57.724831 OMI [daily]: polygon_api.rest module is required but not importable.
2025-10-01T17:07:57.724831 ONIT [daily]: polygon_api.rest module is required but not importable.
2025-10-01T17:07:57.724831 OOMA [daily]: polygon_api.rest module is required but not importable.
2025-10-01T17:07:57.724831 OPAL [daily]: polygon_api.rest module is required but not importable.
2025-10-01T17:07:57.724831 OPFI [daily]: polygon_api.rest module is required but not importable.
2025-10-01T17:07:57.724831 OPK [daily]: polygon_api.rest module is required but not importable.
2025-10-01T17:07:57.724831 OPRA [daily]: polygon_api.rest module is required but not importable.
2025-10-01T17:07:57.724831 OPRX [daily]: polygon_api.rest module is required but not importable.
2025-10-01T17:07:57.724831 OPY [daily]: polygon_api.rest module is required but not importable.
2025-10-01T17:07:57.724831 ORC [daily]: polygon_api.rest module is required but not importable.
2025-10-01T17:07:57.724831 ORGO [daily]: polygon_api.rest module is required but not importable.
2025-10-01T17:07:57.724831 ORIC [daily]: polygon_api.rest module is required but not importable.
2025-10-01T17:07:57.724831 ORKA [daily]: polygon_api.rest module is required but not importable.
2025-10-01T17:07:57.724831 ORN [daily]: polygon_api.rest module is required but not importable.
2025-10-01T17:07:57.724831 ORRF [daily]: polygon_api.rest module is required but not importable.
2025-10-01T17:07:57.724831 OSBC [daily]: polygon_api.rest module is required but not importable.
2025-10-01T17:07:57.724831 OSPN [daily]: polygon_api.rest module is required but not importable.
2025-10-01T17:07:57.724831 OTLY [daily]: polygon_api.rest module is required but not importable.
2025-10-01T17:07:57.724831 OUST [daily]: polygon_api.rest module is required but not importable.
2025-10-01T17:07:57.724831 OXLC [daily]: polygon_api.rest module is required but not importable.
2025-10-01T17:07:57.724831 OXM [daily]: polygon_api.rest module is required but not importable.
2025-10-01T17:07:57.724831 OYSE [daily]: polygon_api.rest module is required but not importable.
2025-10-01T17:07:57.724831 PACB [daily]: polygon_api.rest module is required but not importable.
2025-10-01T17:07:57.724831 PACH [daily]: polygon_api.rest module is required but not importable.
2025-10-01T17:07:57.724831 PACK [daily]: polygon_api.rest module is required but not importable.
2025-10-01T17:07:57.724831 PAHC [daily]: polygon_api.rest module is required but not importable.
2025-10-01T17:07:57.724831 PANL [daily]: polygon_api.rest module is required but not importable.
2025-10-01T17:07:57.724831 PAR [daily]: polygon_api.rest module is required but not importable.
2025-10-01T17:07:57.724831 PARR [daily]: polygon_api.rest module is required but not importable.
2025-10-01T17:07:57.724831 PAXS [daily]: polygon_api.rest module is required but not importable.
2025-10-01T17:07:57.724831 PAYS [daily]: polygon_api.rest module is required but not importable.
2025-10-01T17:07:57.724831 PBFS [daily]: polygon_api.rest module is required but not importable.
2025-10-01T17:07:57.724831 PBI [daily]: polygon_api.rest module is required but not importable.
2025-10-01T17:07:57.724831 PBPB [daily]: polygon_api.rest module is required but not importable.
2025-10-01T17:07:57.724831 PBT [daily]: polygon_api.rest module is required but not importable.
2025-10-01T17:07:57.724831 PCAP [daily]: polygon_api.rest module is required but not importable.
2025-10-01T17:07:57.724831 PCN [daily]: polygon_api.rest module is required but not importable.
2025-10-01T17:07:57.724831 PCRX [daily]: polygon_api.rest module is required but not importable.
2025-10-01T17:07:57.724831 PD [daily]: polygon_api.rest module is required but not importable.
2025-10-01T17:07:57.724831 PDFS [daily]: polygon_api.rest module is required but not importable.
2025-10-01T17:07:57.724831 PDLB [daily]: polygon_api.rest module is required but not importable.
2025-10-01T17:07:57.724831 PDM [daily]: polygon_api.rest module is required but not importable.
2025-10-01T17:07:57.724831 PDO [daily]: polygon_api.rest module is required but not importable.
2025-10-01T17:07:57.724831 PDS [daily]: polygon_api.rest module is required but not importable.
2025-10-01T17:07:57.724831 PDT [daily]: polygon_api.rest module is required but not importable.
2025-10-01T17:07:57.724831 PDX [daily]: polygon_api.rest module is required but not importable.
2025-10-01T17:07:57.724831 PDYN [daily]: polygon_api.rest module is required but not importable.
2025-10-01T17:07:57.724831 PEB [daily]: polygon_api.rest module is required but not importable.
2025-10-01T17:07:57.724831 PEBO [daily]: polygon_api.rest module is required but not importable.
2025-10-01T17:07:57.724831 PENG [daily]: polygon_api.rest module is required but not importable.
2025-10-01T17:07:57.724831 PEO [daily]: polygon_api.rest module is required but not importable.
2025-10-01T17:07:57.724831 PERI [daily]: polygon_api.rest module is required but not importable.
2025-10-01T17:07:57.724831 PFBC [daily]: polygon_api.rest module is required but not importable.
2025-10-01T17:07:57.724831 PFIS [daily]: polygon_api.rest module is required but not importable.
2025-10-01T17:07:57.724831 PFL [daily]: polygon_api.rest module is required but not importable.
2025-10-01T17:07:57.724831 PFLT [daily]: polygon_api.rest module is required but not importable.
2025-10-01T17:07:57.724831 PFN [daily]: polygon_api.rest module is required but not importable.
2025-10-01T17:07:57.724831 PGC [daily]: polygon_api.rest module is required but not importable.
2025-10-01T17:07:57.724831 PGEN [daily]: polygon_api.rest module is required but not importable.
2025-10-01T17:07:57.724831 PGNY [daily]: polygon_api.rest module is required but not importable.
2025-10-01T17:07:57.724831 PGRE [daily]: polygon_api.rest module is required but not importable.
2025-10-01T17:07:57.724831 PHAR [daily]: polygon_api.rest module is required but not importable.
2025-10-01T17:07:57.724831 PHAT [daily]: polygon_api.rest module is required but not importable.
2025-10-01T17:07:57.724831 PHK [daily]: polygon_api.rest module is required but not importable.
2025-10-01T17:07:57.724831 PHLT [daily]: polygon_api.rest module is required but not importable.
2025-10-01T17:07:57.724831 PHR [daily]: polygon_api.rest module is required but not importable.
2025-10-01T17:07:57.724831 PHVS [daily]: polygon_api.rest module is required but not importable.
2025-10-01T17:07:57.724831 PKE [daily]: polygon_api.rest module is required but not importable.
2025-10-01T17:07:57.724831 PKOH [daily]: polygon_api.rest module is required but not importable.
2025-10-01T17:07:57.724831 PKST [daily]: polygon_api.rest module is required but not importable.
2025-10-01T17:07:57.724831 PLAB [daily]: polygon_api.rest module is required but not importable.
2025-10-01T17:07:57.724831 PLAY [daily]: polygon_api.rest module is required but not importable.
2025-10-01T17:07:57.724831 PLBC [daily]: polygon_api.rest module is required but not importable.
2025-10-01T17:07:57.724831 PLOW [daily]: polygon_api.rest module is required but not importable.
2025-10-01T17:07:57.724831 PLPC [daily]: polygon_api.rest module is required but not importable.
2025-10-01T17:07:57.724831 PLSE [daily]: polygon_api.rest module is required but not importable.
2025-10-01T17:07:57.724831 PLTK [daily]: polygon_api.rest module is required but not importable.
2025-10-01T17:07:57.724831 PLUS [daily]: polygon_api.rest module is required but not importable.
2025-10-01T17:07:57.724831 PLYM [daily]: polygon_api.rest module is required but not importable.
2025-10-01T17:07:57.724831 PMI [daily]: polygon_api.rest module is required but not importable.
2025-10-01T17:07:57.724831 PML [daily]: polygon_api.rest module is required but not importable.
2025-10-01T17:07:57.724831 PMT [daily]: polygon_api.rest module is required but not importable.
2025-10-01T17:07:57.724831 PMTR [daily]: polygon_api.rest module is required but not importable.
2025-10-01T17:07:57.724831 PNNT [daily]: polygon_api.rest module is required but not importable.
2025-10-01T17:07:57.724831 PNTG [daily]: polygon_api.rest module is required but not importable.
2025-10-01T17:07:57.724831 POET [daily]: polygon_api.rest module is required but not importable.
2025-10-01T17:07:57.724831 POLE [daily]: polygon_api.rest module is required but not importable.
2025-10-01T17:07:57.724831 PPT [daily]: polygon_api.rest module is required but not importable.
2025-10-01T17:07:57.724831 PRA [daily]: polygon_api.rest module is required but not importable.
2025-10-01T17:07:57.724831 PRAA [daily]: polygon_api.rest module is required but not importable.
2025-10-01T17:07:57.724831 PRAX [daily]: polygon_api.rest module is required but not importable.
2025-10-01T17:07:57.724831 PRCH [daily]: polygon_api.rest module is required but not importable.
2025-10-01T17:07:57.724831 PRCT [daily]: polygon_api.rest module is required but not importable.
2025-10-01T17:07:57.724831 PRG [daily]: polygon_api.rest module is required but not importable.
2025-10-01T17:07:57.724831 PRGS [daily]: polygon_api.rest module is required but not importable.
2025-10-01T17:07:57.724831 PRLB [daily]: polygon_api.rest module is required but not importable.
2025-10-01T17:07:57.724831 PRME [daily]: polygon_api.rest module is required but not importable.
2025-10-01T17:07:57.724831 PRO [daily]: polygon_api.rest module is required but not importable.
2025-10-01T17:07:57.724831 PROK [daily]: polygon_api.rest module is required but not importable.
2025-10-01T17:07:57.724831 PRSU [daily]: polygon_api.rest module is required but not importable.
2025-10-01T17:07:57.724831 PRTA [daily]: polygon_api.rest module is required but not importable.
2025-10-01T17:07:57.724831 PRTC [daily]: polygon_api.rest module is required but not importable.
2025-10-01T17:07:57.724831 PRTH [daily]: polygon_api.rest module is required but not importable.
2025-10-01T17:07:57.724831 PSBD [daily]: polygon_api.rest module is required but not importable.
2025-10-01T17:07:57.724831 PSEC [daily]: polygon_api.rest module is required but not importable.
2025-10-01T17:07:57.724831 PSFE [daily]: polygon_api.rest module is required but not importable.
2025-10-01T17:07:57.724831 PSNL [daily]: polygon_api.rest module is required but not importable.
2025-10-01T17:07:57.724831 PSTL [daily]: polygon_api.rest module is required but not importable.
2025-10-01T17:07:57.724831 PTA [daily]: polygon_api.rest module is required but not importable.
2025-10-01T17:07:57.724831 PTLO [daily]: polygon_api.rest module is required but not importable.
2025-10-01T17:07:57.724831 PUBM [daily]: polygon_api.rest module is required but not importable.
2025-10-01T17:07:57.724831 PUMP [daily]: polygon_api.rest module is required but not importable.
2025-10-01T17:07:57.724831 PVLA [daily]: polygon_api.rest module is required but not importable.
2025-10-01T17:07:57.724831 PWP [daily]: polygon_api.rest module is required but not importable.
2025-10-01T17:07:57.724831 PX [daily]: polygon_api.rest module is required but not importable.
2025-10-01T17:07:57.724831 PZZA [daily]: polygon_api.rest module is required but not importable.
2025-10-01T17:07:57.724831 QCRH [daily]: polygon_api.rest module is required but not importable.
2025-10-01T17:07:57.724831 QD [daily]: polygon_api.rest module is required but not importable.
2025-10-01T17:07:57.724831 QNST [daily]: polygon_api.rest module is required but not importable.
2025-10-01T17:07:57.724831 QQQX [daily]: polygon_api.rest module is required but not importable.
2025-10-01T17:07:57.724831 QSG [daily]: polygon_api.rest module is required but not importable.
2025-10-01T17:07:57.724831 QUAD [daily]: polygon_api.rest module is required but not importable.
2025-10-01T17:07:57.724831 RA [daily]: polygon_api.rest module is required but not importable.
2025-10-01T17:07:57.724831 RAMP [daily]: polygon_api.rest module is required but not importable.
2025-10-01T17:07:57.724831 RAPP [daily]: polygon_api.rest module is required but not importable.
2025-10-01T17:07:57.724831 RAPT [daily]: polygon_api.rest module is required but not importable.
2025-10-01T17:07:57.724831 RBB [daily]: polygon_api.rest module is required but not importable.
2025-10-01T17:07:57.724831 RBBN [daily]: polygon_api.rest module is required but not importable.
2025-10-01T17:07:57.724831 RBCAA [daily]: polygon_api.rest module is required but not importable.
2025-10-01T17:07:57.724831 RC [daily]: polygon_api.rest module is required but not importable.
2025-10-01T17:07:57.724831 RCAT [daily]: polygon_api.rest module is required but not importable.
2025-10-01T17:07:57.724831 RCKT [daily]: polygon_api.rest module is required but not importable.
2025-10-01T17:07:57.724831 RCS [daily]: polygon_api.rest module is required but not importable.
2025-10-01T17:07:57.724831 RCUS [daily]: polygon_api.rest module is required but not importable.
2025-10-01T17:07:57.724831 RDAG [daily]: polygon_api.rest module is required but not importable.
2025-10-01T17:07:57.724831 RDVT [daily]: polygon_api.rest module is required but not importable.
2025-10-01T17:07:57.724831 RDW [daily]: polygon_api.rest module is required but not importable.
2025-10-01T17:07:57.724831 RDWR [daily]: polygon_api.rest module is required but not importable.
2025-10-01T17:07:57.724831 REAL [daily]: polygon_api.rest module is required but not importable.
2025-10-01T17:07:57.724831 REAX [daily]: polygon_api.rest module is required but not importable.
2025-10-01T17:07:57.724831 REPL [daily]: polygon_api.rest module is required but not importable.
2025-10-01T17:07:57.724831 REPX [daily]: polygon_api.rest module is required but not importable.
2025-10-01T17:07:57.724831 RERE [daily]: polygon_api.rest module is required but not importable.
2025-10-01T17:07:57.724831 RES [daily]: polygon_api.rest module is required but not importable.
2025-10-01T17:07:57.724831 REX [daily]: polygon_api.rest module is required but not importable.
2025-10-01T17:07:57.724831 RFI [daily]: polygon_api.rest module is required but not importable.
2025-10-01T17:07:57.724831 RFMZ [daily]: polygon_api.rest module is required but not importable.
2025-10-01T17:07:57.724831 RGNX [daily]: polygon_api.rest module is required but not importable.
2025-10-01T17:07:57.724831 RGR [daily]: polygon_api.rest module is required but not importable.
2025-10-01T17:07:57.724831 RHLD [daily]: polygon_api.rest module is required but not importable.
2025-10-01T17:07:57.724831 RIGL [daily]: polygon_api.rest module is required but not importable.
2025-10-01T17:07:57.724831 RLAY [daily]: polygon_api.rest module is required but not importable.
2025-10-01T17:07:57.724831 RLJ [daily]: polygon_api.rest module is required but not importable.
2025-10-01T17:07:57.724831 RM [daily]: polygon_api.rest module is required but not importable.
2025-10-01T17:07:57.724831 RMAX [daily]: polygon_api.rest module is required but not importable.
2025-10-01T17:07:57.724831 RMNI [daily]: polygon_api.rest module is required but not importable.
2025-10-01T17:07:57.724831 RMR [daily]: polygon_api.rest module is required but not importable.
2025-10-01T17:07:57.724831 RMT [daily]: polygon_api.rest module is required but not importable.
2025-10-01T17:07:57.724831 RNGR [daily]: polygon_api.rest module is required but not importable.
2025-10-01T17:07:57.724831 RNP [daily]: polygon_api.rest module is required but not importable.
2025-10-01T17:07:57.724831 ROCK [daily]: polygon_api.rest module is required but not importable.
2025-10-01T17:07:57.724831 ROG [daily]: polygon_api.rest module is required but not importable.
2025-10-01T17:07:57.724831 ROOT [daily]: polygon_api.rest module is required but not importable.
2025-10-01T17:07:57.724831 RPAY [daily]: polygon_api.rest module is required but not importable.
2025-10-01T17:07:57.724831 RPD [daily]: polygon_api.rest module is required but not importable.
2025-10-01T17:07:57.724831 RQI [daily]: polygon_api.rest module is required but not importable.
2025-10-01T17:07:57.724831 RR [daily]: polygon_api.rest module is required but not importable.
2025-10-01T17:07:57.724831 RRBI [daily]: polygon_api.rest module is required but not importable.
2025-10-01T17:07:57.724831 RSKD [daily]: polygon_api.rest module is required but not importable.
2025-10-01T17:07:57.724831 RSVR [daily]: polygon_api.rest module is required but not importable.
2025-10-01T17:07:57.724831 RTAC [daily]: polygon_api.rest module is required but not importable.
2025-10-01T17:07:57.724831 RVLV [daily]: polygon_api.rest module is required but not importable.
2025-10-01T17:07:57.724831 RVT [daily]: polygon_api.rest module is required but not importable.
2025-10-01T17:07:57.724831 RWAY [daily]: polygon_api.rest module is required but not importable.
2025-10-01T17:07:57.724831 RWT [daily]: polygon_api.rest module is required but not importable.
2025-10-01T17:07:57.724831 RXST [daily]: polygon_api.rest module is required but not importable.
2025-10-01T17:07:57.724831 RXT [daily]: polygon_api.rest module is required but not importable.
2025-10-01T17:07:57.724831 RYAM [daily]: polygon_api.rest module is required but not importable.
2025-10-01T17:07:57.724831 RYI [daily]: polygon_api.rest module is required but not importable.
2025-10-01T17:07:57.724831 RZLT [daily]: polygon_api.rest module is required but not importable.
2025-10-01T17:07:57.724831 RZLV [daily]: polygon_api.rest module is required but not importable.
2025-10-01T17:07:57.724831 SABR [daily]: polygon_api.rest module is required but not importable.
2025-10-01T17:07:57.724831 SAFE [daily]: polygon_api.rest module is required but not importable.
2025-10-01T17:07:57.724831 SAFT [daily]: polygon_api.rest module is required but not importable.
2025-10-01T17:07:57.724831 SANA [daily]: polygon_api.rest module is required but not importable.
2025-10-01T17:07:57.724831 SAR [daily]: polygon_api.rest module is required but not importable.
2025-10-01T17:07:57.724831 SATL [daily]: polygon_api.rest module is required but not importable.
2025-10-01T17:07:57.724831 SB [daily]: polygon_api.rest module is required but not importable.
2025-10-01T17:07:57.724831 SBC [daily]: polygon_api.rest module is required but not importable.
2025-10-01T17:07:57.724831 SBGI [daily]: polygon_api.rest module is required but not importable.
2025-10-01T17:07:57.724831 SBH [daily]: polygon_api.rest module is required but not importable.
2025-10-01T17:07:57.724831 SBR [daily]: polygon_api.rest module is required but not importable.
2025-10-01T17:07:57.724831 SBSI [daily]: polygon_api.rest module is required but not importable.
2025-10-01T17:07:57.724831 SCHL [daily]: polygon_api.rest module is required but not importable.
2025-10-01T17:07:57.724831 SCL [daily]: polygon_api.rest module is required but not importable.
2025-10-01T17:07:57.724831 SCM [daily]: polygon_api.rest module is required but not importable.
2025-10-01T17:07:57.724831 SCPH [daily]: polygon_api.rest module is required but not importable.
2025-10-01T17:07:57.724831 SCS [daily]: polygon_api.rest module is required but not importable.
2025-10-01T17:07:57.724831 SCSC [daily]: polygon_api.rest module is required but not importable.
2025-10-01T17:07:57.724831 SCVL [daily]: polygon_api.rest module is required but not importable.
2025-10-01T17:07:57.724831 SD [daily]: polygon_api.rest module is required but not importable.
2025-10-01T17:07:57.724831 SDGR [daily]: polygon_api.rest module is required but not importable.
2025-10-01T17:07:57.724831 SDHI [daily]: polygon_api.rest module is required but not importable.
2025-10-01T17:07:57.724831 SDHY [daily]: polygon_api.rest module is required but not importable.
2025-10-01T17:07:57.724831 SDRL [daily]: polygon_api.rest module is required but not importable.
2025-10-01T17:07:57.724831 SEM [daily]: polygon_api.rest module is required but not importable.
2025-10-01T17:07:57.724831 SEMR [daily]: polygon_api.rest module is required but not importable.
2025-10-01T17:07:57.724831 SENEA [daily]: polygon_api.rest module is required but not importable.
2025-10-01T17:07:57.724831 SEPN [daily]: polygon_api.rest module is required but not importable.
2025-10-01T17:07:57.724831 SERV [daily]: polygon_api.rest module is required but not importable.
2025-10-01T17:07:57.724831 SES [daily]: polygon_api.rest module is required but not importable.
2025-10-01T17:07:57.724831 SFIX [daily]: polygon_api.rest module is required but not importable.
2025-10-01T17:07:57.724831 SFL [daily]: polygon_api.rest module is required but not importable.
2025-10-01T17:07:57.724831 SFST [daily]: polygon_api.rest module is required but not importable.
2025-10-01T17:07:57.724831 SG [daily]: polygon_api.rest module is required but not importable.
2025-10-01T17:07:57.724831 SGML [daily]: polygon_api.rest module is required but not importable.
2025-10-01T17:07:57.724831 SGU [daily]: polygon_api.rest module is required but not importable.
2025-10-01T17:07:57.724831 SHBI [daily]: polygon_api.rest module is required but not importable.
2025-10-01T17:07:57.724831 SHCO [daily]: polygon_api.rest module is required but not importable.
2025-10-01T17:07:57.724831 SHEN [daily]: polygon_api.rest module is required but not importable.
2025-10-01T17:07:57.724831 SHLS [daily]: polygon_api.rest module is required but not importable.
2025-10-01T17:07:57.724831 SHO [daily]: polygon_api.rest module is required but not importable.
2025-10-01T17:07:57.724831 SIBN [daily]: polygon_api.rest module is required but not importable.
2025-10-01T17:07:57.724831 SIFY [daily]: polygon_api.rest module is required but not importable.
2025-10-01T17:07:57.724831 SIGA [daily]: polygon_api.rest module is required but not importable.
2025-10-01T17:07:57.724831 SILA [daily]: polygon_api.rest module is required but not importable.
2025-10-01T17:07:57.724831 SIMA [daily]: polygon_api.rest module is required but not importable.
2025-10-01T17:07:57.724831 SION [daily]: polygon_api.rest module is required but not importable.
2025-10-01T17:07:57.724831 SITC [daily]: polygon_api.rest module is required but not importable.
2025-10-01T17:07:57.724831 SKWD [daily]: polygon_api.rest module is required but not importable.
2025-10-01T17:07:57.724831 SKYH [daily]: polygon_api.rest module is required but not importable.
2025-10-01T17:07:57.724831 SKYT [daily]: polygon_api.rest module is required but not importable.
2025-10-01T17:07:57.724831 SLDB [daily]: polygon_api.rest module is required but not importable.
2025-10-01T17:07:57.724831 SLDE [daily]: polygon_api.rest module is required but not importable.
2025-10-01T17:07:57.724831 SLDP [daily]: polygon_api.rest module is required but not importable.
2025-10-01T17:07:57.724831 SLI [daily]: polygon_api.rest module is required but not importable.
2025-10-01T17:07:57.724831 SLP [daily]: polygon_api.rest module is required but not importable.
2025-10-01T17:07:57.724831 SLQT [daily]: polygon_api.rest module is required but not importable.
2025-10-01T17:07:57.724831 SLRC [daily]: polygon_api.rest module is required but not importable.
2025-10-01T17:07:57.724831 SLSR [daily]: polygon_api.rest module is required but not importable.
2025-10-01T17:07:57.724831 SLVM [daily]: polygon_api.rest module is required but not importable.
2025-10-01T17:07:57.724831 SMA [daily]: polygon_api.rest module is required but not importable.
2025-10-01T17:07:57.724831 SMBC [daily]: polygon_api.rest module is required but not importable.
2025-10-01T17:07:57.724831 SMBK [daily]: polygon_api.rest module is required but not importable.
2025-10-01T17:07:57.724831 SMC [daily]: polygon_api.rest module is required but not importable.
2025-10-01T17:07:57.724831 SMLR [daily]: polygon_api.rest module is required but not importable.
2025-10-01T17:07:57.724831 SMP [daily]: polygon_api.rest module is required but not importable.
2025-10-01T17:07:57.724831 SMWB [daily]: polygon_api.rest module is required but not importable.
2025-10-01T17:07:57.724831 SNCY [daily]: polygon_api.rest module is required but not importable.
2025-10-01T17:07:57.724831 SNDA [daily]: polygon_api.rest module is required but not importable.
2025-10-01T17:07:57.724831 SNDL [daily]: polygon_api.rest module is required but not importable.
2025-10-01T17:07:57.724831 SNDX [daily]: polygon_api.rest module is required but not importable.
2025-10-01T17:07:57.724831 SNWV [daily]: polygon_api.rest module is required but not importable.
2025-10-01T17:07:57.724831 SOC [daily]: polygon_api.rest module is required but not importable.
2025-10-01T17:07:57.724831 SOHU [daily]: polygon_api.rest module is required but not importable.
2025-10-01T17:07:57.724831 SONO [daily]: polygon_api.rest module is required but not importable.
2025-10-01T17:07:57.724831 SOPH [daily]: polygon_api.rest module is required but not importable.
2025-10-01T17:07:57.724831 SOR [daily]: polygon_api.rest module is required but not importable.
2025-10-01T17:07:57.724831 SOS [daily]: polygon_api.rest module is required but not importable.
2025-10-01T17:07:57.724831 SPB [daily]: polygon_api.rest module is required but not importable.
2025-10-01T17:07:57.724831 SPFI [daily]: polygon_api.rest module is required but not importable.
2025-10-01T17:07:57.724831 SPH [daily]: polygon_api.rest module is required but not importable.
2025-10-01T17:07:57.724831 SPIR [daily]: polygon_api.rest module is required but not importable.
2025-10-01T17:07:57.724831 SPMC [daily]: polygon_api.rest module is required but not importable.
2025-10-01T17:07:57.724831 SPOK [daily]: polygon_api.rest module is required but not importable.
2025-10-01T17:07:57.724831 SPPP [daily]: polygon_api.rest module is required but not importable.
2025-10-01T17:07:57.724831 SPRY [daily]: polygon_api.rest module is required but not importable.
2025-10-01T17:07:57.724831 SPT [daily]: polygon_api.rest module is required but not importable.
2025-10-01T17:07:57.724831 SPTN [daily]: polygon_api.rest module is required but not importable.
2025-10-01T17:07:57.724831 SPXX [daily]: polygon_api.rest module is required but not importable.
2025-10-01T17:07:57.724831 SRCE [daily]: polygon_api.rest module is required but not importable.
2025-10-01T17:07:57.724831 SRDX [daily]: polygon_api.rest module is required but not importable.
2025-10-01T17:07:57.724831 SRPT [daily]: polygon_api.rest module is required but not importable.
2025-10-01T17:07:57.724831 SRTA [daily]: polygon_api.rest module is required but not importable.
2025-10-01T17:07:57.724831 SSII [daily]: polygon_api.rest module is required but not importable.
2025-10-01T17:07:57.724831 SSTK [daily]: polygon_api.rest module is required but not importable.
2025-10-01T17:07:57.724831 SSYS [daily]: polygon_api.rest module is required but not importable.
2025-10-01T17:07:57.724831 STAA [daily]: polygon_api.rest module is required but not importable.
2025-10-01T17:07:57.724831 STBA [daily]: polygon_api.rest module is required but not importable.
2025-10-01T17:07:57.724831 STEL [daily]: polygon_api.rest module is required but not importable.
2025-10-01T17:07:57.724831 STEW [daily]: polygon_api.rest module is required but not importable.
2025-10-01T17:07:57.724831 STGW [daily]: polygon_api.rest module is required but not importable.
2025-10-01T17:07:57.724831 STK [daily]: polygon_api.rest module is required but not importable.
2025-10-01T17:07:57.724831 STKL [daily]: polygon_api.rest module is required but not importable.
2025-10-01T17:07:57.724831 STOK [daily]: polygon_api.rest module is required but not importable.
2025-10-01T17:07:57.724831 SUIG [daily]: polygon_api.rest module is required but not importable.
2025-10-01T17:07:57.724831 SUPV [daily]: polygon_api.rest module is required but not importable.
2025-10-01T17:07:57.724831 SUPX [daily]: polygon_api.rest module is required but not importable.
2025-10-01T17:07:57.724831 SVC [daily]: polygon_api.rest module is required but not importable.
2025-10-01T17:07:57.724831 SVM [daily]: polygon_api.rest module is required but not importable.
2025-10-01T17:07:57.724831 SVRA [daily]: polygon_api.rest module is required but not importable.
2025-10-01T17:07:57.724831 SWBI [daily]: polygon_api.rest module is required but not importable.
2025-10-01T17:07:57.724831 SWIM [daily]: polygon_api.rest module is required but not importable.
2025-10-01T17:07:57.724831 SWIN [daily]: polygon_api.rest module is required but not importable.
2025-10-01T17:07:57.724831 SXC [daily]: polygon_api.rest module is required but not importable.
2025-10-01T17:07:57.724831 SY [daily]: polygon_api.rest module is required but not importable.
2025-10-01T17:07:57.724831 SYRE [daily]: polygon_api.rest module is required but not importable.
2025-10-01T17:07:57.724831 TACH [daily]: polygon_api.rest module is required but not importable.
2025-10-01T17:07:57.724831 TACO [daily]: polygon_api.rest module is required but not importable.
2025-10-01T17:07:57.724831 TALK [daily]: polygon_api.rest module is required but not importable.
2025-10-01T17:07:57.724831 TALO [daily]: polygon_api.rest module is required but not importable.
2025-10-01T17:07:57.724831 TASK [daily]: polygon_api.rest module is required but not importable.
2025-10-01T17:07:57.724831 TATT [daily]: polygon_api.rest module is required but not importable.
2025-10-01T17:07:57.724831 TBCH [daily]: polygon_api.rest module is required but not importable.
2025-10-01T17:07:57.724831 TBLA [daily]: polygon_api.rest module is required but not importable.
2025-10-01T17:07:57.724831 TBLD [daily]: polygon_api.rest module is required but not importable.
2025-10-01T17:07:57.724831 TBN [daily]: polygon_api.rest module is required but not importable.
2025-10-01T17:07:57.724831 TBPH [daily]: polygon_api.rest module is required but not importable.
2025-10-01T17:07:57.724831 TCBK [daily]: polygon_api.rest module is required but not importable.
2025-10-01T17:07:57.724831 TCBX [daily]: polygon_api.rest module is required but not importable.
2025-10-01T17:07:57.724831 TCI [daily]: polygon_api.rest module is required but not importable.
2025-10-01T17:07:57.724831 TCMD [daily]: polygon_api.rest module is required but not importable.
2025-10-01T17:07:57.724831 TCPC [daily]: polygon_api.rest module is required but not importable.
2025-10-01T17:07:57.724831 TDF [daily]: polygon_api.rest module is required but not importable.
2025-10-01T17:07:57.724831 TDOC [daily]: polygon_api.rest module is required but not importable.
2025-10-01T17:07:57.724831 TDUP [daily]: polygon_api.rest module is required but not importable.
2025-10-01T17:07:57.724831 TE [daily]: polygon_api.rest module is required but not importable.
2025-10-01T17:07:57.724831 TECX [daily]: polygon_api.rest module is required but not importable.
2025-10-01T17:07:57.724831 TEN [daily]: polygon_api.rest module is required but not importable.
2025-10-01T17:07:57.724831 TEO [daily]: polygon_api.rest module is required but not importable.
2025-10-01T17:07:57.724831 TERN [daily]: polygon_api.rest module is required but not importable.
2025-10-01T17:07:57.724831 TFIN [daily]: polygon_api.rest module is required but not importable.
2025-10-01T17:07:57.724831 TGB [daily]: polygon_api.rest module is required but not importable.
2025-10-01T17:07:57.724831 TGS [daily]: polygon_api.rest module is required but not importable.
2025-10-01T17:07:57.724831 TH [daily]: polygon_api.rest module is required but not importable.
2025-10-01T17:07:57.724831 THFF [daily]: polygon_api.rest module is required but not importable.
2025-10-01T17:07:57.724831 THH [daily]: polygon_api.rest module is required but not importable.
2025-10-01T17:07:57.724831 THM [daily]: polygon_api.rest module is required but not importable.
2025-10-01T17:07:57.724831 THQ [daily]: polygon_api.rest module is required but not importable.
2025-10-01T17:07:57.724831 THR [daily]: polygon_api.rest module is required but not importable.
2025-10-01T17:07:57.724831 THRM [daily]: polygon_api.rest module is required but not importable.
2025-10-01T17:07:57.724831 THRY [daily]: polygon_api.rest module is required but not importable.
2025-10-01T17:07:57.724831 THS [daily]: polygon_api.rest module is required but not importable.
2025-10-01T17:07:57.724831 THW [daily]: polygon_api.rest module is required but not importable.
2025-10-01T17:07:57.724831 TIGR [daily]: polygon_api.rest module is required but not importable.
2025-10-01T17:07:57.724831 TILE [daily]: polygon_api.rest module is required but not importable.
2025-10-01T17:07:57.724831 TIPT [daily]: polygon_api.rest module is required but not importable.
2025-10-01T17:07:57.724831 TITN [daily]: polygon_api.rest module is required but not importable.
2025-10-01T17:07:57.724831 TIXT [daily]: polygon_api.rest module is required but not importable.
2025-10-01T17:07:57.724831 TK [daily]: polygon_api.rest module is required but not importable.
2025-10-01T17:07:57.724831 TKNO [daily]: polygon_api.rest module is required but not importable.
2025-10-01T17:07:57.724831 TLRY [daily]: polygon_api.rest module is required but not importable.
2025-10-01T17:07:57.724831 TLS [daily]: polygon_api.rest module is required but not importable.
2025-10-01T17:07:57.724831 TMCI [daily]: polygon_api.rest module is required but not importable.
2025-10-01T17:07:57.724831 TMP [daily]: polygon_api.rest module is required but not importable.
2025-10-01T17:07:57.724831 TMQ [daily]: polygon_api.rest module is required but not importable.
2025-10-01T17:07:57.724831 TNC [daily]: polygon_api.rest module is required but not importable.
2025-10-01T17:07:57.724831 TNDM [daily]: polygon_api.rest module is required but not importable.
2025-10-01T17:07:57.724831 TNGX [daily]: polygon_api.rest module is required but not importable.
2025-10-01T17:07:57.724831 TNK [daily]: polygon_api.rest module is required but not importable.
2025-10-01T17:07:57.724831 TOI [daily]: polygon_api.rest module is required but not importable.
2025-10-01T17:07:57.724831 TONX [daily]: polygon_api.rest module is required but not importable.
2025-10-01T17:07:57.724831 TPB [daily]: polygon_api.rest module is required but not importable.
2025-10-01T17:07:57.724831 TRC [daily]: polygon_api.rest module is required but not importable.
2025-10-01T17:07:57.724831 TREE [daily]: polygon_api.rest module is required but not importable.
2025-10-01T17:07:57.724831 TRIN [daily]: polygon_api.rest module is required but not importable.
2025-10-01T17:07:57.724831 TRIP [daily]: polygon_api.rest module is required but not importable.
2025-10-01T17:07:57.724831 TRML [daily]: polygon_api.rest module is required but not importable.
2025-10-01T17:07:57.724831 TRNS [daily]: polygon_api.rest module is required but not importable.
2025-10-01T17:07:57.724831 TRON [daily]: polygon_api.rest module is required but not importable.
2025-10-01T17:07:57.724831 TROX [daily]: polygon_api.rest module is required but not importable.
2025-10-01T17:07:57.724831 TRS [daily]: polygon_api.rest module is required but not importable.
2025-10-01T17:07:57.724831 TRST [daily]: polygon_api.rest module is required but not importable.
2025-10-01T17:07:57.724831 TRTX [daily]: polygon_api.rest module is required but not importable.
2025-10-01T17:07:57.724831 TRUP [daily]: polygon_api.rest module is required but not importable.
2025-10-01T17:07:57.724831 TRVI [daily]: polygon_api.rest module is required but not importable.
2025-10-01T17:07:57.724831 TSAT [daily]: polygon_api.rest module is required but not importable.
2025-10-01T17:07:57.724831 TSHA [daily]: polygon_api.rest module is required but not importable.
2025-10-01T17:07:57.724831 TSSI [daily]: polygon_api.rest module is required but not importable.
2025-10-01T17:07:57.724831 TTGT [daily]: polygon_api.rest module is required but not importable.
2025-10-01T17:07:57.724831 TTI [daily]: polygon_api.rest module is required but not importable.
2025-10-01T17:07:57.724831 TUYA [daily]: polygon_api.rest module is required but not importable.
2025-10-01T17:07:57.724831 TV [daily]: polygon_api.rest module is required but not importable.
2025-10-01T17:07:57.724831 TVA [daily]: polygon_api.rest module is required but not importable.
2025-10-01T17:07:57.724831 TVRD [daily]: polygon_api.rest module is required but not importable.
2025-10-01T17:07:57.724831 TWFG [daily]: polygon_api.rest module is required but not importable.
2025-10-01T17:07:57.724831 TWI [daily]: polygon_api.rest module is required but not importable.
2025-10-01T17:07:57.724831 TWN [daily]: polygon_api.rest module is required but not importable.
2025-10-01T17:07:57.724831 TWO [daily]: polygon_api.rest module is required but not importable.
2025-10-01T17:07:57.724831 TWST [daily]: polygon_api.rest module is required but not importable.
2025-10-01T17:07:57.724831 TXG [daily]: polygon_api.rest module is required but not importable.
2025-10-01T17:07:57.724831 TXO [daily]: polygon_api.rest module is required but not importable.
2025-10-01T17:07:57.724831 TY [daily]: polygon_api.rest module is required but not importable.
2025-10-01T17:07:57.724831 TYG [daily]: polygon_api.rest module is required but not importable.
2025-10-01T17:07:57.724831 TYRA [daily]: polygon_api.rest module is required but not importable.
2025-10-01T17:07:57.724831 UAMY [daily]: polygon_api.rest module is required but not importable.
2025-10-01T17:07:57.724831 UAN [daily]: polygon_api.rest module is required but not importable.
2025-10-01T17:07:57.724831 UCTT [daily]: polygon_api.rest module is required but not importable.
2025-10-01T17:07:57.724831 UDMY [daily]: polygon_api.rest module is required but not importable.
2025-10-01T17:07:57.724831 UFCS [daily]: polygon_api.rest module is required but not importable.
2025-10-01T17:07:57.724831 UFPT [daily]: polygon_api.rest module is required but not importable.
2025-10-01T17:07:57.724831 UHT [daily]: polygon_api.rest module is required but not importable.
2025-10-01T17:07:57.724831 ULCC [daily]: polygon_api.rest module is required but not importable.
2025-10-01T17:07:57.724831 ULH [daily]: polygon_api.rest module is required but not importable.
2025-10-01T17:07:57.724831 UMAC [daily]: polygon_api.rest module is required but not importable.
2025-10-01T17:07:57.724831 UMH [daily]: polygon_api.rest module is required but not importable.
2025-10-01T17:07:57.724831 UNIT [daily]: polygon_api.rest module is required but not importable.
2025-10-01T17:07:57.724831 UNTY [daily]: polygon_api.rest module is required but not importable.
2025-10-01T17:07:57.724831 UP [daily]: polygon_api.rest module is required but not importable.
2025-10-01T17:07:57.724831 UPB [daily]: polygon_api.rest module is required but not importable.
2025-10-01T17:07:57.724831 UPBD [daily]: polygon_api.rest module is required but not importable.
2025-10-01T17:07:57.724831 UPXI [daily]: polygon_api.rest module is required but not importable.
2025-10-01T17:07:57.724831 URG [daily]: polygon_api.rest module is required but not importable.
2025-10-01T17:07:57.724831 URGN [daily]: polygon_api.rest module is required but not importable.
2025-10-01T17:07:57.724831 UROY [daily]: polygon_api.rest module is required but not importable.
2025-10-01T17:07:57.724831 USA [daily]: polygon_api.rest module is required but not importable.
2025-10-01T17:07:57.724831 USAR [daily]: polygon_api.rest module is required but not importable.
2025-10-01T17:07:57.724831 USAS [daily]: polygon_api.rest module is required but not importable.
2025-10-01T17:07:57.724831 USBC [daily]: polygon_api.rest module is required but not importable.
2025-10-01T17:07:57.724831 USCB [daily]: polygon_api.rest module is required but not importable.
2025-10-01T17:07:57.724831 USNA [daily]: polygon_api.rest module is required but not importable.
2025-10-01T17:07:57.724831 USPH [daily]: polygon_api.rest module is required but not importable.
2025-10-01T17:07:57.724831 UTI [daily]: polygon_api.rest module is required but not importable.
2025-10-01T17:07:57.724831 UTL [daily]: polygon_api.rest module is required but not importable.
2025-10-01T17:07:57.724831 UTZ [daily]: polygon_api.rest module is required but not importable.
2025-10-01T17:07:57.724831 UVE [daily]: polygon_api.rest module is required but not importable.
2025-10-01T17:07:57.724831 UVSP [daily]: polygon_api.rest module is required but not importable.
2025-10-01T17:07:57.724831 UVV [daily]: polygon_api.rest module is required but not importable.
2025-10-01T17:07:57.724831 UXIN [daily]: polygon_api.rest module is required but not importable.
2025-10-01T17:07:57.724831 VACH [daily]: polygon_api.rest module is required but not importable.
2025-10-01T17:07:57.724831 VALN [daily]: polygon_api.rest module is required but not importable.
2025-10-01T17:07:57.724831 VALU [daily]: polygon_api.rest module is required but not importable.
2025-10-01T17:07:57.724831 VBNK [daily]: polygon_api.rest module is required but not importable.
2025-10-01T17:07:57.724831 VBTX [daily]: polygon_api.rest module is required but not importable.
2025-10-01T17:07:57.724831 VCEL [daily]: polygon_api.rest module is required but not importable.
2025-10-01T17:07:57.724831 VCIC [daily]: polygon_api.rest module is required but not importable.
2025-10-01T17:07:57.724831 VCV [daily]: polygon_api.rest module is required but not importable.
2025-10-01T17:07:57.724831 VECO [daily]: polygon_api.rest module is required but not importable.
2025-10-01T17:07:57.724831 VEL [daily]: polygon_api.rest module is required but not importable.
2025-10-01T17:07:57.724831 VENU [daily]: polygon_api.rest module is required but not importable.
2025-10-01T17:07:57.724831 VERA [daily]: polygon_api.rest module is required but not importable.
2025-10-01T17:07:57.724831 VERI [daily]: polygon_api.rest module is required but not importable.
2025-10-01T17:07:57.724831 VET [daily]: polygon_api.rest module is required but not importable.
2025-10-01T17:07:57.724831 VFF [daily]: polygon_api.rest module is required but not importable.
2025-10-01T17:07:57.724831 VGM [daily]: polygon_api.rest module is required but not importable.
2025-10-01T17:07:57.724831 VHI [daily]: polygon_api.rest module is required but not importable.
2025-10-01T17:07:57.724831 VINP [daily]: polygon_api.rest module is required but not importable.
2025-10-01T17:07:57.724831 VIR [daily]: polygon_api.rest module is required but not importable.
2025-10-01T17:07:57.724831 VITL [daily]: polygon_api.rest module is required but not importable.
2025-10-01T17:07:57.724831 VKI [daily]: polygon_api.rest module is required but not importable.
2025-10-01T17:07:57.724831 VKQ [daily]: polygon_api.rest module is required but not importable.
2025-10-01T17:07:57.724831 VLGEA [daily]: polygon_api.rest module is required but not importable.
2025-10-01T17:07:57.724831 VLRS [daily]: polygon_api.rest module is required but not importable.
2025-10-01T17:07:57.724831 VMEO [daily]: polygon_api.rest module is required but not importable.
2025-10-01T17:07:57.724831 VMO [daily]: polygon_api.rest module is required but not importable.
2025-10-01T17:07:57.724831 VNDA [daily]: polygon_api.rest module is required but not importable.
2025-10-01T17:07:57.724831 VNME [daily]: polygon_api.rest module is required but not importable.
2025-10-01T17:07:57.724831 VOYG [daily]: polygon_api.rest module is required but not importable.
2025-10-01T17:07:57.724831 VPG [daily]: polygon_api.rest module is required but not importable.
2025-10-01T17:07:57.724831 VRDN [daily]: polygon_api.rest module is required but not importable.
2025-10-01T17:07:57.724831 VRE [daily]: polygon_api.rest module is required but not importable.
2025-10-01T17:07:57.724831 VREX [daily]: polygon_api.rest module is required but not importable.
2025-10-01T17:07:57.724831 VRNT [daily]: polygon_api.rest module is required but not importable.
2025-10-01T17:07:57.724831 VRTS [daily]: polygon_api.rest module is required but not importable.
2025-10-01T17:07:57.724831 VSTA [daily]: polygon_api.rest module is required but not importable.
2025-10-01T17:07:57.724831 VSTM [daily]: polygon_api.rest module is required but not importable.
2025-10-01T17:07:57.724831 VSTS [daily]: polygon_api.rest module is required but not importable.
2025-10-01T17:07:57.724831 VTEX [daily]: polygon_api.rest module is required but not importable.
2025-10-01T17:07:57.724831 VTLE [daily]: polygon_api.rest module is required but not importable.
2025-10-01T17:07:57.724831 VTOL [daily]: polygon_api.rest module is required but not importable.
2025-10-01T17:07:57.724831 VTS [daily]: polygon_api.rest module is required but not importable.
2025-10-01T17:07:57.724831 VVR [daily]: polygon_api.rest module is required but not importable.
2025-10-01T17:07:57.724831 VVX [daily]: polygon_api.rest module is required but not importable.
2025-10-01T17:07:57.724831 VYX [daily]: polygon_api.rest module is required but not importable.
2025-10-01T17:07:57.724831 VZLA [daily]: polygon_api.rest module is required but not importable.
2025-10-01T17:07:57.724831 WABC [daily]: polygon_api.rest module is required but not importable.
2025-10-01T17:07:57.724831 WASH [daily]: polygon_api.rest module is required but not importable.
2025-10-01T17:07:57.724831 WB [daily]: polygon_api.rest module is required but not importable.
2025-10-01T17:07:57.724831 WDH [daily]: polygon_api.rest module is required but not importable.
2025-10-01T17:07:57.724831 WDI [daily]: polygon_api.rest module is required but not importable.
2025-10-01T17:07:57.724831 WEAV [daily]: polygon_api.rest module is required but not importable.
2025-10-01T17:07:57.724831 WEN [daily]: polygon_api.rest module is required but not importable.
2025-10-01T17:07:57.724831 WENN [daily]: polygon_api.rest module is required but not importable.
2025-10-01T17:07:57.724831 WERN [daily]: polygon_api.rest module is required but not importable.
2025-10-01T17:07:57.724831 WEST [daily]: polygon_api.rest module is required but not importable.
2025-10-01T17:07:57.724831 WGO [daily]: polygon_api.rest module is required but not importable.
2025-10-01T17:07:57.724831 WINA [daily]: polygon_api.rest module is required but not importable.
2025-10-01T17:07:57.724831 WIW [daily]: polygon_api.rest module is required but not importable.
2025-10-01T17:07:57.724831 WKC [daily]: polygon_api.rest module is required but not importable.
2025-10-01T17:07:57.724831 WLDN [daily]: polygon_api.rest module is required but not importable.
2025-10-01T17:07:57.724831 WLFC [daily]: polygon_api.rest module is required but not importable.
2025-10-01T17:07:57.724831 WLKP [daily]: polygon_api.rest module is required but not importable.
2025-10-01T17:07:57.724831 WMK [daily]: polygon_api.rest module is required but not importable.
2025-10-01T17:07:57.724831 WNC [daily]: polygon_api.rest module is required but not importable.
2025-10-01T17:07:57.724831 WOLF [daily]: polygon_api.rest module is required but not importable.
2025-10-01T17:07:57.724831 WOOF [daily]: polygon_api.rest module is required but not importable.
2025-10-01T17:07:57.724831 WOW [daily]: polygon_api.rest module is required but not importable.
2025-10-01T17:07:57.724831 WRLD [daily]: polygon_api.rest module is required but not importable.
2025-10-01T17:07:57.724831 WRN [daily]: polygon_api.rest module is required but not importable.
2025-10-01T17:07:57.724831 WS [daily]: polygon_api.rest module is required but not importable.
2025-10-01T17:07:57.724831 WSR [daily]: polygon_api.rest module is required but not importable.
2025-10-01T17:07:57.724831 WTBA [daily]: polygon_api.rest module is required but not importable.
2025-10-01T17:07:57.724831 WTTR [daily]: polygon_api.rest module is required but not importable.
2025-10-01T17:07:57.724831 WVE [daily]: polygon_api.rest module is required but not importable.
2025-10-01T17:07:57.724831 WYFI [daily]: polygon_api.rest module is required but not importable.
2025-10-01T17:07:57.724831 XERS [daily]: polygon_api.rest module is required but not importable.
2025-10-01T17:07:57.724831 XFLT [daily]: polygon_api.rest module is required but not importable.
2025-10-01T17:07:57.724831 XHR [daily]: polygon_api.rest module is required but not importable.
2025-10-01T17:07:57.724831 XNCR [daily]: polygon_api.rest module is required but not importable.
2025-10-01T17:07:57.724831 XNET [daily]: polygon_api.rest module is required but not importable.
2025-10-01T17:07:57.724831 XOMA [daily]: polygon_api.rest module is required but not importable.
2025-10-01T17:07:57.724831 XPEL [daily]: polygon_api.rest module is required but not importable.
2025-10-01T17:07:57.724831 XPER [daily]: polygon_api.rest module is required but not importable.
2025-10-01T17:07:57.724831 XPOF [daily]: polygon_api.rest module is required but not importable.
2025-10-01T17:07:57.724831 XPRO [daily]: polygon_api.rest module is required but not importable.
2025-10-01T17:07:57.724831 XRX [daily]: polygon_api.rest module is required but not importable.
2025-10-01T17:07:57.724831 XYF [daily]: polygon_api.rest module is required but not importable.
2025-10-01T17:07:57.724831 YALA [daily]: polygon_api.rest module is required but not importable.
2025-10-01T17:07:57.724831 YB [daily]: polygon_api.rest module is required but not importable.
2025-10-01T17:07:57.724831 YELP [daily]: polygon_api.rest module is required but not importable.
2025-10-01T17:07:57.724831 YEXT [daily]: polygon_api.rest module is required but not importable.
2025-10-01T17:07:57.724831 YORW [daily]: polygon_api.rest module is required but not importable.
2025-10-01T17:07:57.724831 YRD [daily]: polygon_api.rest module is required but not importable.
2025-10-01T17:07:57.724831 YSG [daily]: polygon_api.rest module is required but not importable.
2025-10-01T17:07:57.724831 ZBIO [daily]: polygon_api.rest module is required but not importable.
2025-10-01T17:07:57.724831 ZD [daily]: polygon_api.rest module is required but not importable.
2025-10-01T17:07:57.724831 ZEPP [daily]: polygon_api.rest module is required but not importable.
2025-10-01T17:07:57.724831 ZEUS [daily]: polygon_api.rest module is required but not importable.
2025-10-01T17:07:57.724831 ZH [daily]: polygon_api.rest module is required but not importable.
2025-10-01T17:07:57.724831 ZIM [daily]: polygon_api.rest module is required but not importable.
2025-10-01T17:07:57.724831 ZIMV [daily]: polygon_api.rest module is required but not importable.
2025-10-01T17:07:57.724831 ZIP [daily]: polygon_api.rest module is required but not importable.
2025-10-01T17:07:57.724831 ZKH [daily]: polygon_api.rest module is required but not importable.
2025-10-01T17:07:57.724831 ZTR [daily]: polygon_api.rest module is required but not importable.
2025-10-01T17:07:57.724831 ZUMZ [daily]: polygon_api.rest module is required but not importable.
2025-10-01T17:07:57.724831 ZVRA [daily]: polygon_api.rest module is required but not importable.
2025-10-01T17:07:57.724831 ZYME [daily]: polygon_api.rest module is required but not importable.
2025-10-01T17:07:57.724831 AACI [minute]: polygon_api.rest module is required but not importable.
2025-10-01T17:07:57.724831 AACT [minute]: polygon_api.rest module is required but not importable.
2025-10-01T17:07:57.724831 AAM [minute]: polygon_api.rest module is required but not importable.
2025-10-01T17:07:57.724831 AAMI [minute]: polygon_api.rest module is required but not importable.
2025-10-01T17:07:57.724831 AAOI [minute]: polygon_api.rest module is required but not importable.
2025-10-01T17:07:57.724831 AARD [minute]: polygon_api.rest module is required but not importable.
2025-10-01T17:07:57.724831 AAT [minute]: polygon_api.rest module is required but not importable.
2025-10-01T17:07:57.724831 ABAT [minute]: polygon_api.rest module is required but not importable.
2025-10-01T17:07:57.724831 ABCL [minute]: polygon_api.rest module is required but not importable.
2025-10-01T17:07:57.724831 ABL [minute]: polygon_api.rest module is required but not importable.
2025-10-01T17:07:57.724831 ABSI [minute]: polygon_api.rest module is required but not importable.
2025-10-01T17:07:57.724831 ABTC [minute]: polygon_api.rest module is required but not importable.
2025-10-01T17:07:57.724831 ABUS [minute]: polygon_api.rest module is required but not importable.
2025-10-01T17:07:57.724831 ACB [minute]: polygon_api.rest module is required but not importable.
2025-10-01T17:07:57.724831 ACCO [minute]: polygon_api.rest module is required but not importable.
2025-10-01T17:07:57.724831 ACDC [minute]: polygon_api.rest module is required but not importable.
2025-10-01T17:07:57.724831 ACEL [minute]: polygon_api.rest module is required but not importable.
2025-10-01T17:07:57.724831 ACIC [minute]: polygon_api.rest module is required but not importable.
2025-10-01T17:07:57.724831 ACIU [minute]: polygon_api.rest module is required but not importable.
2025-10-01T17:07:57.724831 ACNB [minute]: polygon_api.rest module is required but not importable.
2025-10-01T17:07:57.724831 ACP [minute]: polygon_api.rest module is required but not importable.
2025-10-01T17:07:57.724831 ACTG [minute]: polygon_api.rest module is required but not importable.
2025-10-01T17:07:57.724831 ACVA [minute]: polygon_api.rest module is required but not importable.
2025-10-01T17:07:57.724831 ADAM [minute]: polygon_api.rest module is required but not importable.
2025-10-01T17:07:57.724831 ADCT [minute]: polygon_api.rest module is required but not importable.
2025-10-01T17:07:57.724831 ADEA [minute]: polygon_api.rest module is required but not importable.
2025-10-01T17:07:57.724831 ADNT [minute]: polygon_api.rest module is required but not importable.
2025-10-01T17:07:57.724831 ADSE [minute]: polygon_api.rest module is required but not importable.
2025-10-01T17:07:57.724831 ADTN [minute]: polygon_api.rest module is required but not importable.
2025-10-01T17:07:57.724831 ADUR [minute]: polygon_api.rest module is required but not importable.
2025-10-01T17:07:57.724831 ADV [minute]: polygon_api.rest module is required but not importable.
2025-10-01T17:07:57.724831 AEBI [minute]: polygon_api.rest module is required but not importable.
2025-10-01T17:07:57.724831 AEHR [minute]: polygon_api.rest module is required but not importable.
2025-10-01T17:07:57.724831 AENT [minute]: polygon_api.rest module is required but not importable.
2025-10-01T17:07:57.724831 AESI [minute]: polygon_api.rest module is required but not importable.
2025-10-01T17:07:57.724831 AEVA [minute]: polygon_api.rest module is required but not importable.
2025-10-01T17:07:57.724831 AEXA [minute]: polygon_api.rest module is required but not importable.
2025-10-01T17:07:57.724831 AFB [minute]: polygon_api.rest module is required but not importable.
2025-10-01T17:07:57.724831 AFYA [minute]: polygon_api.rest module is required but not importable.
2025-10-01T17:07:57.724831 AGD [minute]: polygon_api.rest module is required but not importable.
2025-10-01T17:07:57.724831 AGL [minute]: polygon_api.rest module is required but not importable.
2025-10-01T17:07:57.724831 AGM [minute]: polygon_api.rest module is required but not importable.
2025-10-01T17:07:57.724831 AGRO [minute]: polygon_api.rest module is required but not importable.
2025-10-01T17:07:57.724831 AHCO [minute]: polygon_api.rest module is required but not importable.
2025-10-01T17:07:57.724831 AHG [minute]: polygon_api.rest module is required but not importable.
2025-10-01T17:07:57.724831 AHH [minute]: polygon_api.rest module is required but not importable.
2025-10-01T17:07:57.724831 AII [minute]: polygon_api.rest module is required but not importable.
2025-10-01T17:07:57.724831 AIIO [minute]: polygon_api.rest module is required but not importable.
2025-10-01T17:07:57.724831 AIN [minute]: polygon_api.rest module is required but not importable.
2025-10-01T17:07:57.724831 AIO [minute]: polygon_api.rest module is required but not importable.
2025-10-01T17:07:57.724831 AIOT [minute]: polygon_api.rest module is required but not importable.
2025-10-01T17:07:57.724831 AIP [minute]: polygon_api.rest module is required but not importable.
2025-10-01T17:07:57.724831 AIRO [minute]: polygon_api.rest module is required but not importable.
2025-10-01T17:07:57.724831 AIRS [minute]: polygon_api.rest module is required but not importable.
2025-10-01T17:07:57.724831 AIV [minute]: polygon_api.rest module is required but not importable.
2025-10-01T17:07:57.724831 AKBA [minute]: polygon_api.rest module is required but not importable.
2025-10-01T17:07:57.724831 AKO-A [minute]: polygon_api.rest module is required but not importable.
2025-10-01T17:07:57.724831 AKO-B [minute]: polygon_api.rest module is required but not importable.
2025-10-01T17:07:57.724831 ALDF [minute]: polygon_api.rest module is required but not importable.
2025-10-01T17:07:57.724831 ALDX [minute]: polygon_api.rest module is required but not importable.
2025-10-01T17:07:57.724831 ALEX [minute]: polygon_api.rest module is required but not importable.
2025-10-01T17:07:57.724831 ALF [minute]: polygon_api.rest module is required but not importable.
2025-10-01T17:07:57.724831 ALGT [minute]: polygon_api.rest module is required but not importable.
2025-10-01T17:07:57.724831 ALIT [minute]: polygon_api.rest module is required but not importable.
2025-10-01T17:07:57.724831 ALLT [minute]: polygon_api.rest module is required but not importable.
2025-10-01T17:07:57.724831 ALM [minute]: polygon_api.rest module is required but not importable.
2025-10-01T17:07:57.724831 ALMS [minute]: polygon_api.rest module is required but not importable.
2025-10-01T17:07:57.724831 ALMU [minute]: polygon_api.rest module is required but not importable.
2025-10-01T17:07:57.724831 ALNT [minute]: polygon_api.rest module is required but not importable.
2025-10-01T17:07:57.724831 ALRS [minute]: polygon_api.rest module is required but not importable.
2025-10-01T17:07:57.724831 ALT [minute]: polygon_api.rest module is required but not importable.
2025-10-01T17:07:57.724831 ALTI [minute]: polygon_api.rest module is required but not importable.
2025-10-01T17:07:57.724831 ALTS [minute]: polygon_api.rest module is required but not importable.
2025-10-01T17:07:57.724831 ALX [minute]: polygon_api.rest module is required but not importable.
2025-10-01T17:07:57.724831 AMAL [minute]: polygon_api.rest module is required but not importable.
2025-10-01T17:07:57.724831 AMBC [minute]: polygon_api.rest module is required but not importable.
2025-10-01T17:07:57.724831 AMBQ [minute]: polygon_api.rest module is required but not importable.
2025-10-01T17:07:57.724831 AMC [minute]: polygon_api.rest module is required but not importable.
2025-10-01T17:07:57.724831 AMCX [minute]: polygon_api.rest module is required but not importable.
2025-10-01T17:07:57.724831 AMLX [minute]: polygon_api.rest module is required but not importable.
2025-10-01T17:07:57.724831 AMN [minute]: polygon_api.rest module is required but not importable.
2025-10-01T17:07:57.724831 AMPH [minute]: polygon_api.rest module is required but not importable.
2025-10-01T17:07:57.724831 AMPL [minute]: polygon_api.rest module is required but not importable.
2025-10-01T17:07:57.724831 AMPX [minute]: polygon_api.rest module is required but not importable.
2025-10-01T17:07:57.724831 AMRC [minute]: polygon_api.rest module is required but not importable.
2025-10-01T17:07:57.724831 AMRK [minute]: polygon_api.rest module is required but not importable.
2025-10-01T17:07:57.724831 AMRN [minute]: polygon_api.rest module is required but not importable.
2025-10-01T17:07:57.724831 AMSF [minute]: polygon_api.rest module is required but not importable.
2025-10-01T17:07:57.724831 AMTB [minute]: polygon_api.rest module is required but not importable.
2025-10-01T17:07:57.724831 AMWD [minute]: polygon_api.rest module is required but not importable.
2025-10-01T17:07:57.724831 ANAB [minute]: polygon_api.rest module is required but not importable.
2025-10-01T17:07:57.724831 ANDE [minute]: polygon_api.rest module is required but not importable.
2025-10-01T17:07:57.724831 ANGI [minute]: polygon_api.rest module is required but not importable.
2025-10-01T17:07:57.724831 ANGO [minute]: polygon_api.rest module is required but not importable.
2025-10-01T17:07:57.724831 ANGX [minute]: polygon_api.rest module is required but not importable.
2025-10-01T17:07:57.724831 ANIP [minute]: polygon_api.rest module is required but not importable.
2025-10-01T17:07:57.724831 ANNA [minute]: polygon_api.rest module is required but not importable.
2025-10-01T17:07:57.724831 ANNX [minute]: polygon_api.rest module is required but not importable.
2025-10-01T17:07:57.724831 ANPA [minute]: polygon_api.rest module is required but not importable.
2025-10-01T17:07:57.724831 ANSC [minute]: polygon_api.rest module is required but not importable.
2025-10-01T17:07:57.724831 AOD [minute]: polygon_api.rest module is required but not importable.
2025-10-01T17:07:57.724831 AORT [minute]: polygon_api.rest module is required but not importable.
2025-10-01T17:07:57.724831 AOSL [minute]: polygon_api.rest module is required but not importable.
2025-10-01T17:07:57.724831 APEI [minute]: polygon_api.rest module is required but not importable.
2025-10-01T17:07:57.724831 APOG [minute]: polygon_api.rest module is required but not importable.
2025-10-01T17:07:57.724831 APPS [minute]: polygon_api.rest module is required but not importable.
2025-10-01T17:07:57.724831 AQST [minute]: polygon_api.rest module is required but not importable.
2025-10-01T17:07:57.724831 ARCB [minute]: polygon_api.rest module is required but not importable.
2025-10-01T17:07:57.724831 ARCO [minute]: polygon_api.rest module is required but not importable.
2025-10-01T17:07:57.724831 ARCT [minute]: polygon_api.rest module is required but not importable.
2025-10-01T17:07:57.724831 ARDC [minute]: polygon_api.rest module is required but not importable.
2025-10-01T17:07:57.724831 ARDT [minute]: polygon_api.rest module is required but not importable.
2025-10-01T17:07:57.724831 ARDX [minute]: polygon_api.rest module is required but not importable.
2025-10-01T17:07:57.724831 ARHS [minute]: polygon_api.rest module is required but not importable.
2025-10-01T17:07:57.724831 ARI [minute]: polygon_api.rest module is required but not importable.
2025-10-01T17:07:57.724831 ARIS [minute]: polygon_api.rest module is required but not importable.
2025-10-01T17:07:57.724831 ARKO [minute]: polygon_api.rest module is required but not importable.
2025-10-01T17:07:57.724831 ARLO [minute]: polygon_api.rest module is required but not importable.
2025-10-01T17:07:57.724831 AROW [minute]: polygon_api.rest module is required but not importable.
2025-10-01T17:07:57.724831 ARQ [minute]: polygon_api.rest module is required but not importable.
2025-10-01T17:07:57.724831 ARQQ [minute]: polygon_api.rest module is required but not importable.
2025-10-01T17:07:57.724831 ARR [minute]: polygon_api.rest module is required but not importable.
2025-10-01T17:07:57.724831 ARRY [minute]: polygon_api.rest module is required but not importable.
2025-10-01T17:07:57.724831 ARTNA [minute]: polygon_api.rest module is required but not importable.
2025-10-01T17:07:57.724831 ARVN [minute]: polygon_api.rest module is required but not importable.
2025-10-01T17:07:57.724831 ASA [minute]: polygon_api.rest module is required but not importable.
2025-10-01T17:07:57.724831 ASC [minute]: polygon_api.rest module is required but not importable.
2025-10-01T17:07:57.724831 ASG [minute]: polygon_api.rest module is required but not importable.
2025-10-01T17:07:57.724831 ASGI [minute]: polygon_api.rest module is required but not importable.
2025-10-01T17:07:57.724831 ASIC [minute]: polygon_api.rest module is required but not importable.
2025-10-01T17:07:57.724831 ASIX [minute]: polygon_api.rest module is required but not importable.
2025-10-01T17:07:57.724831 ASLE [minute]: polygon_api.rest module is required but not importable.
2025-10-01T17:07:57.724831 ASM [minute]: polygon_api.rest module is required but not importable.
2025-10-01T17:07:57.724831 ASMB [minute]: polygon_api.rest module is required but not importable.
2025-10-01T17:07:57.724831 ASPI [minute]: polygon_api.rest module is required but not importable.
2025-10-01T17:07:57.724831 ASPN [minute]: polygon_api.rest module is required but not importable.
2025-10-01T17:07:57.724831 ASST [minute]: polygon_api.rest module is required but not importable.
2025-10-01T17:07:57.724831 ASTE [minute]: polygon_api.rest module is required but not importable.
2025-10-01T17:07:57.724831 ASTH [minute]: polygon_api.rest module is required but not importable.
2025-10-01T17:07:57.724831 ASTL [minute]: polygon_api.rest module is required but not importable.
2025-10-01T17:07:57.724831 ATAI [minute]: polygon_api.rest module is required but not importable.
2025-10-01T17:07:57.724831 ATEN [minute]: polygon_api.rest module is required but not importable.
2025-10-01T17:07:57.724831 ATEX [minute]: polygon_api.rest module is required but not importable.
2025-10-01T17:07:57.724831 ATGL [minute]: polygon_api.rest module is required but not importable.
2025-10-01T17:07:57.724831 ATII [minute]: polygon_api.rest module is required but not importable.
2025-10-01T17:07:57.724831 ATLC [minute]: polygon_api.rest module is required but not importable.
2025-10-01T17:07:57.724831 ATRC [minute]: polygon_api.rest module is required but not importable.
2025-10-01T17:07:57.724831 ATRO [minute]: polygon_api.rest module is required but not importable.
2025-10-01T17:07:57.724831 ATUS [minute]: polygon_api.rest module is required but not importable.
2025-10-01T17:07:57.724831 ATXS [minute]: polygon_api.rest module is required but not importable.
2025-10-01T17:07:57.724831 AUNA [minute]: polygon_api.rest module is required but not importable.
2025-10-01T17:07:57.724831 AUPH [minute]: polygon_api.rest module is required but not importable.
2025-10-01T17:07:57.724831 AURA [minute]: polygon_api.rest module is required but not importable.
2025-10-01T17:07:57.724831 AUTL [minute]: polygon_api.rest module is required but not importable.
2025-10-01T17:07:57.724831 AVAH [minute]: polygon_api.rest module is required but not importable.
2025-10-01T17:07:57.724831 AVAL [minute]: polygon_api.rest module is required but not importable.
2025-10-01T17:07:57.724831 AVBP [minute]: polygon_api.rest module is required but not importable.
2025-10-01T17:07:57.724831 AVDL [minute]: polygon_api.rest module is required but not importable.
2025-10-01T17:07:57.724831 AVK [minute]: polygon_api.rest module is required but not importable.
2025-10-01T17:07:57.724831 AVNS [minute]: polygon_api.rest module is required but not importable.
2025-10-01T17:07:57.724831 AVO [minute]: polygon_api.rest module is required but not importable.
2025-10-01T17:07:57.724831 AVXL [minute]: polygon_api.rest module is required but not importable.
2025-10-01T17:07:57.724831 AWF [minute]: polygon_api.rest module is required but not importable.
2025-10-01T17:07:57.724831 AWP [minute]: polygon_api.rest module is required but not importable.
2025-10-01T17:07:57.724831 AXGN [minute]: polygon_api.rest module is required but not importable.
2025-10-01T17:07:57.724831 AXL [minute]: polygon_api.rest module is required but not importable.
2025-10-01T17:07:57.724831 AZ [minute]: polygon_api.rest module is required but not importable.
2025-10-01T17:07:57.724831 AZTA [minute]: polygon_api.rest module is required but not importable.
2025-10-01T17:07:57.724831 BACQ [minute]: polygon_api.rest module is required but not importable.
2025-10-01T17:07:57.724831 BAK [minute]: polygon_api.rest module is required but not importable.
2025-10-01T17:07:57.724831 BALY [minute]: polygon_api.rest module is required but not importable.
2025-10-01T17:07:57.724831 BAND [minute]: polygon_api.rest module is required but not importable.
2025-10-01T17:07:57.724831 BASE [minute]: polygon_api.rest module is required but not importable.
2025-10-01T17:07:57.724831 BBAR [minute]: polygon_api.rest module is required but not importable.
2025-10-01T17:07:57.724831 BBBY [minute]: polygon_api.rest module is required but not importable.
2025-10-01T17:07:57.724831 BBCP [minute]: polygon_api.rest module is required but not importable.
2025-10-01T17:07:57.724831 BBDC [minute]: polygon_api.rest module is required but not importable.
2025-10-01T17:07:57.724831 BBN [minute]: polygon_api.rest module is required but not importable.
2025-10-01T17:07:57.724831 BBNX [minute]: polygon_api.rest module is required but not importable.
2025-10-01T17:07:57.724831 BBOT [minute]: polygon_api.rest module is required but not importable.
2025-10-01T17:07:57.724831 BBSI [minute]: polygon_api.rest module is required but not importable.
2025-10-01T17:07:57.724831 BBT [minute]: polygon_api.rest module is required but not importable.
2025-10-01T17:07:57.724831 BBW [minute]: polygon_api.rest module is required but not importable.
2025-10-01T17:07:57.724831 BCAL [minute]: polygon_api.rest module is required but not importable.
2025-10-01T17:07:57.724831 BCAR [minute]: polygon_api.rest module is required but not importable.
2025-10-01T17:07:57.724831 BCAT [minute]: polygon_api.rest module is required but not importable.
2025-10-01T17:07:57.724831 BCAX [minute]: polygon_api.rest module is required but not importable.
2025-10-01T17:07:57.724831 BCML [minute]: polygon_api.rest module is required but not importable.
2025-10-01T17:07:57.724831 BCRX [minute]: polygon_api.rest module is required but not importable.
2025-10-01T17:07:57.724831 BCSF [minute]: polygon_api.rest module is required but not importable.
2025-10-01T17:07:57.724831 BCSS-U [minute]: polygon_api.rest module is required but not importable.
2025-10-01T17:07:57.724831 BCX [minute]: polygon_api.rest module is required but not importable.
2025-10-01T17:07:57.724831 BCYC [minute]: polygon_api.rest module is required but not importable.
2025-10-01T17:07:57.724831 BDJ [minute]: polygon_api.rest module is required but not importable.
2025-10-01T17:07:57.724831 BDN [minute]: polygon_api.rest module is required but not importable.
2025-10-01T17:07:57.724831 BEAG [minute]: polygon_api.rest module is required but not importable.
2025-10-01T17:07:57.724831 BELFB [minute]: polygon_api.rest module is required but not importable.
2025-10-01T17:07:57.724831 BETR [minute]: polygon_api.rest module is required but not importable.
2025-10-01T17:07:57.724831 BFC [minute]: polygon_api.rest module is required but not importable.
2025-10-01T17:07:57.724831 BFK [minute]: polygon_api.rest module is required but not importable.
2025-10-01T17:07:57.724831 BFLY [minute]: polygon_api.rest module is required but not importable.
2025-10-01T17:07:57.724831 BFS [minute]: polygon_api.rest module is required but not importable.
2025-10-01T17:07:57.724831 BFST [minute]: polygon_api.rest module is required but not importable.
2025-10-01T17:07:57.724831 BFZ [minute]: polygon_api.rest module is required but not importable.
2025-10-01T17:07:57.724831 BGB [minute]: polygon_api.rest module is required but not importable.
2025-10-01T17:07:57.724831 BGH [minute]: polygon_api.rest module is required but not importable.
2025-10-01T17:07:57.724831 BGL [minute]: polygon_api.rest module is required but not importable.
2025-10-01T17:07:57.724831 BGM [minute]: polygon_api.rest module is required but not importable.
2025-10-01T17:07:57.724831 BGR [minute]: polygon_api.rest module is required but not importable.
2025-10-01T17:07:57.724831 BGS [minute]: polygon_api.rest module is required but not importable.
2025-10-01T17:07:57.724831 BGT [minute]: polygon_api.rest module is required but not importable.
2025-10-01T17:07:57.724831 BGY [minute]: polygon_api.rest module is required but not importable.
2025-10-01T17:07:57.724831 BH [minute]: polygon_api.rest module is required but not importable.
2025-10-01T17:07:57.724831 BHB [minute]: polygon_api.rest module is required but not importable.
2025-10-01T17:07:57.724831 BHE [minute]: polygon_api.rest module is required but not importable.
2025-10-01T17:07:57.724831 BHK [minute]: polygon_api.rest module is required but not importable.
2025-10-01T17:07:57.724831 BHRB [minute]: polygon_api.rest module is required but not importable.
2025-10-01T17:07:57.724831 BHVN [minute]: polygon_api.rest module is required but not importable.
2025-10-01T17:07:57.724831 BIT [minute]: polygon_api.rest module is required but not importable.
2025-10-01T17:07:57.724831 BITF [minute]: polygon_api.rest module is required but not importable.
2025-10-01T17:07:57.724831 BJRI [minute]: polygon_api.rest module is required but not importable.
2025-10-01T17:07:57.724831 BKKT [minute]: polygon_api.rest module is required but not importable.
2025-10-01T17:07:57.724831 BKSY [minute]: polygon_api.rest module is required but not importable.
2025-10-01T17:07:57.724831 BKTI [minute]: polygon_api.rest module is required but not importable.
2025-10-01T17:07:57.724831 BKV [minute]: polygon_api.rest module is required but not importable.
2025-10-01T17:07:57.724831 BLBD [minute]: polygon_api.rest module is required but not importable.
2025-10-01T17:07:57.724831 BLDP [minute]: polygon_api.rest module is required but not importable.
2025-10-01T17:07:57.724831 BLE [minute]: polygon_api.rest module is required but not importable.
2025-10-01T17:07:57.724831 BLFS [minute]: polygon_api.rest module is required but not importable.
2025-10-01T17:07:57.724831 BLMN [minute]: polygon_api.rest module is required but not importable.
2025-10-01T17:07:57.724831 BLND [minute]: polygon_api.rest module is required but not importable.
2025-10-01T17:07:57.724831 BLUW [minute]: polygon_api.rest module is required but not importable.
2025-10-01T17:07:57.724831 BLW [minute]: polygon_api.rest module is required but not importable.
2025-10-01T17:07:57.724831 BLX [minute]: polygon_api.rest module is required but not importable.
2025-10-01T17:07:57.724831 BLZE [minute]: polygon_api.rest module is required but not importable.
2025-10-01T17:07:57.724831 BMBL [minute]: polygon_api.rest module is required but not importable.
2025-10-01T17:07:57.724831 BME [minute]: polygon_api.rest module is required but not importable.
2025-10-01T17:07:57.724831 BMEZ [minute]: polygon_api.rest module is required but not importable.
2025-10-01T17:07:57.724831 BMRC [minute]: polygon_api.rest module is required but not importable.
2025-10-01T17:07:57.724831 BNC [minute]: polygon_api.rest module is required but not importable.
2025-10-01T17:07:57.724831 BNED [minute]: polygon_api.rest module is required but not importable.
2025-10-01T17:07:57.724831 BNTC [minute]: polygon_api.rest module is required but not importable.
2025-10-01T17:07:57.724831 BOC [minute]: polygon_api.rest module is required but not importable.
2025-10-01T17:07:57.724831 BOE [minute]: polygon_api.rest module is required but not importable.
2025-10-01T17:07:57.724831 BORR [minute]: polygon_api.rest module is required but not importable.
2025-10-01T17:07:57.724831 BOW [minute]: polygon_api.rest module is required but not importable.
2025-10-01T17:07:57.724831 BRBS [minute]: polygon_api.rest module is required but not importable.
2025-10-01T17:07:57.724831 BRCB [minute]: polygon_api.rest module is required but not importable.
2025-10-01T17:07:57.724831 BRCC [minute]: polygon_api.rest module is required but not importable.
2025-10-01T17:07:57.724831 BRR [minute]: polygon_api.rest module is required but not importable.
2025-10-01T17:07:57.724831 BRSP [minute]: polygon_api.rest module is required but not importable.
2025-10-01T17:07:57.724831 BRW [minute]: polygon_api.rest module is required but not importable.
2025-10-01T17:07:57.724831 BSRR [minute]: polygon_api.rest module is required but not importable.
2025-10-01T17:07:57.724831 BST [minute]: polygon_api.rest module is required but not importable.
2025-10-01T17:07:57.724831 BSTZ [minute]: polygon_api.rest module is required but not importable.
2025-10-01T17:07:57.724831 BSVN [minute]: polygon_api.rest module is required but not importable.
2025-10-01T17:07:57.724831 BTBT [minute]: polygon_api.rest module is required but not importable.
2025-10-01T17:07:57.724831 BTE [minute]: polygon_api.rest module is required but not importable.
2025-10-01T17:07:57.724831 BTO [minute]: polygon_api.rest module is required but not importable.
2025-10-01T17:07:57.724831 BTQ [minute]: polygon_api.rest module is required but not importable.
2025-10-01T17:07:57.724831 BTT [minute]: polygon_api.rest module is required but not importable.
2025-10-01T17:07:57.724831 BTX [minute]: polygon_api.rest module is required but not importable.
2025-10-01T17:07:57.724831 BTZ [minute]: polygon_api.rest module is required but not importable.
2025-10-01T17:07:57.724831 BUI [minute]: polygon_api.rest module is required but not importable.
2025-10-01T17:07:57.724831 BV [minute]: polygon_api.rest module is required but not importable.
2025-10-01T17:07:57.724831 BVS [minute]: polygon_api.rest module is required but not importable.
2025-10-01T17:07:57.724831 BWB [minute]: polygon_api.rest module is required but not importable.
2025-10-01T17:07:57.724831 BWFG [minute]: polygon_api.rest module is required but not importable.
2025-10-01T17:07:57.724831 BWMN [minute]: polygon_api.rest module is required but not importable.
2025-10-01T17:07:57.724831 BWMX [minute]: polygon_api.rest module is required but not importable.
2025-10-01T17:07:57.724831 BXC [minute]: polygon_api.rest module is required but not importable.
2025-10-01T17:07:57.724831 BXMX [minute]: polygon_api.rest module is required but not importable.
2025-10-01T17:07:57.724831 BY [minute]: polygon_api.rest module is required but not importable.
2025-10-01T17:07:57.724831 BYRN [minute]: polygon_api.rest module is required but not importable.
2025-10-01T17:07:57.724831 BZAI [minute]: polygon_api.rest module is required but not importable.
2025-10-01T17:07:57.724831 BZH [minute]: polygon_api.rest module is required but not importable.
2025-10-01T17:07:57.724831 CABO [minute]: polygon_api.rest module is required but not importable.
2025-10-01T17:07:57.724831 CAC [minute]: polygon_api.rest module is required but not importable.
2025-10-01T17:07:57.724831 CAEP [minute]: polygon_api.rest module is required but not importable.
2025-10-01T17:07:57.724831 CAL [minute]: polygon_api.rest module is required but not importable.
2025-10-01T17:07:57.724831 CANG [minute]: polygon_api.rest module is required but not importable.
2025-10-01T17:07:57.724831 CAPL [minute]: polygon_api.rest module is required but not importable.
2025-10-01T17:07:57.724831 CAPR [minute]: polygon_api.rest module is required but not importable.
2025-10-01T17:07:57.724831 CARE [minute]: polygon_api.rest module is required but not importable.
2025-10-01T17:07:57.724831 CARL [minute]: polygon_api.rest module is required but not importable.
2025-10-01T17:07:57.724831 CARS [minute]: polygon_api.rest module is required but not importable.
2025-10-01T17:07:57.724831 CASH [minute]: polygon_api.rest module is required but not importable.
2025-10-01T17:07:57.724831 CASS [minute]: polygon_api.rest module is required but not importable.
2025-10-01T17:07:57.724831 CBL [minute]: polygon_api.rest module is required but not importable.
2025-10-01T17:07:57.724831 CBLL [minute]: polygon_api.rest module is required but not importable.
2025-10-01T17:07:57.724831 CBNK [minute]: polygon_api.rest module is required but not importable.
2025-10-01T17:07:57.724831 CBRL [minute]: polygon_api.rest module is required but not importable.
2025-10-01T17:07:57.724831 CCAP [minute]: polygon_api.rest module is required but not importable.
2025-10-01T17:07:57.724831 CCB [minute]: polygon_api.rest module is required but not importable.
2025-10-01T17:07:57.724831 CCBG [minute]: polygon_api.rest module is required but not importable.
2025-10-01T17:07:57.724831 CCCX [minute]: polygon_api.rest module is required but not importable.
2025-10-01T17:07:57.724831 CCD [minute]: polygon_api.rest module is required but not importable.
2025-10-01T17:07:57.724831 CCEC [minute]: polygon_api.rest module is required but not importable.
2025-10-01T17:07:57.724831 CCII [minute]: polygon_api.rest module is required but not importable.
2025-10-01T17:07:57.724831 CCIX [minute]: polygon_api.rest module is required but not importable.
2025-10-01T17:07:57.724831 CCNE [minute]: polygon_api.rest module is required but not importable.
2025-10-01T17:07:57.724831 CCO [minute]: polygon_api.rest module is required but not importable.
2025-10-01T17:07:57.724831 CCOI [minute]: polygon_api.rest module is required but not importable.
2025-10-01T17:07:57.724831 CCRN [minute]: polygon_api.rest module is required but not importable.
2025-10-01T17:07:57.724831 CCS [minute]: polygon_api.rest module is required but not importable.
2025-10-01T17:07:57.724831 CCSI [minute]: polygon_api.rest module is required but not importable.
2025-10-01T17:07:57.724831 CDLR [minute]: polygon_api.rest module is required but not importable.
2025-10-01T17:07:57.724831 CDNA [minute]: polygon_api.rest module is required but not importable.
2025-10-01T17:07:57.724831 CDRE [minute]: polygon_api.rest module is required but not importable.
2025-10-01T17:07:57.724831 CDRO [minute]: polygon_api.rest module is required but not importable.
2025-10-01T17:07:57.724831 CDZI [minute]: polygon_api.rest module is required but not importable.
2025-10-01T17:07:57.724831 CECO [minute]: polygon_api.rest module is required but not importable.
2025-10-01T17:07:57.724831 CELC [minute]: polygon_api.rest module is required but not importable.
2025-10-01T17:07:57.724831 CENT [minute]: polygon_api.rest module is required but not importable.
2025-10-01T17:07:57.724831 CENTA [minute]: polygon_api.rest module is required but not importable.
2025-10-01T17:07:57.724831 CEP [minute]: polygon_api.rest module is required but not importable.
2025-10-01T17:07:57.724831 CEPF [minute]: polygon_api.rest module is required but not importable.
2025-10-01T17:07:57.724831 CEPU [minute]: polygon_api.rest module is required but not importable.
2025-10-01T17:07:57.724831 CET [minute]: polygon_api.rest module is required but not importable.
2025-10-01T17:07:57.724831 CEVA [minute]: polygon_api.rest module is required but not importable.
2025-10-01T17:07:57.724831 CFFN [minute]: polygon_api.rest module is required but not importable.
2025-10-01T17:07:57.724831 CGBD [minute]: polygon_api.rest module is required but not importable.
2025-10-01T17:07:57.724831 CGC [minute]: polygon_api.rest module is required but not importable.
2025-10-01T17:07:57.724831 CGCT [minute]: polygon_api.rest module is required but not importable.
2025-10-01T17:07:57.724831 CGEM [minute]: polygon_api.rest module is required but not importable.
2025-10-01T17:07:57.724831 CGNT [minute]: polygon_api.rest module is required but not importable.
2025-10-01T17:07:57.724831 CHA [minute]: polygon_api.rest module is required but not importable.
2025-10-01T17:07:57.724831 CHAC [minute]: polygon_api.rest module is required but not importable.
2025-10-01T17:07:57.724831 CHCO [minute]: polygon_api.rest module is required but not importable.
2025-10-01T17:07:57.724831 CHCT [minute]: polygon_api.rest module is required but not importable.
2025-10-01T17:07:57.724831 CHI [minute]: polygon_api.rest module is required but not importable.
2025-10-01T17:07:57.724831 CHW [minute]: polygon_api.rest module is required but not importable.
2025-10-01T17:07:57.724831 CHY [minute]: polygon_api.rest module is required but not importable.
2025-10-01T17:07:57.724831 CII [minute]: polygon_api.rest module is required but not importable.
2025-10-01T17:07:57.724831 CIM [minute]: polygon_api.rest module is required but not importable.
2025-10-01T17:07:57.724831 CINT [minute]: polygon_api.rest module is required but not importable.
2025-10-01T17:07:57.724831 CION [minute]: polygon_api.rest module is required but not importable.
2025-10-01T17:07:57.724831 CIVB [minute]: polygon_api.rest module is required but not importable.
2025-10-01T17:07:57.724831 CLB [minute]: polygon_api.rest module is required but not importable.
2025-10-01T17:07:57.724831 CLBK [minute]: polygon_api.rest module is required but not importable.
2025-10-01T17:07:57.724831 CLCO [minute]: polygon_api.rest module is required but not importable.
2025-10-01T17:07:57.724831 CLDT [minute]: polygon_api.rest module is required but not importable.
2025-10-01T17:07:57.724831 CLDX [minute]: polygon_api.rest module is required but not importable.
2025-10-01T17:07:57.724831 CLFD [minute]: polygon_api.rest module is required but not importable.
2025-10-01T17:07:57.724831 CLMB [minute]: polygon_api.rest module is required but not importable.
2025-10-01T17:07:57.724831 CLMT [minute]: polygon_api.rest module is required but not importable.
2025-10-01T17:07:57.724831 CLNE [minute]: polygon_api.rest module is required but not importable.
2025-10-01T17:07:57.724831 CLOV [minute]: polygon_api.rest module is required but not importable.
2025-10-01T17:07:57.724831 CLPT [minute]: polygon_api.rest module is required but not importable.
2025-10-01T17:07:57.724831 CLW [minute]: polygon_api.rest module is required but not importable.
2025-10-01T17:07:57.724831 CMCL [minute]: polygon_api.rest module is required but not importable.
2025-10-01T17:07:57.724831 CMCO [minute]: polygon_api.rest module is required but not importable.
2025-10-01T17:07:57.724831 CMDB [minute]: polygon_api.rest module is required but not importable.
2025-10-01T17:07:57.724831 CMP [minute]: polygon_api.rest module is required but not importable.
2025-10-01T17:07:57.724831 CMPR [minute]: polygon_api.rest module is required but not importable.
2025-10-01T17:07:57.724831 CMPS [minute]: polygon_api.rest module is required but not importable.
2025-10-01T17:07:57.724831 CMPX [minute]: polygon_api.rest module is required but not importable.
2025-10-01T17:07:57.724831 CMRC [minute]: polygon_api.rest module is required but not importable.
2025-10-01T17:07:57.724831 CMRE [minute]: polygon_api.rest module is required but not importable.
2025-10-01T17:07:57.724831 CMTG [minute]: polygon_api.rest module is required but not importable.
2025-10-01T17:07:57.724831 CNCK [minute]: polygon_api.rest module is required but not importable.
2025-10-01T17:07:57.724831 CNDT [minute]: polygon_api.rest module is required but not importable.
2025-10-01T17:07:57.724831 CNL [minute]: polygon_api.rest module is required but not importable.
2025-10-01T17:07:57.724831 CNMD [minute]: polygon_api.rest module is required but not importable.
2025-10-01T17:07:57.724831 CNNE [minute]: polygon_api.rest module is required but not importable.
2025-10-01T17:07:57.724831 CNOB [minute]: polygon_api.rest module is required but not importable.
2025-10-01T17:07:57.724831 CNXN [minute]: polygon_api.rest module is required but not importable.
2025-10-01T17:07:57.724831 CODI [minute]: polygon_api.rest module is required but not importable.
2025-10-01T17:07:57.724831 COFS [minute]: polygon_api.rest module is required but not importable.
2025-10-01T17:07:57.724831 COGT [minute]: polygon_api.rest module is required but not importable.
2025-10-01T17:07:57.724831 COHU [minute]: polygon_api.rest module is required but not importable.
2025-10-01T17:07:57.724831 COLL [minute]: polygon_api.rest module is required but not importable.
2025-10-01T17:07:57.724831 COUR [minute]: polygon_api.rest module is required but not importable.
2025-10-01T17:07:57.724831 CPAC [minute]: polygon_api.rest module is required but not importable.
2025-10-01T17:07:57.724831 CPF [minute]: polygon_api.rest module is required but not importable.
2025-10-01T17:07:57.724831 CPS [minute]: polygon_api.rest module is required but not importable.
2025-10-01T17:07:57.724831 CPZ [minute]: polygon_api.rest module is required but not importable.
2025-10-01T17:07:57.724831 CRAI [minute]: polygon_api.rest module is required but not importable.
2025-10-01T17:07:57.724831 CRAQ [minute]: polygon_api.rest module is required but not importable.
2025-10-01T17:07:57.724831 CRCT [minute]: polygon_api.rest module is required but not importable.
2025-10-01T17:07:57.724831 CRD-A [minute]: polygon_api.rest module is required but not importable.
2025-10-01T17:07:57.724831 CRD-B [minute]: polygon_api.rest module is required but not importable.
2025-10-01T17:07:57.724831 CRESY [minute]: polygon_api.rest module is required but not importable.
2025-10-01T17:07:57.724831 CRF [minute]: polygon_api.rest module is required but not importable.
2025-10-01T17:07:57.724831 CRI [minute]: polygon_api.rest module is required but not importable.
2025-10-01T17:07:57.724831 CRMD [minute]: polygon_api.rest module is required but not importable.
2025-10-01T17:07:57.724831 CRML [minute]: polygon_api.rest module is required but not importable.
2025-10-01T17:07:57.724831 CRNC [minute]: polygon_api.rest module is required but not importable.
2025-10-01T17:07:57.724831 CRON [minute]: polygon_api.rest module is required but not importable.
2025-10-01T17:07:57.724831 CRSR [minute]: polygon_api.rest module is required but not importable.
2025-10-01T17:07:57.724831 CRTO [minute]: polygon_api.rest module is required but not importable.
2025-10-01T17:07:57.724831 CRVS [minute]: polygon_api.rest module is required but not importable.
2025-10-01T17:07:57.724831 CSGS [minute]: polygon_api.rest module is required but not importable.
2025-10-01T17:07:57.724831 CSIQ [minute]: polygon_api.rest module is required but not importable.
2025-10-01T17:07:57.724831 CSR [minute]: polygon_api.rest module is required but not importable.
2025-10-01T17:07:57.724831 CSTL [minute]: polygon_api.rest module is required but not importable.
2025-10-01T17:07:57.724831 CSV [minute]: polygon_api.rest module is required but not importable.
2025-10-01T17:07:57.724831 CSWC [minute]: polygon_api.rest module is required but not importable.
2025-10-01T17:07:57.724831 CTBI [minute]: polygon_api.rest module is required but not importable.
2025-10-01T17:07:57.724831 CTEV [minute]: polygon_api.rest module is required but not importable.
2025-10-01T17:07:57.724831 CTGO [minute]: polygon_api.rest module is required but not importable.
2025-10-01T17:07:57.724831 CTKB [minute]: polygon_api.rest module is required but not importable.
2025-10-01T17:07:57.724831 CTLP [minute]: polygon_api.rest module is required but not importable.
2025-10-01T17:07:57.724831 CTMX [minute]: polygon_api.rest module is required but not importable.
2025-10-01T17:07:57.724831 CTNM [minute]: polygon_api.rest module is required but not importable.
2025-10-01T17:07:57.724831 CTO [minute]: polygon_api.rest module is required but not importable.
2025-10-01T17:07:57.724831 CTOS [minute]: polygon_api.rest module is required but not importable.
2025-10-01T17:07:57.724831 CTRI [minute]: polygon_api.rest module is required but not importable.
2025-10-01T17:07:57.724831 CTS [minute]: polygon_api.rest module is required but not importable.
2025-10-01T17:07:57.724831 CUB [minute]: polygon_api.rest module is required but not importable.
2025-10-01T17:07:57.724831 CVAC [minute]: polygon_api.rest module is required but not importable.
2025-10-01T17:07:57.724831 CVGW [minute]: polygon_api.rest module is required but not importable.
2025-10-01T17:07:57.724831 CVLG [minute]: polygon_api.rest module is required but not importable.
2025-10-01T17:07:57.724831 CWBC [minute]: polygon_api.rest module is required but not importable.
2025-10-01T17:07:57.724831 CWCO [minute]: polygon_api.rest module is required but not importable.
2025-10-01T17:07:57.724831 CWH [minute]: polygon_api.rest module is required but not importable.
2025-10-01T17:07:57.724831 CXM [minute]: polygon_api.rest module is required but not importable.
2025-10-01T17:07:57.724831 CYD [minute]: polygon_api.rest module is required but not importable.
2025-10-01T17:07:57.724831 CYH [minute]: polygon_api.rest module is required but not importable.
2025-10-01T17:07:57.724831 CYRX [minute]: polygon_api.rest module is required but not importable.
2025-10-01T17:07:57.724831 CZNC [minute]: polygon_api.rest module is required but not importable.
2025-10-01T17:07:57.724831 DAC [minute]: polygon_api.rest module is required but not importable.
2025-10-01T17:07:57.724831 DAKT [minute]: polygon_api.rest module is required but not importable.
2025-10-01T17:07:57.724831 DAO [minute]: polygon_api.rest module is required but not importable.
2025-10-01T17:07:57.724831 DAVA [minute]: polygon_api.rest module is required but not importable.
2025-10-01T17:07:57.724831 DAWN [minute]: polygon_api.rest module is required but not importable.
2025-10-01T17:07:57.724831 DC [minute]: polygon_api.rest module is required but not importable.
2025-10-01T17:07:57.724831 DCBO [minute]: polygon_api.rest module is required but not importable.
2025-10-01T17:07:57.724831 DCO [minute]: polygon_api.rest module is required but not importable.
2025-10-01T17:07:57.724831 DCOM [minute]: polygon_api.rest module is required but not importable.
2025-10-01T17:07:57.724831 DCTH [minute]: polygon_api.rest module is required but not importable.
2025-10-01T17:07:57.724831 DDD [minute]: polygon_api.rest module is required but not importable.
2025-10-01T17:07:57.724831 DDI [minute]: polygon_api.rest module is required but not importable.
2025-10-01T17:07:57.724831 DDL [minute]: polygon_api.rest module is required but not importable.
2025-10-01T17:07:57.724831 DEA [minute]: polygon_api.rest module is required but not importable.
2025-10-01T17:07:57.724831 DEC [minute]: polygon_api.rest module is required but not importable.
2025-10-01T17:07:57.724831 DEFT [minute]: polygon_api.rest module is required but not importable.
2025-10-01T17:07:57.724831 DFDV [minute]: polygon_api.rest module is required but not importable.
2025-10-01T17:07:57.724831 DFIN [minute]: polygon_api.rest module is required but not importable.
2025-10-01T17:07:57.724831 DFP [minute]: polygon_api.rest module is required but not importable.
2025-10-01T17:07:57.724831 DGICA [minute]: polygon_api.rest module is required but not importable.
2025-10-01T17:07:57.724831 DGII [minute]: polygon_api.rest module is required but not importable.
2025-10-01T17:07:57.724831 DH [minute]: polygon_api.rest module is required but not importable.
2025-10-01T17:07:57.724831 DHC [minute]: polygon_api.rest module is required but not importable.
2025-10-01T17:07:57.724831 DHIL [minute]: polygon_api.rest module is required but not importable.
2025-10-01T17:07:57.724831 DHT [minute]: polygon_api.rest module is required but not importable.
2025-10-01T17:07:57.724831 DIAX [minute]: polygon_api.rest module is required but not importable.
2025-10-01T17:07:57.724831 DIN [minute]: polygon_api.rest module is required but not importable.
2025-10-01T17:07:57.724831 DJCO [minute]: polygon_api.rest module is required but not importable.
2025-10-01T17:07:57.724831 DK [minute]: polygon_api.rest module is required but not importable.
2025-10-01T17:07:57.724831 DLX [minute]: polygon_api.rest module is required but not importable.
2025-10-01T17:07:57.724831 DLY [minute]: polygon_api.rest module is required but not importable.
2025-10-01T17:07:57.724831 DMAA [minute]: polygon_api.rest module is required but not importable.
2025-10-01T17:07:57.724831 DMAC [minute]: polygon_api.rest module is required but not importable.
2025-10-01T17:07:57.724831 DMIIU [minute]: polygon_api.rest module is required but not importable.
2025-10-01T17:07:57.724831 DMLP [minute]: polygon_api.rest module is required but not importable.
2025-10-01T17:07:57.724831 DNA [minute]: polygon_api.rest module is required but not importable.
2025-10-01T17:07:57.724831 DNOW [minute]: polygon_api.rest module is required but not importable.
2025-10-01T17:07:57.724831 DNTH [minute]: polygon_api.rest module is required but not importable.
2025-10-01T17:07:57.724831 DNUT [minute]: polygon_api.rest module is required but not importable.
2025-10-01T17:07:57.724831 DOLE [minute]: polygon_api.rest module is required but not importable.
2025-10-01T17:07:57.724831 DOMO [minute]: polygon_api.rest module is required but not importable.
2025-10-01T17:07:57.724831 DPG [minute]: polygon_api.rest module is required but not importable.
2025-10-01T17:07:57.724831 DQ [minute]: polygon_api.rest module is required but not importable.
2025-10-01T17:07:57.724831 DRDB [minute]: polygon_api.rest module is required but not importable.
2025-10-01T17:07:57.724831 DRH [minute]: polygon_api.rest module is required but not importable.
2025-10-01T17:07:57.724831 DRTS [minute]: polygon_api.rest module is required but not importable.
2025-10-01T17:07:57.724831 DRUG [minute]: polygon_api.rest module is required but not importable.
2025-10-01T17:07:57.724831 DSGN [minute]: polygon_api.rest module is required but not importable.
2025-10-01T17:07:57.724831 DSGR [minute]: polygon_api.rest module is required but not importable.
2025-10-01T17:07:57.724831 DSL [minute]: polygon_api.rest module is required but not importable.
2025-10-01T17:07:57.724831 DSP [minute]: polygon_api.rest module is required but not importable.
2025-10-01T17:07:57.724831 DSU [minute]: polygon_api.rest module is required but not importable.
2025-10-01T17:07:57.724831 DV [minute]: polygon_api.rest module is required but not importable.
2025-10-01T17:07:57.724831 DVAX [minute]: polygon_api.rest module is required but not importable.
2025-10-01T17:07:57.724831 DVS [minute]: polygon_api.rest module is required but not importable.
2025-10-01T17:07:57.724831 DX [minute]: polygon_api.rest module is required but not importable.
2025-10-01T17:07:57.724831 DXPE [minute]: polygon_api.rest module is required but not importable.
2025-10-01T17:07:57.724831 DXYZ [minute]: polygon_api.rest module is required but not importable.
2025-10-01T17:07:57.724831 DYN [minute]: polygon_api.rest module is required but not importable.
2025-10-01T17:07:57.724831 EAD [minute]: polygon_api.rest module is required but not importable.
2025-10-01T17:07:57.724831 EAF [minute]: polygon_api.rest module is required but not importable.
2025-10-01T17:07:57.724831 EBF [minute]: polygon_api.rest module is required but not importable.
2025-10-01T17:07:57.724831 EBS [minute]: polygon_api.rest module is required but not importable.
2025-10-01T17:07:57.724831 ECAT [minute]: polygon_api.rest module is required but not importable.
2025-10-01T17:07:57.724831 ECC [minute]: polygon_api.rest module is required but not importable.
2025-10-01T17:07:57.724831 ECO [minute]: polygon_api.rest module is required but not importable.
2025-10-01T17:07:57.724831 ECPG [minute]: polygon_api.rest module is required but not importable.
2025-10-01T17:07:57.724831 ECVT [minute]: polygon_api.rest module is required but not importable.
2025-10-01T17:07:57.724831 ECX [minute]: polygon_api.rest module is required but not importable.
2025-10-01T17:07:57.724831 EDD [minute]: polygon_api.rest module is required but not importable.
2025-10-01T17:07:57.724831 EDIT [minute]: polygon_api.rest module is required but not importable.
2025-10-01T17:07:57.724831 EDN [minute]: polygon_api.rest module is required but not importable.
2025-10-01T17:07:57.724831 EEX [minute]: polygon_api.rest module is required but not importable.
2025-10-01T17:07:57.724831 EFC [minute]: polygon_api.rest module is required but not importable.
2025-10-01T17:07:57.724831 EFR [minute]: polygon_api.rest module is required but not importable.
2025-10-01T17:07:57.724831 EFT [minute]: polygon_api.rest module is required but not importable.
2025-10-01T17:07:57.724831 EFTY [minute]: polygon_api.rest module is required but not importable.
2025-10-01T17:07:57.724831 EFXT [minute]: polygon_api.rest module is required but not importable.
2025-10-01T17:07:57.724831 EGBN [minute]: polygon_api.rest module is required but not importable.
2025-10-01T17:07:57.724831 EGY [minute]: polygon_api.rest module is required but not importable.
2025-10-01T17:07:57.724831 EH [minute]: polygon_api.rest module is required but not importable.
2025-10-01T17:07:57.724831 EHAB [minute]: polygon_api.rest module is required but not importable.
2025-10-01T17:07:57.724831 EIC [minute]: polygon_api.rest module is required but not importable.
2025-10-01T17:07:57.724831 EIG [minute]: polygon_api.rest module is required but not importable.
2025-10-01T17:07:57.724831 EIM [minute]: polygon_api.rest module is required but not importable.
2025-10-01T17:07:57.724831 ELME [minute]: polygon_api.rest module is required but not importable.
2025-10-01T17:07:57.724831 ELVN [minute]: polygon_api.rest module is required but not importable.
2025-10-01T17:07:57.724831 ELVR [minute]: polygon_api.rest module is required but not importable.
2025-10-01T17:07:57.724831 EMBC [minute]: polygon_api.rest module is required but not importable.
2025-10-01T17:07:57.724831 EMD [minute]: polygon_api.rest module is required but not importable.
2025-10-01T17:07:57.724831 EMO [minute]: polygon_api.rest module is required but not importable.
2025-10-01T17:07:57.724831 EMPD [minute]: polygon_api.rest module is required but not importable.
2025-10-01T17:07:57.724831 EMX [minute]: polygon_api.rest module is required but not importable.
2025-10-01T17:07:57.724831 ENGN [minute]: polygon_api.rest module is required but not importable.
2025-10-01T17:07:57.724831 ENOV [minute]: polygon_api.rest module is required but not importable.
2025-10-01T17:07:57.724831 ENR [minute]: polygon_api.rest module is required but not importable.
2025-10-01T17:07:57.724831 EOI [minute]: polygon_api.rest module is required but not importable.
2025-10-01T17:07:57.724831 EOLS [minute]: polygon_api.rest module is required but not importable.
2025-10-01T17:07:57.724831 EOS [minute]: polygon_api.rest module is required but not importable.
2025-10-01T17:07:57.724831 EPC [minute]: polygon_api.rest module is required but not importable.
2025-10-01T17:07:57.724831 EQBK [minute]: polygon_api.rest module is required but not importable.
2025-10-01T17:07:57.724831 EQV [minute]: polygon_api.rest module is required but not importable.
2025-10-01T17:07:57.724831 ERAS [minute]: polygon_api.rest module is required but not importable.
2025-10-01T17:07:57.724831 ERII [minute]: polygon_api.rest module is required but not importable.
2025-10-01T17:07:57.724831 ESEA [minute]: polygon_api.rest module is required but not importable.
2025-10-01T17:07:57.724831 ESPR [minute]: polygon_api.rest module is required but not importable.
2025-10-01T17:07:57.724831 ESQ [minute]: polygon_api.rest module is required but not importable.
2025-10-01T17:07:57.724831 ESRT [minute]: polygon_api.rest module is required but not importable.
2025-10-01T17:07:57.724831 ESTA [minute]: polygon_api.rest module is required but not importable.
2025-10-01T17:07:57.724831 ETB [minute]: polygon_api.rest module is required but not importable.
2025-10-01T17:07:57.724831 ETD [minute]: polygon_api.rest module is required but not importable.
2025-10-01T17:07:57.724831 ETG [minute]: polygon_api.rest module is required but not importable.
2025-10-01T17:07:57.724831 ETHZ [minute]: polygon_api.rest module is required but not importable.
2025-10-01T17:07:57.724831 ETJ [minute]: polygon_api.rest module is required but not importable.
2025-10-01T17:07:57.724831 ETO [minute]: polygon_api.rest module is required but not importable.
2025-10-01T17:07:57.724831 ETON [minute]: polygon_api.rest module is required but not importable.
2025-10-01T17:07:57.724831 ETV [minute]: polygon_api.rest module is required but not importable.
2025-10-01T17:07:57.724831 ETW [minute]: polygon_api.rest module is required but not importable.
2025-10-01T17:07:57.724831 EU [minute]: polygon_api.rest module is required but not importable.
2025-10-01T17:07:57.724831 EVAC [minute]: polygon_api.rest module is required but not importable.
2025-10-01T17:07:57.724831 EVCM [minute]: polygon_api.rest module is required but not importable.
2025-10-01T17:07:57.724831 EVER [minute]: polygon_api.rest module is required but not importable.
2025-10-01T17:07:57.724831 EVEX [minute]: polygon_api.rest module is required but not importable.
2025-10-01T17:07:57.724831 EVGO [minute]: polygon_api.rest module is required but not importable.
2025-10-01T17:07:57.724831 EVH [minute]: polygon_api.rest module is required but not importable.
2025-10-01T17:07:57.724831 EVI [minute]: polygon_api.rest module is required but not importable.
2025-10-01T17:07:57.724831 EVLV [minute]: polygon_api.rest module is required but not importable.
2025-10-01T17:07:57.724831 EVN [minute]: polygon_api.rest module is required but not importable.
2025-10-01T17:07:57.724831 EVO [minute]: polygon_api.rest module is required but not importable.
2025-10-01T17:07:57.724831 EVT [minute]: polygon_api.rest module is required but not importable.
2025-10-01T17:07:57.724831 EVTL [minute]: polygon_api.rest module is required but not importable.
2025-10-01T17:07:57.724831 EVV [minute]: polygon_api.rest module is required but not importable.
2025-10-01T17:07:57.724831 EWTX [minute]: polygon_api.rest module is required but not importable.
2025-10-01T17:07:57.724831 EXOD [minute]: polygon_api.rest module is required but not importable.
2025-10-01T17:07:57.724831 EXPI [minute]: polygon_api.rest module is required but not importable.
2025-10-01T17:07:57.724831 EYPT [minute]: polygon_api.rest module is required but not importable.
2025-10-01T17:07:57.724831 EZPW [minute]: polygon_api.rest module is required but not importable.
2025-10-01T17:07:57.724831 FAX [minute]: polygon_api.rest module is required but not importable.
2025-10-01T17:07:57.724831 FBIZ [minute]: polygon_api.rest module is required but not importable.
2025-10-01T17:07:57.724831 FBRT [minute]: polygon_api.rest module is required but not importable.
2025-10-01T17:07:57.724831 FBYD [minute]: polygon_api.rest module is required but not importable.
2025-10-01T17:07:57.724831 FCBC [minute]: polygon_api.rest module is required but not importable.
2025-10-01T17:07:57.724831 FCF [minute]: polygon_api.rest module is required but not importable.
2025-10-01T17:07:57.724831 FDMT [minute]: polygon_api.rest module is required but not importable.
2025-10-01T17:07:57.724831 FDP [minute]: polygon_api.rest module is required but not importable.
2025-10-01T17:07:57.724831 FDUS [minute]: polygon_api.rest module is required but not importable.
2025-10-01T17:07:57.724831 FEIM [minute]: polygon_api.rest module is required but not importable.
2025-10-01T17:07:57.724831 FERA [minute]: polygon_api.rest module is required but not importable.
2025-10-01T17:07:57.724831 FET [minute]: polygon_api.rest module is required but not importable.
2025-10-01T17:07:57.724831 FFA [minute]: polygon_api.rest module is required but not importable.
2025-10-01T17:07:57.724831 FFC [minute]: polygon_api.rest module is required but not importable.
2025-10-01T17:07:57.724831 FFIC [minute]: polygon_api.rest module is required but not importable.
2025-10-01T17:07:57.724831 FFWM [minute]: polygon_api.rest module is required but not importable.
2025-10-01T17:07:57.724831 FIGS [minute]: polygon_api.rest module is required but not importable.
2025-10-01T17:07:57.724831 FIHL [minute]: polygon_api.rest module is required but not importable.
2025-10-01T17:07:57.724831 FINS [minute]: polygon_api.rest module is required but not importable.
2025-10-01T17:07:57.724831 FINV [minute]: polygon_api.rest module is required but not importable.
2025-10-01T17:07:57.724831 FIP [minute]: polygon_api.rest module is required but not importable.
2025-10-01T17:07:57.724831 FISI [minute]: polygon_api.rest module is required but not importable.
2025-10-01T17:07:57.724831 FIVN [minute]: polygon_api.rest module is required but not importable.
2025-10-01T17:07:57.724831 FLGT [minute]: polygon_api.rest module is required but not importable.
2025-10-01T17:07:57.724831 FLNG [minute]: polygon_api.rest module is required but not importable.
2025-10-01T17:07:57.724831 FLOC [minute]: polygon_api.rest module is required but not importable.
2025-10-01T17:07:57.724831 FLYW [minute]: polygon_api.rest module is required but not importable.
2025-10-01T17:07:57.724831 FLYX [minute]: polygon_api.rest module is required but not importable.
2025-10-01T17:07:57.724831 FMAO [minute]: polygon_api.rest module is required but not importable.
2025-10-01T17:07:57.724831 FMBH [minute]: polygon_api.rest module is required but not importable.
2025-10-01T17:07:57.724831 FMNB [minute]: polygon_api.rest module is required but not importable.
2025-10-01T17:07:57.724831 FOA [minute]: polygon_api.rest module is required but not importable.
2025-10-01T17:07:57.724831 FOF [minute]: polygon_api.rest module is required but not importable.
2025-10-01T17:07:57.724831 FOR [minute]: polygon_api.rest module is required but not importable.
2025-10-01T17:07:57.724831 FOXF [minute]: polygon_api.rest module is required but not importable.
2025-10-01T17:07:57.724831 FPF [minute]: polygon_api.rest module is required but not importable.
2025-10-01T17:07:57.724831 FPH [minute]: polygon_api.rest module is required but not importable.
2025-10-01T17:07:57.724831 FPI [minute]: polygon_api.rest module is required but not importable.
2025-10-01T17:07:57.724831 FRA [minute]: polygon_api.rest module is required but not importable.
2025-10-01T17:07:57.724831 FRBA [minute]: polygon_api.rest module is required but not importable.
2025-10-01T17:07:57.724831 FRPH [minute]: polygon_api.rest module is required but not importable.
2025-10-01T17:07:57.724831 FSBC [minute]: polygon_api.rest module is required but not importable.
2025-10-01T17:07:57.724831 FSCO [minute]: polygon_api.rest module is required but not importable.
2025-10-01T17:07:57.724831 FSLY [minute]: polygon_api.rest module is required but not importable.
2025-10-01T17:07:57.724831 FSUN [minute]: polygon_api.rest module is required but not importable.
2025-10-01T17:07:57.724831 FTHY [minute]: polygon_api.rest module is required but not importable.
2025-10-01T17:07:57.724831 FTK [minute]: polygon_api.rest module is required but not importable.
2025-10-01T17:07:57.724831 FTRE [minute]: polygon_api.rest module is required but not importable.
2025-10-01T17:07:57.724831 FUBO [minute]: polygon_api.rest module is required but not importable.
2025-10-01T17:07:57.724831 FUFU [minute]: polygon_api.rest module is required but not importable.
2025-10-01T17:07:57.724831 FULC [minute]: polygon_api.rest module is required but not importable.
2025-10-01T17:07:57.724831 FVR [minute]: polygon_api.rest module is required but not importable.
2025-10-01T17:07:57.724831 FVRR [minute]: polygon_api.rest module is required but not importable.
2025-10-01T17:07:57.724831 FWRD [minute]: polygon_api.rest module is required but not importable.
2025-10-01T17:07:57.724831 FWRG [minute]: polygon_api.rest module is required but not importable.
2025-10-01T17:07:57.724831 GAB [minute]: polygon_api.rest module is required but not importable.
2025-10-01T17:07:57.724831 GABC [minute]: polygon_api.rest module is required but not importable.
2025-10-01T17:07:57.724831 GAIN [minute]: polygon_api.rest module is required but not importable.
2025-10-01T17:07:57.724831 GAM [minute]: polygon_api.rest module is required but not importable.
2025-10-01T17:07:57.724831 GAU [minute]: polygon_api.rest module is required but not importable.
2025-10-01T17:07:57.724831 GBAB [minute]: polygon_api.rest module is required but not importable.
2025-10-01T17:07:57.724831 GBFH [minute]: polygon_api.rest module is required but not importable.
2025-10-01T17:07:57.724831 GBLI [minute]: polygon_api.rest module is required but not importable.
2025-10-01T17:07:57.724831 GBX [minute]: polygon_api.rest module is required but not importable.
2025-10-01T17:07:57.724831 GCBC [minute]: polygon_api.rest module is required but not importable.
2025-10-01T17:07:57.724831 GCI [minute]: polygon_api.rest module is required but not importable.
2025-10-01T17:07:57.724831 GCL [minute]: polygon_api.rest module is required but not importable.
2025-10-01T17:07:57.724831 GCO [minute]: polygon_api.rest module is required but not importable.
2025-10-01T17:07:57.724831 GCT [minute]: polygon_api.rest module is required but not importable.
2025-10-01T17:07:57.724831 GDEN [minute]: polygon_api.rest module is required but not importable.
2025-10-01T17:07:57.724831 GDEV [minute]: polygon_api.rest module is required but not importable.
2025-10-01T17:07:57.724831 GDOT [minute]: polygon_api.rest module is required but not importable.
2025-10-01T17:07:57.724831 GDRX [minute]: polygon_api.rest module is required but not importable.
2025-10-01T17:07:57.724831 GDYN [minute]: polygon_api.rest module is required but not importable.
2025-10-01T17:07:57.724831 GERN [minute]: polygon_api.rest module is required but not importable.
2025-10-01T17:07:57.724831 GES [minute]: polygon_api.rest module is required but not importable.
2025-10-01T17:07:57.724831 GETY [minute]: polygon_api.rest module is required but not importable.
2025-10-01T17:07:57.724831 GEVO [minute]: polygon_api.rest module is required but not importable.
2025-10-01T17:07:57.724831 GFR [minute]: polygon_api.rest module is required but not importable.
2025-10-01T17:07:57.724831 GGN [minute]: polygon_api.rest module is required but not importable.
2025-10-01T17:07:57.724831 GHLD [minute]: polygon_api.rest module is required but not importable.
2025-10-01T17:07:57.724831 GHM [minute]: polygon_api.rest module is required but not importable.
2025-10-01T17:07:57.724831 GHRS [minute]: polygon_api.rest module is required but not importable.
2025-10-01T17:07:57.724831 GHY [minute]: polygon_api.rest module is required but not importable.
2025-10-01T17:07:57.724831 GIC [minute]: polygon_api.rest module is required but not importable.
2025-10-01T17:07:57.724831 GIG [minute]: polygon_api.rest module is required but not importable.
2025-10-01T17:07:57.724831 GIII [minute]: polygon_api.rest module is required but not importable.
2025-10-01T17:07:57.724831 GILT [minute]: polygon_api.rest module is required but not importable.
2025-10-01T17:07:57.724831 GLAD [minute]: polygon_api.rest module is required but not importable.
2025-10-01T17:07:57.724831 GLDD [minute]: polygon_api.rest module is required but not importable.
2025-10-01T17:07:57.724831 GLIBA [minute]: polygon_api.rest module is required but not importable.
2025-10-01T17:07:57.724831 GLIBK [minute]: polygon_api.rest module is required but not importable.
2025-10-01T17:07:57.724831 GLP [minute]: polygon_api.rest module is required but not importable.
2025-10-01T17:07:57.724831 GLRE [minute]: polygon_api.rest module is required but not importable.
2025-10-01T17:07:57.724831 GLUE [minute]: polygon_api.rest module is required but not importable.
2025-10-01T17:07:57.724831 GMRE [minute]: polygon_api.rest module is required but not importable.
2025-10-01T17:07:57.724831 GNE [minute]: polygon_api.rest module is required but not importable.
2025-10-01T17:07:57.724831 GNK [minute]: polygon_api.rest module is required but not importable.
2025-10-01T17:07:57.724831 GNL [minute]: polygon_api.rest module is required but not importable.
2025-10-01T17:07:57.724831 GNTY [minute]: polygon_api.rest module is required but not importable.
2025-10-01T17:07:57.724831 GO [minute]: polygon_api.rest module is required but not importable.
2025-10-01T17:07:57.724831 GOGO [minute]: polygon_api.rest module is required but not importable.
2025-10-01T17:07:57.724831 GOOD [minute]: polygon_api.rest module is required but not importable.
2025-10-01T17:07:57.724831 GOOS [minute]: polygon_api.rest module is required but not importable.
2025-10-01T17:07:57.724831 GOSS [minute]: polygon_api.rest module is required but not importable.
2025-10-01T17:07:57.724831 GOTU [minute]: polygon_api.rest module is required but not importable.
2025-10-01T17:07:57.724831 GPAT [minute]: polygon_api.rest module is required but not importable.
2025-10-01T17:07:57.724831 GPCR [minute]: polygon_api.rest module is required but not importable.
2025-10-01T17:07:57.724831 GPRE [minute]: polygon_api.rest module is required but not importable.
2025-10-01T17:07:57.724831 GPRK [minute]: polygon_api.rest module is required but not importable.
2025-10-01T17:07:57.724831 GPRO [minute]: polygon_api.rest module is required but not importable.
2025-10-01T17:07:57.724831 GRAF [minute]: polygon_api.rest module is required but not importable.
2025-10-01T17:07:57.724831 GRC [minute]: polygon_api.rest module is required but not importable.
2025-10-01T17:07:57.724831 GRDN [minute]: polygon_api.rest module is required but not importable.
2025-10-01T17:07:57.724831 GRNT [minute]: polygon_api.rest module is required but not importable.
2025-10-01T17:07:57.724831 GROY [minute]: polygon_api.rest module is required but not importable.
2025-10-01T17:07:57.724831 GRPN [minute]: polygon_api.rest module is required but not importable.
2025-10-01T17:07:57.724831 GRRR [minute]: polygon_api.rest module is required but not importable.
2025-10-01T17:07:57.724831 GRVY [minute]: polygon_api.rest module is required but not importable.
2025-10-01T17:07:57.724831 GSBC [minute]: polygon_api.rest module is required but not importable.
2025-10-01T17:07:57.724831 GSBD [minute]: polygon_api.rest module is required but not importable.
2025-10-01T17:07:57.724831 GSL [minute]: polygon_api.rest module is required but not importable.
2025-10-01T17:07:57.724831 GSM [minute]: polygon_api.rest module is required but not importable.
2025-10-01T17:07:57.724831 GTEN [minute]: polygon_api.rest module is required but not importable.
2025-10-01T17:07:57.724831 GTN [minute]: polygon_api.rest module is required but not importable.
2025-10-01T17:07:57.724831 GTY [minute]: polygon_api.rest module is required but not importable.
2025-10-01T17:07:57.724831 GUG [minute]: polygon_api.rest module is required but not importable.
2025-10-01T17:07:57.724831 GUT [minute]: polygon_api.rest module is required but not importable.
2025-10-01T17:07:57.724831 GYRE [minute]: polygon_api.rest module is required but not importable.
2025-10-01T17:07:57.724831 HAFC [minute]: polygon_api.rest module is required but not importable.
2025-10-01T17:07:57.724831 HBCP [minute]: polygon_api.rest module is required but not importable.
2025-10-01T17:07:57.724831 HBNB [minute]: polygon_api.rest module is required but not importable.
2025-10-01T17:07:57.724831 HBNC [minute]: polygon_api.rest module is required but not importable.
2025-10-01T17:07:57.724831 HBT [minute]: polygon_api.rest module is required but not importable.
2025-10-01T17:07:57.724831 HCKT [minute]: polygon_api.rest module is required but not importable.
2025-10-01T17:07:57.724831 HCMA [minute]: polygon_api.rest module is required but not importable.
2025-10-01T17:07:57.724831 HCMAU [minute]: polygon_api.rest module is required but not importable.
2025-10-01T17:07:57.724831 HCSG [minute]: polygon_api.rest module is required but not importable.
2025-10-01T17:07:57.724831 HDL [minute]: polygon_api.rest module is required but not importable.
2025-10-01T17:07:57.724831 HDSN [minute]: polygon_api.rest module is required but not importable.
2025-10-01T17:07:57.724831 HELE [minute]: polygon_api.rest module is required but not importable.
2025-10-01T17:07:57.724831 HEPS [minute]: polygon_api.rest module is required but not importable.
2025-10-01T17:07:57.724831 HFRO [minute]: polygon_api.rest module is required but not importable.
2025-10-01T17:07:57.724831 HFWA [minute]: polygon_api.rest module is required but not importable.
2025-10-01T17:07:57.724831 HI [minute]: polygon_api.rest module is required but not importable.
2025-10-01T17:07:57.724831 HIFS [minute]: polygon_api.rest module is required but not importable.
2025-10-01T17:07:57.724831 HIMX [minute]: polygon_api.rest module is required but not importable.
2025-10-01T17:07:57.724831 HIO [minute]: polygon_api.rest module is required but not importable.
2025-10-01T17:07:57.724831 HIPO [minute]: polygon_api.rest module is required but not importable.
2025-10-01T17:07:57.724831 HITI [minute]: polygon_api.rest module is required but not importable.
2025-10-01T17:07:57.724831 HIVE [minute]: polygon_api.rest module is required but not importable.
2025-10-01T17:07:57.724831 HIX [minute]: polygon_api.rest module is required but not importable.
2025-10-01T17:07:57.724831 HLF [minute]: polygon_api.rest module is required but not importable.
2025-10-01T17:07:57.724831 HLIO [minute]: polygon_api.rest module is required but not importable.
2025-10-01T17:07:57.724831 HLIT [minute]: polygon_api.rest module is required but not importable.
2025-10-01T17:07:57.724831 HLLY [minute]: polygon_api.rest module is required but not importable.
2025-10-01T17:07:57.724831 HLMN [minute]: polygon_api.rest module is required but not importable.
2025-10-01T17:07:57.724831 HLX [minute]: polygon_api.rest module is required but not importable.
2025-10-01T17:07:57.724831 HMN [minute]: polygon_api.rest module is required but not importable.
2025-10-01T17:07:57.724831 HNRG [minute]: polygon_api.rest module is required but not importable.
2025-10-01T17:07:57.724831 HNST [minute]: polygon_api.rest module is required but not importable.
2025-10-01T17:07:57.724831 HOND [minute]: polygon_api.rest module is required but not importable.
2025-10-01T17:07:57.724831 HONE [minute]: polygon_api.rest module is required but not importable.
2025-10-01T17:07:57.724831 HOPE [minute]: polygon_api.rest module is required but not importable.
2025-10-01T17:07:57.724831 HOUS [minute]: polygon_api.rest module is required but not importable.
2025-10-01T17:07:57.724831 HOV [minute]: polygon_api.rest module is required but not importable.
2025-10-01T17:07:57.724831 HPF [minute]: polygon_api.rest module is required but not importable.
2025-10-01T17:07:57.724831 HPI [minute]: polygon_api.rest module is required but not importable.
2025-10-01T17:07:57.724831 HPK [minute]: polygon_api.rest module is required but not importable.
2025-10-01T17:07:57.724831 HPP [minute]: polygon_api.rest module is required but not importable.
2025-10-01T17:07:57.724831 HPS [minute]: polygon_api.rest module is required but not importable.
2025-10-01T17:07:57.724831 HQH [minute]: polygon_api.rest module is required but not importable.
2025-10-01T17:07:57.724831 HQL [minute]: polygon_api.rest module is required but not importable.
2025-10-01T17:07:57.724831 HRMY [minute]: polygon_api.rest module is required but not importable.
2025-10-01T17:07:57.724831 HROW [minute]: polygon_api.rest module is required but not importable.
2025-10-01T17:07:57.724831 HRTG [minute]: polygon_api.rest module is required but not importable.
2025-10-01T17:07:57.724831 HSHP [minute]: polygon_api.rest module is required but not importable.
2025-10-01T17:07:57.724831 HSII [minute]: polygon_api.rest module is required but not importable.
2025-10-01T17:07:57.724831 HSTM [minute]: polygon_api.rest module is required but not importable.
2025-10-01T17:07:57.724831 HTB [minute]: polygon_api.rest module is required but not importable.
2025-10-01T17:07:57.724831 HTBK [minute]: polygon_api.rest module is required but not importable.
2025-10-01T17:07:57.724831 HTD [minute]: polygon_api.rest module is required but not importable.
2025-10-01T17:07:57.724831 HTLD [minute]: polygon_api.rest module is required but not importable.
2025-10-01T17:07:57.724831 HTO [minute]: polygon_api.rest module is required but not importable.
2025-10-01T17:07:57.724831 HUN [minute]: polygon_api.rest module is required but not importable.
2025-10-01T17:07:57.724831 HVT [minute]: polygon_api.rest module is required but not importable.
2025-10-01T17:07:57.724831 HY [minute]: polygon_api.rest module is required but not importable.
2025-10-01T17:07:57.724831 HYAC [minute]: polygon_api.rest module is required but not importable.
2025-10-01T17:07:57.724831 HYLN [minute]: polygon_api.rest module is required but not importable.
2025-10-01T17:07:57.724831 HYMC [minute]: polygon_api.rest module is required but not importable.
2025-10-01T17:07:57.724831 HYT [minute]: polygon_api.rest module is required but not importable.
2025-10-01T17:07:57.724831 HZO [minute]: polygon_api.rest module is required but not importable.
2025-10-01T17:07:57.724831 IART [minute]: polygon_api.rest module is required but not importable.
2025-10-01T17:07:57.724831 IAS [minute]: polygon_api.rest module is required but not importable.
2025-10-01T17:07:57.724831 IBCP [minute]: polygon_api.rest module is required but not importable.
2025-10-01T17:07:57.724831 IBEX [minute]: polygon_api.rest module is required but not importable.
2025-10-01T17:07:57.724831 IBTA [minute]: polygon_api.rest module is required but not importable.
2025-10-01T17:07:57.724831 ICFI [minute]: polygon_api.rest module is required but not importable.
2025-10-01T17:07:57.724831 ICHR [minute]: polygon_api.rest module is required but not importable.
2025-10-01T17:07:57.724831 IDR [minute]: polygon_api.rest module is required but not importable.
2025-10-01T17:07:57.724831 IDT [minute]: polygon_api.rest module is required but not importable.
2025-10-01T17:07:57.724831 IE [minute]: polygon_api.rest module is required but not importable.
2025-10-01T17:07:57.724831 IFN [minute]: polygon_api.rest module is required but not importable.
2025-10-01T17:07:57.724831 IGD [minute]: polygon_api.rest module is required but not importable.
2025-10-01T17:07:57.724831 IGIC [minute]: polygon_api.rest module is required but not importable.
2025-10-01T17:07:57.724831 IGR [minute]: polygon_api.rest module is required but not importable.
2025-10-01T17:07:57.724831 IHRT [minute]: polygon_api.rest module is required but not importable.
2025-10-01T17:07:57.724831 IIIN [minute]: polygon_api.rest module is required but not importable.
2025-10-01T17:07:57.724831 IIIV [minute]: polygon_api.rest module is required but not importable.
2025-10-01T17:07:57.724831 IIM [minute]: polygon_api.rest module is required but not importable.
2025-10-01T17:07:57.724831 IIPR [minute]: polygon_api.rest module is required but not importable.
2025-10-01T17:07:57.724831 ILPT [minute]: polygon_api.rest module is required but not importable.
2025-10-01T17:07:57.724831 IMAB [minute]: polygon_api.rest module is required but not importable.
2025-10-01T17:07:57.724831 IMAX [minute]: polygon_api.rest module is required but not importable.
2025-10-01T17:07:57.724831 IMCR [minute]: polygon_api.rest module is required but not importable.
2025-10-01T17:07:57.724831 IMKTA [minute]: polygon_api.rest module is required but not importable.
2025-10-01T17:07:57.724831 IMNM [minute]: polygon_api.rest module is required but not importable.
2025-10-01T17:07:57.724831 IMOS [minute]: polygon_api.rest module is required but not importable.
2025-10-01T17:07:57.724831 IMRX [minute]: polygon_api.rest module is required but not importable.
2025-10-01T17:07:57.724831 IMTX [minute]: polygon_api.rest module is required but not importable.
2025-10-01T17:07:57.724831 IMXI [minute]: polygon_api.rest module is required but not importable.
2025-10-01T17:07:57.724831 INBX [minute]: polygon_api.rest module is required but not importable.
2025-10-01T17:07:57.724831 INDI [minute]: polygon_api.rest module is required but not importable.
2025-10-01T17:07:57.724831 INMD [minute]: polygon_api.rest module is required but not importable.
2025-10-01T17:07:57.724831 INN [minute]: polygon_api.rest module is required but not importable.
2025-10-01T17:07:57.724831 INNV [minute]: polygon_api.rest module is required but not importable.
2025-10-01T17:07:57.724831 INR [minute]: polygon_api.rest module is required but not importable.
2025-10-01T17:07:57.724831 INV [minute]: polygon_api.rest module is required but not importable.
2025-10-01T17:07:57.724831 INVA [minute]: polygon_api.rest module is required but not importable.
2025-10-01T17:07:57.724831 INVX [minute]: polygon_api.rest module is required but not importable.
2025-10-01T17:07:57.724831 INVZ [minute]: polygon_api.rest module is required but not importable.
2025-10-01T17:07:57.724831 IOSP [minute]: polygon_api.rest module is required but not importable.
2025-10-01T17:07:57.724831 IOVA [minute]: polygon_api.rest module is required but not importable.
2025-10-01T17:07:57.724831 IPCX [minute]: polygon_api.rest module is required but not importable.
2025-10-01T17:07:57.724831 IPI [minute]: polygon_api.rest module is required but not importable.
2025-10-01T17:07:57.724831 IPX [minute]: polygon_api.rest module is required but not importable.
2025-10-01T17:07:57.724831 IQ [minute]: polygon_api.rest module is required but not importable.
2025-10-01T17:07:57.724831 IQI [minute]: polygon_api.rest module is required but not importable.
2025-10-01T17:07:57.724831 IRDM [minute]: polygon_api.rest module is required but not importable.
2025-10-01T17:07:57.724831 IRMD [minute]: polygon_api.rest module is required but not importable.
2025-10-01T17:07:57.724831 IRS [minute]: polygon_api.rest module is required but not importable.
2025-10-01T17:07:57.724831 ISD [minute]: polygon_api.rest module is required but not importable.
2025-10-01T17:07:57.724831 ISOU [minute]: polygon_api.rest module is required but not importable.
2025-10-01T17:07:57.724831 ITIC [minute]: polygon_api.rest module is required but not importable.
2025-10-01T17:07:57.724831 ITRG [minute]: polygon_api.rest module is required but not importable.
2025-10-01T17:07:57.724831 ITRN [minute]: polygon_api.rest module is required but not importable.
2025-10-01T17:07:57.724831 IVA [minute]: polygon_api.rest module is required but not importable.
2025-10-01T17:07:57.724831 IVR [minute]: polygon_api.rest module is required but not importable.
2025-10-01T17:07:57.724831 JACK [minute]: polygon_api.rest module is required but not importable.
2025-10-01T17:07:57.724831 JAMF [minute]: polygon_api.rest module is required but not importable.
2025-10-01T17:07:57.724831 JANX [minute]: polygon_api.rest module is required but not importable.
2025-10-01T17:07:57.724831 JBGS [minute]: polygon_api.rest module is required but not importable.
2025-10-01T17:07:57.724831 JBI [minute]: polygon_api.rest module is required but not importable.
2025-10-01T17:07:57.724831 JBLU [minute]: polygon_api.rest module is required but not importable.
2025-10-01T17:07:57.724831 JBSS [minute]: polygon_api.rest module is required but not importable.
2025-10-01T17:07:57.724831 JCAP [minute]: polygon_api.rest module is required but not importable.
2025-10-01T17:07:57.724831 JELD [minute]: polygon_api.rest module is required but not importable.
2025-10-01T17:07:57.724831 JFR [minute]: polygon_api.rest module is required but not importable.
2025-10-01T17:07:57.724831 JGH [minute]: polygon_api.rest module is required but not importable.
2025-10-01T17:07:57.724831 JJSF [minute]: polygon_api.rest module is required but not importable.
2025-10-01T17:07:57.724831 JKS [minute]: polygon_api.rest module is required but not importable.
2025-10-01T17:07:57.724831 JMIA [minute]: polygon_api.rest module is required but not importable.
2025-10-01T17:07:57.724831 JOUT [minute]: polygon_api.rest module is required but not importable.
2025-10-01T17:07:57.724831 JQC [minute]: polygon_api.rest module is required but not importable.
2025-10-01T17:07:57.724831 JRI [minute]: polygon_api.rest module is required but not importable.
2025-10-01T17:07:57.724831 KALU [minute]: polygon_api.rest module is required but not importable.
2025-10-01T17:07:57.724831 KALV [minute]: polygon_api.rest module is required but not importable.
2025-10-01T17:07:57.724831 KARO [minute]: polygon_api.rest module is required but not importable.
2025-10-01T17:07:57.724831 KBDC [minute]: polygon_api.rest module is required but not importable.
2025-10-01T17:07:57.724831 KCHV [minute]: polygon_api.rest module is required but not importable.
2025-10-01T17:07:57.724831 KDK [minute]: polygon_api.rest module is required but not importable.
2025-10-01T17:07:57.724831 KE [minute]: polygon_api.rest module is required but not importable.
2025-10-01T17:07:57.724831 KELYA [minute]: polygon_api.rest module is required but not importable.
2025-10-01T17:07:57.724831 KFII [minute]: polygon_api.rest module is required but not importable.
2025-10-01T17:07:57.724831 KFRC [minute]: polygon_api.rest module is required but not importable.
2025-10-01T17:07:57.724831 KFS [minute]: polygon_api.rest module is required but not importable.
2025-10-01T17:07:57.724831 KIDS [minute]: polygon_api.rest module is required but not importable.
2025-10-01T17:07:57.724831 KIO [minute]: polygon_api.rest module is required but not importable.
2025-10-01T17:07:57.724831 KLC [minute]: polygon_api.rest module is required but not importable.
2025-10-01T17:07:57.724831 KLG [minute]: polygon_api.rest module is required but not importable.
2025-10-01T17:07:57.724831 KMDA [minute]: polygon_api.rest module is required but not importable.
2025-10-01T17:07:57.724831 KMT [minute]: polygon_api.rest module is required but not importable.
2025-10-01T17:07:57.724831 KMTS [minute]: polygon_api.rest module is required but not importable.
2025-10-01T17:07:57.724831 KNOP [minute]: polygon_api.rest module is required but not importable.
2025-10-01T17:07:57.724831 KOD [minute]: polygon_api.rest module is required but not importable.
2025-10-01T17:07:57.724831 KODK [minute]: polygon_api.rest module is required but not importable.
2025-10-01T17:07:57.724831 KOP [minute]: polygon_api.rest module is required but not importable.
2025-10-01T17:07:57.724831 KOPN [minute]: polygon_api.rest module is required but not importable.
2025-10-01T17:07:57.724831 KOS [minute]: polygon_api.rest module is required but not importable.
2025-10-01T17:07:57.724831 KOYN [minute]: polygon_api.rest module is required but not importable.
2025-10-01T17:07:57.724831 KOYNU [minute]: polygon_api.rest module is required but not importable.
2025-10-01T17:07:57.724831 KREF [minute]: polygon_api.rest module is required but not importable.
2025-10-01T17:07:57.724831 KRNT [minute]: polygon_api.rest module is required but not importable.
2025-10-01T17:07:57.724831 KRNY [minute]: polygon_api.rest module is required but not importable.
2025-10-01T17:07:57.724831 KRO [minute]: polygon_api.rest module is required but not importable.
2025-10-01T17:07:57.724831 KROS [minute]: polygon_api.rest module is required but not importable.
2025-10-01T17:07:57.724831 KRP [minute]: polygon_api.rest module is required but not importable.
2025-10-01T17:07:57.724831 KRRO [minute]: polygon_api.rest module is required but not importable.
2025-10-01T17:07:57.724831 KRT [minute]: polygon_api.rest module is required but not importable.
2025-10-01T17:07:57.724831 KRUS [minute]: polygon_api.rest module is required but not importable.
2025-10-01T17:07:57.724831 KSS [minute]: polygon_api.rest module is required but not importable.
2025-10-01T17:07:57.724831 KTF [minute]: polygon_api.rest module is required but not importable.
2025-10-01T17:07:57.724831 KURA [minute]: polygon_api.rest module is required but not importable.
2025-10-01T17:07:57.724831 KW [minute]: polygon_api.rest module is required but not importable.
2025-10-01T17:07:57.724831 LAB [minute]: polygon_api.rest module is required but not importable.
2025-10-01T17:07:57.724831 LAC [minute]: polygon_api.rest module is required but not importable.
2025-10-01T17:07:57.724831 LADR [minute]: polygon_api.rest module is required but not importable.
2025-10-01T17:07:57.724831 LAES [minute]: polygon_api.rest module is required but not importable.
2025-10-01T17:07:57.724831 LAND [minute]: polygon_api.rest module is required but not importable.
2025-10-01T17:07:57.724831 LAR [minute]: polygon_api.rest module is required but not importable.
2025-10-01T17:07:57.724831 LASR [minute]: polygon_api.rest module is required but not importable.
2025-10-01T17:07:57.724831 LAW [minute]: polygon_api.rest module is required but not importable.
2025-10-01T17:07:57.724831 LBRX [minute]: polygon_api.rest module is required but not importable.
2025-10-01T17:07:57.724831 LC [minute]: polygon_api.rest module is required but not importable.
2025-10-01T17:07:57.724831 LCTX [minute]: polygon_api.rest module is required but not importable.
2025-10-01T17:07:57.724831 LDI [minute]: polygon_api.rest module is required but not importable.
2025-10-01T17:07:57.724831 LDP [minute]: polygon_api.rest module is required but not importable.
2025-10-01T17:07:57.724831 LE [minute]: polygon_api.rest module is required but not importable.
2025-10-01T17:07:57.724831 LEG [minute]: polygon_api.rest module is required but not importable.
2025-10-01T17:07:57.724831 LEGH [minute]: polygon_api.rest module is required but not importable.
2025-10-01T17:07:57.724831 LENZ [minute]: polygon_api.rest module is required but not importable.
2025-10-01T17:07:57.724831 LEO [minute]: polygon_api.rest module is required but not importable.
2025-10-01T17:07:57.724831 LFMD [minute]: polygon_api.rest module is required but not importable.
2025-10-01T17:07:57.724831 LGIH [minute]: polygon_api.rest module is required but not importable.
2025-10-01T17:07:57.724831 LILA [minute]: polygon_api.rest module is required but not importable.
2025-10-01T17:07:57.724831 LILAK [minute]: polygon_api.rest module is required but not importable.
2025-10-01T17:07:57.724831 LINC [minute]: polygon_api.rest module is required but not importable.
2025-10-01T17:07:57.724831 LIND [minute]: polygon_api.rest module is required but not importable.
2025-10-01T17:07:57.724831 LKFN [minute]: polygon_api.rest module is required but not importable.
2025-10-01T17:07:57.724831 LMAT [minute]: polygon_api.rest module is required but not importable.
2025-10-01T17:07:57.724831 LMB [minute]: polygon_api.rest module is required but not importable.
2025-10-01T17:07:57.724831 LND [minute]: polygon_api.rest module is required but not importable.
2025-10-01T17:07:57.724831 LNN [minute]: polygon_api.rest module is required but not importable.
2025-10-01T17:07:57.724831 LOB [minute]: polygon_api.rest module is required but not importable.
2025-10-01T17:07:57.724831 LOMA [minute]: polygon_api.rest module is required but not importable.
2025-10-01T17:07:57.724831 LOT [minute]: polygon_api.rest module is required but not importable.
2025-10-01T17:07:57.724831 LPAA [minute]: polygon_api.rest module is required but not importable.
2025-10-01T17:07:57.724831 LPBB [minute]: polygon_api.rest module is required but not importable.
2025-10-01T17:07:57.724831 LPG [minute]: polygon_api.rest module is required but not importable.
2025-10-01T17:07:57.724831 LPTH [minute]: polygon_api.rest module is required but not importable.
2025-10-01T17:07:57.724831 LQDA [minute]: polygon_api.rest module is required but not importable.
2025-10-01T17:07:57.724831 LQDT [minute]: polygon_api.rest module is required but not importable.
2025-10-01T17:07:57.724831 LRMR [minute]: polygon_api.rest module is required but not importable.
2025-10-01T17:07:57.724831 LSAK [minute]: polygon_api.rest module is required but not importable.
2025-10-01T17:07:57.724831 LSPD [minute]: polygon_api.rest module is required but not importable.
2025-10-01T17:07:57.724831 LTBR [minute]: polygon_api.rest module is required but not importable.
2025-10-01T17:07:57.724831 LTC [minute]: polygon_api.rest module is required but not importable.
2025-10-01T17:07:57.724831 LUCK [minute]: polygon_api.rest module is required but not importable.
2025-10-01T17:07:57.724831 LUNR [minute]: polygon_api.rest module is required but not importable.
2025-10-01T17:07:57.724831 LUXE [minute]: polygon_api.rest module is required but not importable.
2025-10-01T17:07:57.724831 LVWR [minute]: polygon_api.rest module is required but not importable.
2025-10-01T17:07:57.724831 LWAY [minute]: polygon_api.rest module is required but not importable.
2025-10-01T17:07:57.724831 LWLG [minute]: polygon_api.rest module is required but not importable.
2025-10-01T17:07:57.724831 LX [minute]: polygon_api.rest module is required but not importable.
2025-10-01T17:07:57.724831 LXEO [minute]: polygon_api.rest module is required but not importable.
2025-10-01T17:07:57.724831 LXFR [minute]: polygon_api.rest module is required but not importable.
2025-10-01T17:07:57.724831 LXRX [minute]: polygon_api.rest module is required but not importable.
2025-10-01T17:07:57.724831 LXU [minute]: polygon_api.rest module is required but not importable.
2025-10-01T17:07:57.724831 LYEL [minute]: polygon_api.rest module is required but not importable.
2025-10-01T17:07:57.724831 LYTS [minute]: polygon_api.rest module is required but not importable.
2025-10-01T17:07:57.724831 LZ [minute]: polygon_api.rest module is required but not importable.
2025-10-01T17:07:57.724831 LZB [minute]: polygon_api.rest module is required but not importable.
2025-10-01T17:07:57.724831 LZM [minute]: polygon_api.rest module is required but not importable.
2025-10-01T17:07:57.724831 LZMH [minute]: polygon_api.rest module is required but not importable.
2025-10-01T17:07:57.724831 MAAS [minute]: polygon_api.rest module is required but not importable.
2025-10-01T17:07:57.724831 MAGN [minute]: polygon_api.rest module is required but not importable.
2025-10-01T17:07:57.724831 MAMA [minute]: polygon_api.rest module is required but not importable.
2025-10-01T17:07:57.724831 MAN [minute]: polygon_api.rest module is required but not importable.
2025-10-01T17:07:57.724831 MASS [minute]: polygon_api.rest module is required but not importable.
2025-10-01T17:07:57.724831 MATV [minute]: polygon_api.rest module is required but not importable.
2025-10-01T17:07:57.724831 MATW [minute]: polygon_api.rest module is required but not importable.
2025-10-01T17:07:57.724831 MAX [minute]: polygon_api.rest module is required but not importable.
2025-10-01T17:07:57.724831 MAZE [minute]: polygon_api.rest module is required but not importable.
2025-10-01T17:07:57.724831 MBAV [minute]: polygon_api.rest module is required but not importable.
2025-10-01T17:07:57.724831 MBC [minute]: polygon_api.rest module is required but not importable.
2025-10-01T17:07:57.724831 MBI [minute]: polygon_api.rest module is required but not importable.
2025-10-01T17:07:57.724831 MBIN [minute]: polygon_api.rest module is required but not importable.
2025-10-01T17:07:57.724831 MBUU [minute]: polygon_api.rest module is required but not importable.
2025-10-01T17:07:57.724831 MBVIU [minute]: polygon_api.rest module is required but not importable.
2025-10-01T17:07:57.724831 MBWM [minute]: polygon_api.rest module is required but not importable.
2025-10-01T17:07:57.724831 MBX [minute]: polygon_api.rest module is required but not importable.
2025-10-01T17:07:57.724831 MCB [minute]: polygon_api.rest module is required but not importable.
2025-10-01T17:07:57.724831 MCBS [minute]: polygon_api.rest module is required but not importable.
2025-10-01T17:07:57.724831 MCFT [minute]: polygon_api.rest module is required but not importable.
2025-10-01T17:07:57.724831 MCI [minute]: polygon_api.rest module is required but not importable.
2025-10-01T17:07:57.724831 MCRI [minute]: polygon_api.rest module is required but not importable.
2025-10-01T17:07:57.724831 MCS [minute]: polygon_api.rest module is required but not importable.
2025-10-01T17:07:57.724831 MCW [minute]: polygon_api.rest module is required but not importable.
2025-10-01T17:07:57.724831 MD [minute]: polygon_api.rest module is required but not importable.
2025-10-01T17:07:57.724831 MDXG [minute]: polygon_api.rest module is required but not importable.
2025-10-01T17:07:57.724831 MEG [minute]: polygon_api.rest module is required but not importable.
2025-10-01T17:07:57.724831 MEGI [minute]: polygon_api.rest module is required but not importable.
2025-10-01T17:07:57.724831 MFA [minute]: polygon_api.rest module is required but not importable.
2025-10-01T17:07:57.724831 MFH [minute]: polygon_api.rest module is required but not importable.
2025-10-01T17:07:57.724831 MFIC [minute]: polygon_api.rest module is required but not importable.
2025-10-01T17:07:57.724831 MG [minute]: polygon_api.rest module is required but not importable.
2025-10-01T17:07:57.724831 MGIC [minute]: polygon_api.rest module is required but not importable.
2025-10-01T17:07:57.724831 MGPI [minute]: polygon_api.rest module is required but not importable.
2025-10-01T17:07:57.724831 MGTX [minute]: polygon_api.rest module is required but not importable.
2025-10-01T17:07:57.724831 MHD [minute]: polygon_api.rest module is required but not importable.
2025-10-01T17:07:57.724831 MHN [minute]: polygon_api.rest module is required but not importable.
2025-10-01T17:07:57.724831 MIN [minute]: polygon_api.rest module is required but not importable.
2025-10-01T17:07:57.724831 MITK [minute]: polygon_api.rest module is required but not importable.
2025-10-01T17:07:57.724831 MIY [minute]: polygon_api.rest module is required but not importable.
2025-10-01T17:07:57.724831 MLAB [minute]: polygon_api.rest module is required but not importable.
2025-10-01T17:07:57.724831 MLAC [minute]: polygon_api.rest module is required but not importable.
2025-10-01T17:07:57.724831 MLKN [minute]: polygon_api.rest module is required but not importable.
2025-10-01T17:07:57.724831 MLNK [minute]: polygon_api.rest module is required but not importable.
2025-10-01T17:07:57.724831 MLP [minute]: polygon_api.rest module is required but not importable.
2025-10-01T17:07:57.724831 MLR [minute]: polygon_api.rest module is required but not importable.
2025-10-01T17:07:57.724831 MLTX [minute]: polygon_api.rest module is required but not importable.
2025-10-01T17:07:57.724831 MMI [minute]: polygon_api.rest module is required but not importable.
2025-10-01T17:07:57.724831 MMU [minute]: polygon_api.rest module is required but not importable.
2025-10-01T17:07:57.724831 MNKD [minute]: polygon_api.rest module is required but not importable.
2025-10-01T17:07:57.724831 MNMD [minute]: polygon_api.rest module is required but not importable.
2025-10-01T17:07:57.724831 MNPR [minute]: polygon_api.rest module is required but not importable.
2025-10-01T17:07:57.724831 MNR [minute]: polygon_api.rest module is required but not importable.
2025-10-01T17:07:57.724831 MNRO [minute]: polygon_api.rest module is required but not importable.
2025-10-01T17:07:57.724831 MNTN [minute]: polygon_api.rest module is required but not importable.
2025-10-01T17:07:57.724831 MODG [minute]: polygon_api.rest module is required but not importable.
2025-10-01T17:07:57.724831 MOFG [minute]: polygon_api.rest module is required but not importable.
2025-10-01T17:07:57.724831 MOMO [minute]: polygon_api.rest module is required but not importable.
2025-10-01T17:07:57.724831 MPAA [minute]: polygon_api.rest module is required but not importable.
2025-10-01T17:07:57.724831 MPB [minute]: polygon_api.rest module is required but not importable.
2025-10-01T17:07:57.724831 MPX [minute]: polygon_api.rest module is required but not importable.
2025-10-01T17:07:57.724831 MQY [minute]: polygon_api.rest module is required but not importable.
2025-10-01T17:07:57.724831 MRC [minute]: polygon_api.rest module is required but not importable.
2025-10-01T17:07:57.724831 MREO [minute]: polygon_api.rest module is required but not importable.
2025-10-01T17:07:57.724831 MRTN [minute]: polygon_api.rest module is required but not importable.
2025-10-01T17:07:57.724831 MRVI [minute]: polygon_api.rest module is required but not importable.
2025-10-01T17:07:57.724831 MSB [minute]: polygon_api.rest module is required but not importable.
2025-10-01T17:07:57.724831 MSBI [minute]: polygon_api.rest module is required but not importable.
2025-10-01T17:07:57.724831 MSC [minute]: polygon_api.rest module is required but not importable.
2025-10-01T17:07:57.724831 MSDL [minute]: polygon_api.rest module is required but not importable.
2025-10-01T17:07:57.724831 MSEX [minute]: polygon_api.rest module is required but not importable.
2025-10-01T17:07:57.724831 MSIF [minute]: polygon_api.rest module is required but not importable.
2025-10-01T17:07:57.724831 MTA [minute]: polygon_api.rest module is required but not importable.
2025-10-01T17:07:57.724831 MTAL [minute]: polygon_api.rest module is required but not importable.
2025-10-01T17:07:57.724831 MTLS [minute]: polygon_api.rest module is required but not importable.
2025-10-01T17:07:57.724831 MTRX [minute]: polygon_api.rest module is required but not importable.
2025-10-01T17:07:57.724831 MTUS [minute]: polygon_api.rest module is required but not importable.
2025-10-01T17:07:57.724831 MTW [minute]: polygon_api.rest module is required but not importable.
2025-10-01T17:07:57.724831 MTX [minute]: polygon_api.rest module is required but not importable.
2025-10-01T17:07:57.724831 MUA [minute]: polygon_api.rest module is required but not importable.
2025-10-01T17:07:57.724831 MUC [minute]: polygon_api.rest module is required but not importable.
2025-10-01T17:07:57.724831 MUJ [minute]: polygon_api.rest module is required but not importable.
2025-10-01T17:07:57.724831 MUX [minute]: polygon_api.rest module is required but not importable.
2025-10-01T17:07:57.724831 MVBF [minute]: polygon_api.rest module is required but not importable.
2025-10-01T17:07:57.724831 MVF [minute]: polygon_api.rest module is required but not importable.
2025-10-01T17:07:57.724831 MVIS [minute]: polygon_api.rest module is required but not importable.
2025-10-01T17:07:57.724831 MVST [minute]: polygon_api.rest module is required but not importable.
2025-10-01T17:07:57.724831 MXL [minute]: polygon_api.rest module is required but not importable.
2025-10-01T17:07:57.724831 MYD [minute]: polygon_api.rest module is required but not importable.
2025-10-01T17:07:57.724831 MYE [minute]: polygon_api.rest module is required but not importable.
2025-10-01T17:07:57.724831 MYGN [minute]: polygon_api.rest module is required but not importable.
2025-10-01T17:07:57.724831 MYI [minute]: polygon_api.rest module is required but not importable.
2025-10-01T17:07:57.724831 MYN [minute]: polygon_api.rest module is required but not importable.
2025-10-01T17:07:57.724831 NABL [minute]: polygon_api.rest module is required but not importable.
2025-10-01T17:07:57.724831 NAC [minute]: polygon_api.rest module is required but not importable.
2025-10-01T17:07:57.724831 NAGE [minute]: polygon_api.rest module is required but not importable.
2025-10-01T17:07:57.724831 NAK [minute]: polygon_api.rest module is required but not importable.
2025-10-01T17:07:57.724831 NAKA [minute]: polygon_api.rest module is required but not importable.
2025-10-01T17:07:57.724831 NAN [minute]: polygon_api.rest module is required but not importable.
2025-10-01T17:07:57.724831 NAT [minute]: polygon_api.rest module is required but not importable.
2025-10-01T17:07:57.724831 NATH [minute]: polygon_api.rest module is required but not importable.
2025-10-01T17:07:57.724831 NAVI [minute]: polygon_api.rest module is required but not importable.
2025-10-01T17:07:57.724831 NB [minute]: polygon_api.rest module is required but not importable.
2025-10-01T17:07:57.724831 NBB [minute]: polygon_api.rest module is required but not importable.
2025-10-01T17:07:57.724831 NBBK [minute]: polygon_api.rest module is required but not importable.
2025-10-01T17:07:57.724831 NBH [minute]: polygon_api.rest module is required but not importable.
2025-10-01T17:07:57.724831 NBHC [minute]: polygon_api.rest module is required but not importable.
2025-10-01T17:07:57.724831 NBN [minute]: polygon_api.rest module is required but not importable.
2025-10-01T17:07:57.724831 NBR [minute]: polygon_api.rest module is required but not importable.
2025-10-01T17:07:57.724831 NBTX [minute]: polygon_api.rest module is required but not importable.
2025-10-01T17:07:57.724831 NBXG [minute]: polygon_api.rest module is required but not importable.
2025-10-01T17:07:57.724831 NC [minute]: polygon_api.rest module is required but not importable.
2025-10-01T17:07:57.724831 NCDL [minute]: polygon_api.rest module is required but not importable.
2025-10-01T17:07:57.724831 NCMI [minute]: polygon_api.rest module is required but not importable.
2025-10-01T17:07:57.724831 NCV [minute]: polygon_api.rest module is required but not importable.
2025-10-01T17:07:57.724831 NDMO [minute]: polygon_api.rest module is required but not importable.
2025-10-01T17:07:57.724831 NEGG [minute]: polygon_api.rest module is required but not importable.
2025-10-01T17:07:57.724831 NEO [minute]: polygon_api.rest module is required but not importable.
2025-10-01T17:07:57.724831 NEOG [minute]: polygon_api.rest module is required but not importable.
2025-10-01T17:07:57.724831 NESR [minute]: polygon_api.rest module is required but not importable.
2025-10-01T17:07:57.724831 NEWP [minute]: polygon_api.rest module is required but not importable.
2025-10-01T17:07:57.724831 NEXA [minute]: polygon_api.rest module is required but not importable.
2025-10-01T17:07:57.724831 NEXN [minute]: polygon_api.rest module is required but not importable.
2025-10-01T17:07:57.724831 NEXT [minute]: polygon_api.rest module is required but not importable.
2025-10-01T17:07:57.724831 NFBK [minute]: polygon_api.rest module is required but not importable.
2025-10-01T17:07:57.724831 NFE [minute]: polygon_api.rest module is required but not importable.
2025-10-01T17:07:57.724831 NFGC [minute]: polygon_api.rest module is required but not importable.
2025-10-01T17:07:57.724831 NFJ [minute]: polygon_api.rest module is required but not importable.
2025-10-01T17:07:57.724831 NGL [minute]: polygon_api.rest module is required but not importable.
2025-10-01T17:07:57.724831 NGS [minute]: polygon_api.rest module is required but not importable.
2025-10-01T17:07:57.724831 NGVC [minute]: polygon_api.rest module is required but not importable.
2025-10-01T17:07:57.724831 NGVT [minute]: polygon_api.rest module is required but not importable.
2025-10-01T17:07:57.724831 NHC [minute]: polygon_api.rest module is required but not importable.
2025-10-01T17:07:57.724831 NIC [minute]: polygon_api.rest module is required but not importable.
2025-10-01T17:07:57.724831 NIE [minute]: polygon_api.rest module is required but not importable.
2025-10-01T17:07:57.724831 NIU [minute]: polygon_api.rest module is required but not importable.
2025-10-01T17:07:57.724831 NKTR [minute]: polygon_api.rest module is required but not importable.
2025-10-01T17:07:57.724831 NKX [minute]: polygon_api.rest module is required but not importable.
2025-10-01T17:07:57.724831 NL [minute]: polygon_api.rest module is required but not importable.
2025-10-01T17:07:57.724831 NLOP [minute]: polygon_api.rest module is required but not importable.
2025-10-01T17:07:57.724831 NMAI [minute]: polygon_api.rest module is required but not importable.
2025-10-01T17:07:57.724831 NMAX [minute]: polygon_api.rest module is required but not importable.
2025-10-01T17:07:57.724831 NMCO [minute]: polygon_api.rest module is required but not importable.
2025-10-01T17:07:57.724831 NMFC [minute]: polygon_api.rest module is required but not importable.
2025-10-01T17:07:57.724831 NMG [minute]: polygon_api.rest module is required but not importable.
2025-10-01T17:07:57.724831 NML [minute]: polygon_api.rest module is required but not importable.
2025-10-01T17:07:57.724831 NMM [minute]: polygon_api.rest module is required but not importable.
2025-10-01T17:07:57.724831 NMZ [minute]: polygon_api.rest module is required but not importable.
2025-10-01T17:07:57.724831 NN [minute]: polygon_api.rest module is required but not importable.
2025-10-01T17:07:57.724831 NNDM [minute]: polygon_api.rest module is required but not importable.
2025-10-01T17:07:57.724831 NNE [minute]: polygon_api.rest module is required but not importable.
2025-10-01T17:07:57.724831 NOA [minute]: polygon_api.rest module is required but not importable.
2025-10-01T17:07:57.724831 NOAH [minute]: polygon_api.rest module is required but not importable.
2025-10-01T17:07:57.724831 NPAC [minute]: polygon_api.rest module is required but not importable.
2025-10-01T17:07:57.724831 NPB [minute]: polygon_api.rest module is required but not importable.
2025-10-01T17:07:57.724831 NPCE [minute]: polygon_api.rest module is required but not importable.
2025-10-01T17:07:57.724831 NPCT [minute]: polygon_api.rest module is required but not importable.
2025-10-01T17:07:57.724831 NPFD [minute]: polygon_api.rest module is required but not importable.
2025-10-01T17:07:57.724831 NPK [minute]: polygon_api.rest module is required but not importable.
2025-10-01T17:07:57.724831 NPKI [minute]: polygon_api.rest module is required but not importable.
2025-10-01T17:07:57.724831 NPWR [minute]: polygon_api.rest module is required but not importable.
2025-10-01T17:07:57.724831 NQP [minute]: polygon_api.rest module is required but not importable.
2025-10-01T17:07:57.724831 NRDS [minute]: polygon_api.rest module is required but not importable.
2025-10-01T17:07:57.724831 NRGV [minute]: polygon_api.rest module is required but not importable.
2025-10-01T17:07:57.724831 NRIM [minute]: polygon_api.rest module is required but not importable.
2025-10-01T17:07:57.724831 NRIX [minute]: polygon_api.rest module is required but not importable.
2025-10-01T17:07:57.724831 NRK [minute]: polygon_api.rest module is required but not importable.
2025-10-01T17:07:57.724831 NRP [minute]: polygon_api.rest module is required but not importable.
2025-10-01T17:07:57.724831 NSP [minute]: polygon_api.rest module is required but not importable.
2025-10-01T17:07:57.724831 NSSC [minute]: polygon_api.rest module is required but not importable.
2025-10-01T17:07:57.724831 NTB [minute]: polygon_api.rest module is required but not importable.
2025-10-01T17:07:57.724831 NTCT [minute]: polygon_api.rest module is required but not importable.
2025-10-01T17:07:57.724831 NTGR [minute]: polygon_api.rest module is required but not importable.
2025-10-01T17:07:57.724831 NTLA [minute]: polygon_api.rest module is required but not importable.
2025-10-01T17:07:57.724831 NTST [minute]: polygon_api.rest module is required but not importable.
2025-10-01T17:07:57.724831 NUS [minute]: polygon_api.rest module is required but not importable.
2025-10-01T17:07:57.724831 NUTX [minute]: polygon_api.rest module is required but not importable.
2025-10-01T17:07:57.724831 NUV [minute]: polygon_api.rest module is required but not importable.
2025-10-01T17:07:57.724831 NUVB [minute]: polygon_api.rest module is required but not importable.
2025-10-01T17:07:57.724831 NVAX [minute]: polygon_api.rest module is required but not importable.
2025-10-01T17:07:57.724831 NVCR [minute]: polygon_api.rest module is required but not importable.
2025-10-01T17:07:57.724831 NVEC [minute]: polygon_api.rest module is required but not importable.
2025-10-01T17:07:57.724831 NVGS [minute]: polygon_api.rest module is required but not importable.
2025-10-01T17:07:57.724831 NVRI [minute]: polygon_api.rest module is required but not importable.
2025-10-01T17:07:57.724831 NVTS [minute]: polygon_api.rest module is required but not importable.
2025-10-01T17:07:57.724831 NWBI [minute]: polygon_api.rest module is required but not importable.
2025-10-01T17:07:57.724831 NWN [minute]: polygon_api.rest module is required but not importable.
2025-10-01T17:07:57.724831 NWPX [minute]: polygon_api.rest module is required but not importable.
2025-10-01T17:07:57.724831 NX [minute]: polygon_api.rest module is required but not importable.
2025-10-01T17:07:57.724831 NXDR [minute]: polygon_api.rest module is required but not importable.
2025-10-01T17:07:57.724831 NXJ [minute]: polygon_api.rest module is required but not importable.
2025-10-01T17:07:57.724831 NXP [minute]: polygon_api.rest module is required but not importable.
2025-10-01T17:07:57.724831 NXRT [minute]: polygon_api.rest module is required but not importable.
2025-10-01T17:07:57.724831 NYAX [minute]: polygon_api.rest module is required but not importable.
2025-10-01T17:07:57.724831 OBE [minute]: polygon_api.rest module is required but not importable.
2025-10-01T17:07:57.724831 OBK [minute]: polygon_api.rest module is required but not importable.
2025-10-01T17:07:57.724831 OBT [minute]: polygon_api.rest module is required but not importable.
2025-10-01T17:07:57.724831 OCFC [minute]: polygon_api.rest module is required but not importable.
2025-10-01T17:07:57.724831 OCGN [minute]: polygon_api.rest module is required but not importable.
2025-10-01T17:07:57.724831 OCS [minute]: polygon_api.rest module is required but not importable.
2025-10-01T17:07:57.724831 OCSL [minute]: polygon_api.rest module is required but not importable.
2025-10-01T17:07:57.724831 OCUL [minute]: polygon_api.rest module is required but not importable.
2025-10-01T17:07:57.724831 ODC [minute]: polygon_api.rest module is required but not importable.
2025-10-01T17:07:57.724831 ODP [minute]: polygon_api.rest module is required but not importable.
2025-10-01T17:07:57.724831 ODV [minute]: polygon_api.rest module is required but not importable.
2025-10-01T17:07:57.724831 OEC [minute]: polygon_api.rest module is required but not importable.
2025-10-01T17:07:57.724831 OFG [minute]: polygon_api.rest module is required but not importable.
2025-10-01T17:07:57.724831 OFIX [minute]: polygon_api.rest module is required but not importable.
2025-10-01T17:07:57.724831 OFLX [minute]: polygon_api.rest module is required but not importable.
2025-10-01T17:07:57.724831 OIS [minute]: polygon_api.rest module is required but not importable.
2025-10-01T17:07:57.724831 OLMA [minute]: polygon_api.rest module is required but not importable.
2025-10-01T17:07:57.724831 OLP [minute]: polygon_api.rest module is required but not importable.
2025-10-01T17:07:57.724831 OLPX [minute]: polygon_api.rest module is required but not importable.
2025-10-01T17:07:57.724831 OMCL [minute]: polygon_api.rest module is required but not importable.
2025-10-01T17:07:57.724831 OMDA [minute]: polygon_api.rest module is required but not importable.
2025-10-01T17:07:57.724831 OMI [minute]: polygon_api.rest module is required but not importable.
2025-10-01T17:07:57.724831 ONIT [minute]: polygon_api.rest module is required but not importable.
2025-10-01T17:07:57.724831 OOMA [minute]: polygon_api.rest module is required but not importable.
2025-10-01T17:07:57.724831 OPAL [minute]: polygon_api.rest module is required but not importable.
2025-10-01T17:07:57.724831 OPFI [minute]: polygon_api.rest module is required but not importable.
2025-10-01T17:07:57.724831 OPK [minute]: polygon_api.rest module is required but not importable.
2025-10-01T17:07:57.724831 OPRA [minute]: polygon_api.rest module is required but not importable.
2025-10-01T17:07:57.724831 OPRX [minute]: polygon_api.rest module is required but not importable.
2025-10-01T17:07:57.724831 OPY [minute]: polygon_api.rest module is required but not importable.
2025-10-01T17:07:57.724831 ORC [minute]: polygon_api.rest module is required but not importable.
2025-10-01T17:07:57.724831 ORGO [minute]: polygon_api.rest module is required but not importable.
2025-10-01T17:07:57.724831 ORIC [minute]: polygon_api.rest module is required but not importable.
2025-10-01T17:07:57.724831 ORKA [minute]: polygon_api.rest module is required but not importable.
2025-10-01T17:07:57.724831 ORN [minute]: polygon_api.rest module is required but not importable.
2025-10-01T17:07:57.724831 ORRF [minute]: polygon_api.rest module is required but not importable.
2025-10-01T17:07:57.724831 OSBC [minute]: polygon_api.rest module is required but not importable.
2025-10-01T17:07:57.724831 OSPN [minute]: polygon_api.rest module is required but not importable.
2025-10-01T17:07:57.724831 OTLY [minute]: polygon_api.rest module is required but not importable.
2025-10-01T17:07:57.724831 OUST [minute]: polygon_api.rest module is required but not importable.
2025-10-01T17:07:57.724831 OXLC [minute]: polygon_api.rest module is required but not importable.
2025-10-01T17:07:57.724831 OXM [minute]: polygon_api.rest module is required but not importable.
2025-10-01T17:07:57.724831 OYSE [minute]: polygon_api.rest module is required but not importable.
2025-10-01T17:07:57.724831 PACB [minute]: polygon_api.rest module is required but not importable.
2025-10-01T17:07:57.724831 PACH [minute]: polygon_api.rest module is required but not importable.
2025-10-01T17:07:57.724831 PACK [minute]: polygon_api.rest module is required but not importable.
2025-10-01T17:07:57.724831 PAHC [minute]: polygon_api.rest module is required but not importable.
2025-10-01T17:07:57.724831 PANL [minute]: polygon_api.rest module is required but not importable.
2025-10-01T17:07:57.724831 PAR [minute]: polygon_api.rest module is required but not importable.
2025-10-01T17:07:57.724831 PARR [minute]: polygon_api.rest module is required but not importable.
2025-10-01T17:07:57.724831 PAXS [minute]: polygon_api.rest module is required but not importable.
2025-10-01T17:07:57.724831 PAYS [minute]: polygon_api.rest module is required but not importable.
2025-10-01T17:07:57.724831 PBFS [minute]: polygon_api.rest module is required but not importable.
2025-10-01T17:07:57.724831 PBI [minute]: polygon_api.rest module is required but not importable.
2025-10-01T17:07:57.724831 PBPB [minute]: polygon_api.rest module is required but not importable.
2025-10-01T17:07:57.724831 PBT [minute]: polygon_api.rest module is required but not importable.
2025-10-01T17:07:57.724831 PCAP [minute]: polygon_api.rest module is required but not importable.
2025-10-01T17:07:57.724831 PCN [minute]: polygon_api.rest module is required but not importable.
2025-10-01T17:07:57.724831 PCRX [minute]: polygon_api.rest module is required but not importable.
2025-10-01T17:07:57.724831 PD [minute]: polygon_api.rest module is required but not importable.
2025-10-01T17:07:57.724831 PDFS [minute]: polygon_api.rest module is required but not importable.
2025-10-01T17:07:57.724831 PDLB [minute]: polygon_api.rest module is required but not importable.
2025-10-01T17:07:57.724831 PDM [minute]: polygon_api.rest module is required but not importable.
2025-10-01T17:07:57.724831 PDO [minute]: polygon_api.rest module is required but not importable.
2025-10-01T17:07:57.724831 PDS [minute]: polygon_api.rest module is required but not importable.
2025-10-01T17:07:57.724831 PDT [minute]: polygon_api.rest module is required but not importable.
2025-10-01T17:07:57.724831 PDX [minute]: polygon_api.rest module is required but not importable.
2025-10-01T17:07:57.724831 PDYN [minute]: polygon_api.rest module is required but not importable.
2025-10-01T17:07:57.724831 PEB [minute]: polygon_api.rest module is required but not importable.
2025-10-01T17:07:57.724831 PEBO [minute]: polygon_api.rest module is required but not importable.
2025-10-01T17:07:57.724831 PENG [minute]: polygon_api.rest module is required but not importable.
2025-10-01T17:07:57.724831 PEO [minute]: polygon_api.rest module is required but not importable.
2025-10-01T17:07:57.724831 PERI [minute]: polygon_api.rest module is required but not importable.
2025-10-01T17:07:57.724831 PFBC [minute]: polygon_api.rest module is required but not importable.
2025-10-01T17:07:57.724831 PFIS [minute]: polygon_api.rest module is required but not importable.
2025-10-01T17:07:57.724831 PFL [minute]: polygon_api.rest module is required but not importable.
2025-10-01T17:07:57.724831 PFLT [minute]: polygon_api.rest module is required but not importable.
2025-10-01T17:07:57.724831 PFN [minute]: polygon_api.rest module is required but not importable.
2025-10-01T17:07:57.724831 PGC [minute]: polygon_api.rest module is required but not importable.
2025-10-01T17:07:57.724831 PGEN [minute]: polygon_api.rest module is required but not importable.
2025-10-01T17:07:57.724831 PGNY [minute]: polygon_api.rest module is required but not importable.
2025-10-01T17:07:57.724831 PGRE [minute]: polygon_api.rest module is required but not importable.
2025-10-01T17:07:57.724831 PHAR [minute]: polygon_api.rest module is required but not importable.
2025-10-01T17:07:57.724831 PHAT [minute]: polygon_api.rest module is required but not importable.
2025-10-01T17:07:57.724831 PHK [minute]: polygon_api.rest module is required but not importable.
2025-10-01T17:07:57.724831 PHLT [minute]: polygon_api.rest module is required but not importable.
2025-10-01T17:07:57.724831 PHR [minute]: polygon_api.rest module is required but not importable.
2025-10-01T17:07:57.724831 PHVS [minute]: polygon_api.rest module is required but not importable.
2025-10-01T17:07:57.724831 PKE [minute]: polygon_api.rest module is required but not importable.
2025-10-01T17:07:57.724831 PKOH [minute]: polygon_api.rest module is required but not importable.
2025-10-01T17:07:57.724831 PKST [minute]: polygon_api.rest module is required but not importable.
2025-10-01T17:07:57.724831 PLAB [minute]: polygon_api.rest module is required but not importable.
2025-10-01T17:07:57.724831 PLAY [minute]: polygon_api.rest module is required but not importable.
2025-10-01T17:07:57.724831 PLBC [minute]: polygon_api.rest module is required but not importable.
2025-10-01T17:07:57.724831 PLOW [minute]: polygon_api.rest module is required but not importable.
2025-10-01T17:07:57.724831 PLPC [minute]: polygon_api.rest module is required but not importable.
2025-10-01T17:07:57.724831 PLSE [minute]: polygon_api.rest module is required but not importable.
2025-10-01T17:07:57.724831 PLTK [minute]: polygon_api.rest module is required but not importable.
2025-10-01T17:07:57.724831 PLUS [minute]: polygon_api.rest module is required but not importable.
2025-10-01T17:07:57.724831 PLYM [minute]: polygon_api.rest module is required but not importable.
2025-10-01T17:07:57.724831 PMI [minute]: polygon_api.rest module is required but not importable.
2025-10-01T17:07:57.724831 PML [minute]: polygon_api.rest module is required but not importable.
2025-10-01T17:07:57.724831 PMT [minute]: polygon_api.rest module is required but not importable.
2025-10-01T17:07:57.724831 PMTR [minute]: polygon_api.rest module is required but not importable.
2025-10-01T17:07:57.724831 PNNT [minute]: polygon_api.rest module is required but not importable.
2025-10-01T17:07:57.724831 PNTG [minute]: polygon_api.rest module is required but not importable.
2025-10-01T17:07:57.724831 POET [minute]: polygon_api.rest module is required but not importable.
2025-10-01T17:07:57.724831 POLE [minute]: polygon_api.rest module is required but not importable.
2025-10-01T17:07:57.724831 PPT [minute]: polygon_api.rest module is required but not importable.
2025-10-01T17:07:57.724831 PRA [minute]: polygon_api.rest module is required but not importable.
2025-10-01T17:07:57.724831 PRAA [minute]: polygon_api.rest module is required but not importable.
2025-10-01T17:07:57.724831 PRAX [minute]: polygon_api.rest module is required but not importable.
2025-10-01T17:07:57.724831 PRCH [minute]: polygon_api.rest module is required but not importable.
2025-10-01T17:07:57.724831 PRCT [minute]: polygon_api.rest module is required but not importable.
2025-10-01T17:07:57.724831 PRG [minute]: polygon_api.rest module is required but not importable.
2025-10-01T17:07:57.724831 PRGS [minute]: polygon_api.rest module is required but not importable.
2025-10-01T17:07:57.724831 PRLB [minute]: polygon_api.rest module is required but not importable.
2025-10-01T17:07:57.724831 PRME [minute]: polygon_api.rest module is required but not importable.
2025-10-01T17:07:57.724831 PRO [minute]: polygon_api.rest module is required but not importable.
2025-10-01T17:07:57.724831 PROK [minute]: polygon_api.rest module is required but not importable.
2025-10-01T17:07:57.724831 PRSU [minute]: polygon_api.rest module is required but not importable.
2025-10-01T17:07:57.724831 PRTA [minute]: polygon_api.rest module is required but not importable.
2025-10-01T17:07:57.724831 PRTC [minute]: polygon_api.rest module is required but not importable.
2025-10-01T17:07:57.724831 PRTH [minute]: polygon_api.rest module is required but not importable.
2025-10-01T17:07:57.724831 PSBD [minute]: polygon_api.rest module is required but not importable.
2025-10-01T17:07:57.724831 PSEC [minute]: polygon_api.rest module is required but not importable.
2025-10-01T17:07:57.724831 PSFE [minute]: polygon_api.rest module is required but not importable.
2025-10-01T17:07:57.724831 PSNL [minute]: polygon_api.rest module is required but not importable.
2025-10-01T17:07:57.724831 PSTL [minute]: polygon_api.rest module is required but not importable.
2025-10-01T17:07:57.724831 PTA [minute]: polygon_api.rest module is required but not importable.
2025-10-01T17:07:57.724831 PTLO [minute]: polygon_api.rest module is required but not importable.
2025-10-01T17:07:57.724831 PUBM [minute]: polygon_api.rest module is required but not importable.
2025-10-01T17:07:57.724831 PUMP [minute]: polygon_api.rest module is required but not importable.
2025-10-01T17:07:57.724831 PVLA [minute]: polygon_api.rest module is required but not importable.
2025-10-01T17:07:57.724831 PWP [minute]: polygon_api.rest module is required but not importable.
2025-10-01T17:07:57.724831 PX [minute]: polygon_api.rest module is required but not importable.
2025-10-01T17:07:57.724831 PZZA [minute]: polygon_api.rest module is required but not importable.
2025-10-01T17:07:57.724831 QCRH [minute]: polygon_api.rest module is required but not importable.
2025-10-01T17:07:57.724831 QD [minute]: polygon_api.rest module is required but not importable.
2025-10-01T17:07:57.724831 QNST [minute]: polygon_api.rest module is required but not importable.
2025-10-01T17:07:57.724831 QQQX [minute]: polygon_api.rest module is required but not importable.
2025-10-01T17:07:57.724831 QSG [minute]: polygon_api.rest module is required but not importable.
2025-10-01T17:07:57.724831 QUAD [minute]: polygon_api.rest module is required but not importable.
2025-10-01T17:07:57.724831 RA [minute]: polygon_api.rest module is required but not importable.
2025-10-01T17:07:57.724831 RAMP [minute]: polygon_api.rest module is required but not importable.
2025-10-01T17:07:57.724831 RAPP [minute]: polygon_api.rest module is required but not importable.
2025-10-01T17:07:57.724831 RAPT [minute]: polygon_api.rest module is required but not importable.
2025-10-01T17:07:57.724831 RBB [minute]: polygon_api.rest module is required but not importable.
2025-10-01T17:07:57.724831 RBBN [minute]: polygon_api.rest module is required but not importable.
2025-10-01T17:07:57.724831 RBCAA [minute]: polygon_api.rest module is required but not importable.
2025-10-01T17:07:57.724831 RC [minute]: polygon_api.rest module is required but not importable.
2025-10-01T17:07:57.724831 RCAT [minute]: polygon_api.rest module is required but not importable.
2025-10-01T17:07:57.724831 RCKT [minute]: polygon_api.rest module is required but not importable.
2025-10-01T17:07:57.724831 RCS [minute]: polygon_api.rest module is required but not importable.
2025-10-01T17:07:57.724831 RCUS [minute]: polygon_api.rest module is required but not importable.
2025-10-01T17:07:57.724831 RDAG [minute]: polygon_api.rest module is required but not importable.
2025-10-01T17:07:57.724831 RDVT [minute]: polygon_api.rest module is required but not importable.
2025-10-01T17:07:57.724831 RDW [minute]: polygon_api.rest module is required but not importable.
2025-10-01T17:07:57.724831 RDWR [minute]: polygon_api.rest module is required but not importable.
2025-10-01T17:07:57.724831 REAL [minute]: polygon_api.rest module is required but not importable.
2025-10-01T17:07:57.724831 REAX [minute]: polygon_api.rest module is required but not importable.
2025-10-01T17:07:57.724831 REPL [minute]: polygon_api.rest module is required but not importable.
2025-10-01T17:07:57.724831 REPX [minute]: polygon_api.rest module is required but not importable.
2025-10-01T17:07:57.724831 RERE [minute]: polygon_api.rest module is required but not importable.
2025-10-01T17:07:57.724831 RES [minute]: polygon_api.rest module is required but not importable.
2025-10-01T17:07:57.724831 REX [minute]: polygon_api.rest module is required but not importable.
2025-10-01T17:07:57.724831 RFI [minute]: polygon_api.rest module is required but not importable.
2025-10-01T17:07:57.724831 RFMZ [minute]: polygon_api.rest module is required but not importable.
2025-10-01T17:07:57.724831 RGNX [minute]: polygon_api.rest module is required but not importable.
2025-10-01T17:07:57.724831 RGR [minute]: polygon_api.rest module is required but not importable.
2025-10-01T17:07:57.724831 RHLD [minute]: polygon_api.rest module is required but not importable.
2025-10-01T17:07:57.724831 RIGL [minute]: polygon_api.rest module is required but not importable.
2025-10-01T17:07:57.724831 RLAY [minute]: polygon_api.rest module is required but not importable.
2025-10-01T17:07:57.724831 RLJ [minute]: polygon_api.rest module is required but not importable.
2025-10-01T17:07:57.724831 RM [minute]: polygon_api.rest module is required but not importable.
2025-10-01T17:07:57.724831 RMAX [minute]: polygon_api.rest module is required but not importable.
2025-10-01T17:07:57.724831 RMNI [minute]: polygon_api.rest module is required but not importable.
2025-10-01T17:07:57.724831 RMR [minute]: polygon_api.rest module is required but not importable.
2025-10-01T17:07:57.724831 RMT [minute]: polygon_api.rest module is required but not importable.
2025-10-01T17:07:57.724831 RNGR [minute]: polygon_api.rest module is required but not importable.
2025-10-01T17:07:57.724831 RNP [minute]: polygon_api.rest module is required but not importable.
2025-10-01T17:07:57.724831 ROCK [minute]: polygon_api.rest module is required but not importable.
2025-10-01T17:07:57.724831 ROG [minute]: polygon_api.rest module is required but not importable.
2025-10-01T17:07:57.724831 ROOT [minute]: polygon_api.rest module is required but not importable.
2025-10-01T17:07:57.724831 RPAY [minute]: polygon_api.rest module is required but not importable.
2025-10-01T17:07:57.724831 RPD [minute]: polygon_api.rest module is required but not importable.
2025-10-01T17:07:57.724831 RQI [minute]: polygon_api.rest module is required but not importable.
2025-10-01T17:07:57.724831 RR [minute]: polygon_api.rest module is required but not importable.
2025-10-01T17:07:57.724831 RRBI [minute]: polygon_api.rest module is required but not importable.
2025-10-01T17:07:57.724831 RSKD [minute]: polygon_api.rest module is required but not importable.
2025-10-01T17:07:57.724831 RSVR [minute]: polygon_api.rest module is required but not importable.
2025-10-01T17:07:57.724831 RTAC [minute]: polygon_api.rest module is required but not importable.
2025-10-01T17:07:57.724831 RVLV [minute]: polygon_api.rest module is required but not importable.
2025-10-01T17:07:57.724831 RVT [minute]: polygon_api.rest module is required but not importable.
2025-10-01T17:07:57.724831 RWAY [minute]: polygon_api.rest module is required but not importable.
2025-10-01T17:07:57.724831 RWT [minute]: polygon_api.rest module is required but not importable.
2025-10-01T17:07:57.724831 RXST [minute]: polygon_api.rest module is required but not importable.
2025-10-01T17:07:57.724831 RXT [minute]: polygon_api.rest module is required but not importable.
2025-10-01T17:07:57.724831 RYAM [minute]: polygon_api.rest module is required but not importable.
2025-10-01T17:07:57.724831 RYI [minute]: polygon_api.rest module is required but not importable.
2025-10-01T17:07:57.724831 RZLT [minute]: polygon_api.rest module is required but not importable.
2025-10-01T17:07:57.724831 RZLV [minute]: polygon_api.rest module is required but not importable.
2025-10-01T17:07:57.724831 SABR [minute]: polygon_api.rest module is required but not importable.
2025-10-01T17:07:57.724831 SAFE [minute]: polygon_api.rest module is required but not importable.
2025-10-01T17:07:57.724831 SAFT [minute]: polygon_api.rest module is required but not importable.
2025-10-01T17:07:57.724831 SANA [minute]: polygon_api.rest module is required but not importable.
2025-10-01T17:07:57.724831 SAR [minute]: polygon_api.rest module is required but not importable.
2025-10-01T17:07:57.724831 SATL [minute]: polygon_api.rest module is required but not importable.
2025-10-01T17:07:57.724831 SB [minute]: polygon_api.rest module is required but not importable.
2025-10-01T17:07:57.724831 SBC [minute]: polygon_api.rest module is required but not importable.
2025-10-01T17:07:57.724831 SBGI [minute]: polygon_api.rest module is required but not importable.
2025-10-01T17:07:57.724831 SBH [minute]: polygon_api.rest module is required but not importable.
2025-10-01T17:07:57.724831 SBR [minute]: polygon_api.rest module is required but not importable.
2025-10-01T17:07:57.724831 SBSI [minute]: polygon_api.rest module is required but not importable.
2025-10-01T17:07:57.724831 SCHL [minute]: polygon_api.rest module is required but not importable.
2025-10-01T17:07:57.724831 SCL [minute]: polygon_api.rest module is required but not importable.
2025-10-01T17:07:57.724831 SCM [minute]: polygon_api.rest module is required but not importable.
2025-10-01T17:07:57.724831 SCPH [minute]: polygon_api.rest module is required but not importable.
2025-10-01T17:07:57.724831 SCS [minute]: polygon_api.rest module is required but not importable.
2025-10-01T17:07:57.724831 SCSC [minute]: polygon_api.rest module is required but not importable.
2025-10-01T17:07:57.724831 SCVL [minute]: polygon_api.rest module is required but not importable.
2025-10-01T17:07:57.724831 SD [minute]: polygon_api.rest module is required but not importable.
2025-10-01T17:07:57.724831 SDGR [minute]: polygon_api.rest module is required but not importable.
2025-10-01T17:07:57.724831 SDHI [minute]: polygon_api.rest module is required but not importable.
2025-10-01T17:07:57.724831 SDHY [minute]: polygon_api.rest module is required but not importable.
2025-10-01T17:07:57.724831 SDRL [minute]: polygon_api.rest module is required but not importable.
2025-10-01T17:07:57.724831 SEM [minute]: polygon_api.rest module is required but not importable.
2025-10-01T17:07:57.724831 SEMR [minute]: polygon_api.rest module is required but not importable.
2025-10-01T17:07:57.724831 SENEA [minute]: polygon_api.rest module is required but not importable.
2025-10-01T17:07:57.724831 SEPN [minute]: polygon_api.rest module is required but not importable.
2025-10-01T17:07:57.724831 SERV [minute]: polygon_api.rest module is required but not importable.
2025-10-01T17:07:57.724831 SES [minute]: polygon_api.rest module is required but not importable.
2025-10-01T17:07:57.724831 SFIX [minute]: polygon_api.rest module is required but not importable.
2025-10-01T17:07:57.724831 SFL [minute]: polygon_api.rest module is required but not importable.
2025-10-01T17:07:57.724831 SFST [minute]: polygon_api.rest module is required but not importable.
2025-10-01T17:07:57.724831 SG [minute]: polygon_api.rest module is required but not importable.
2025-10-01T17:07:57.724831 SGML [minute]: polygon_api.rest module is required but not importable.
2025-10-01T17:07:57.724831 SGU [minute]: polygon_api.rest module is required but not importable.
2025-10-01T17:07:57.724831 SHBI [minute]: polygon_api.rest module is required but not importable.
2025-10-01T17:07:57.724831 SHCO [minute]: polygon_api.rest module is required but not importable.
2025-10-01T17:07:57.724831 SHEN [minute]: polygon_api.rest module is required but not importable.
2025-10-01T17:07:57.724831 SHLS [minute]: polygon_api.rest module is required but not importable.
2025-10-01T17:07:57.724831 SHO [minute]: polygon_api.rest module is required but not importable.
2025-10-01T17:07:57.724831 SIBN [minute]: polygon_api.rest module is required but not importable.
2025-10-01T17:07:57.724831 SIFY [minute]: polygon_api.rest module is required but not importable.
2025-10-01T17:07:57.724831 SIGA [minute]: polygon_api.rest module is required but not importable.
2025-10-01T17:07:57.724831 SILA [minute]: polygon_api.rest module is required but not importable.
2025-10-01T17:07:57.724831 SIMA [minute]: polygon_api.rest module is required but not importable.
2025-10-01T17:07:57.724831 SION [minute]: polygon_api.rest module is required but not importable.
2025-10-01T17:07:57.724831 SITC [minute]: polygon_api.rest module is required but not importable.
2025-10-01T17:07:57.724831 SKWD [minute]: polygon_api.rest module is required but not importable.
2025-10-01T17:07:57.724831 SKYH [minute]: polygon_api.rest module is required but not importable.
2025-10-01T17:07:57.724831 SKYT [minute]: polygon_api.rest module is required but not importable.
2025-10-01T17:07:57.724831 SLDB [minute]: polygon_api.rest module is required but not importable.
2025-10-01T17:07:57.724831 SLDE [minute]: polygon_api.rest module is required but not importable.
2025-10-01T17:07:57.724831 SLDP [minute]: polygon_api.rest module is required but not importable.
2025-10-01T17:07:57.724831 SLI [minute]: polygon_api.rest module is required but not importable.
2025-10-01T17:07:57.724831 SLP [minute]: polygon_api.rest module is required but not importable.
2025-10-01T17:07:57.724831 SLQT [minute]: polygon_api.rest module is required but not importable.
2025-10-01T17:07:57.724831 SLRC [minute]: polygon_api.rest module is required but not importable.
2025-10-01T17:07:57.724831 SLSR [minute]: polygon_api.rest module is required but not importable.
2025-10-01T17:07:57.724831 SLVM [minute]: polygon_api.rest module is required but not importable.
2025-10-01T17:07:57.724831 SMA [minute]: polygon_api.rest module is required but not importable.
2025-10-01T17:07:57.724831 SMBC [minute]: polygon_api.rest module is required but not importable.
2025-10-01T17:07:57.724831 SMBK [minute]: polygon_api.rest module is required but not importable.
2025-10-01T17:07:57.724831 SMC [minute]: polygon_api.rest module is required but not importable.
2025-10-01T17:07:57.724831 SMLR [minute]: polygon_api.rest module is required but not importable.
2025-10-01T17:07:57.724831 SMP [minute]: polygon_api.rest module is required but not importable.
2025-10-01T17:07:57.724831 SMWB [minute]: polygon_api.rest module is required but not importable.
2025-10-01T17:07:57.724831 SNCY [minute]: polygon_api.rest module is required but not importable.
2025-10-01T17:07:57.724831 SNDA [minute]: polygon_api.rest module is required but not importable.
2025-10-01T17:07:57.724831 SNDL [minute]: polygon_api.rest module is required but not importable.
2025-10-01T17:07:57.724831 SNDX [minute]: polygon_api.rest module is required but not importable.
2025-10-01T17:07:57.724831 SNWV [minute]: polygon_api.rest module is required but not importable.
2025-10-01T17:07:57.724831 SOC [minute]: polygon_api.rest module is required but not importable.
2025-10-01T17:07:57.724831 SOHU [minute]: polygon_api.rest module is required but not importable.
2025-10-01T17:07:57.724831 SONO [minute]: polygon_api.rest module is required but not importable.
2025-10-01T17:07:57.724831 SOPH [minute]: polygon_api.rest module is required but not importable.
2025-10-01T17:07:57.724831 SOR [minute]: polygon_api.rest module is required but not importable.
2025-10-01T17:07:57.724831 SOS [minute]: polygon_api.rest module is required but not importable.
2025-10-01T17:07:57.724831 SPB [minute]: polygon_api.rest module is required but not importable.
2025-10-01T17:07:57.724831 SPFI [minute]: polygon_api.rest module is required but not importable.
2025-10-01T17:07:57.724831 SPH [minute]: polygon_api.rest module is required but not importable.
2025-10-01T17:07:57.724831 SPIR [minute]: polygon_api.rest module is required but not importable.
2025-10-01T17:07:57.724831 SPMC [minute]: polygon_api.rest module is required but not importable.
2025-10-01T17:07:57.724831 SPOK [minute]: polygon_api.rest module is required but not importable.
2025-10-01T17:07:57.724831 SPPP [minute]: polygon_api.rest module is required but not importable.
2025-10-01T17:07:57.724831 SPRY [minute]: polygon_api.rest module is required but not importable.
2025-10-01T17:07:57.724831 SPT [minute]: polygon_api.rest module is required but not importable.
2025-10-01T17:07:57.724831 SPTN [minute]: polygon_api.rest module is required but not importable.
2025-10-01T17:07:57.724831 SPXX [minute]: polygon_api.rest module is required but not importable.
2025-10-01T17:07:57.724831 SRCE [minute]: polygon_api.rest module is required but not importable.
2025-10-01T17:07:57.724831 SRDX [minute]: polygon_api.rest module is required but not importable.
2025-10-01T17:07:57.724831 SRPT [minute]: polygon_api.rest module is required but not importable.
2025-10-01T17:07:57.724831 SRTA [minute]: polygon_api.rest module is required but not importable.
2025-10-01T17:07:57.724831 SSII [minute]: polygon_api.rest module is required but not importable.
2025-10-01T17:07:57.724831 SSTK [minute]: polygon_api.rest module is required but not importable.
2025-10-01T17:07:57.724831 SSYS [minute]: polygon_api.rest module is required but not importable.
2025-10-01T17:07:57.724831 STAA [minute]: polygon_api.rest module is required but not importable.
2025-10-01T17:07:57.724831 STBA [minute]: polygon_api.rest module is required but not importable.
2025-10-01T17:07:57.724831 STEL [minute]: polygon_api.rest module is required but not importable.
2025-10-01T17:07:57.724831 STEW [minute]: polygon_api.rest module is required but not importable.
2025-10-01T17:07:57.724831 STGW [minute]: polygon_api.rest module is required but not importable.
2025-10-01T17:07:57.724831 STK [minute]: polygon_api.rest module is required but not importable.
2025-10-01T17:07:57.724831 STKL [minute]: polygon_api.rest module is required but not importable.
2025-10-01T17:07:57.724831 STOK [minute]: polygon_api.rest module is required but not importable.
2025-10-01T17:07:57.724831 SUIG [minute]: polygon_api.rest module is required but not importable.
2025-10-01T17:07:57.724831 SUPV [minute]: polygon_api.rest module is required but not importable.
2025-10-01T17:07:57.724831 SUPX [minute]: polygon_api.rest module is required but not importable.
2025-10-01T17:07:57.724831 SVC [minute]: polygon_api.rest module is required but not importable.
2025-10-01T17:07:57.724831 SVM [minute]: polygon_api.rest module is required but not importable.
2025-10-01T17:07:57.724831 SVRA [minute]: polygon_api.rest module is required but not importable.
2025-10-01T17:07:57.724831 SWBI [minute]: polygon_api.rest module is required but not importable.
2025-10-01T17:07:57.724831 SWIM [minute]: polygon_api.rest module is required but not importable.
2025-10-01T17:07:57.724831 SWIN [minute]: polygon_api.rest module is required but not importable.
2025-10-01T17:07:57.724831 SXC [minute]: polygon_api.rest module is required but not importable.
2025-10-01T17:07:57.724831 SY [minute]: polygon_api.rest module is required but not importable.
2025-10-01T17:07:57.724831 SYRE [minute]: polygon_api.rest module is required but not importable.
2025-10-01T17:07:57.724831 TACH [minute]: polygon_api.rest module is required but not importable.
2025-10-01T17:07:57.724831 TACO [minute]: polygon_api.rest module is required but not importable.
2025-10-01T17:07:57.724831 TALK [minute]: polygon_api.rest module is required but not importable.
2025-10-01T17:07:57.724831 TALO [minute]: polygon_api.rest module is required but not importable.
2025-10-01T17:07:57.724831 TASK [minute]: polygon_api.rest module is required but not importable.
2025-10-01T17:07:57.724831 TATT [minute]: polygon_api.rest module is required but not importable.
2025-10-01T17:07:57.724831 TBCH [minute]: polygon_api.rest module is required but not importable.
2025-10-01T17:07:57.724831 TBLA [minute]: polygon_api.rest module is required but not importable.
2025-10-01T17:07:57.724831 TBLD [minute]: polygon_api.rest module is required but not importable.
2025-10-01T17:07:57.724831 TBN [minute]: polygon_api.rest module is required but not importable.
2025-10-01T17:07:57.724831 TBPH [minute]: polygon_api.rest module is required but not importable.
2025-10-01T17:07:57.724831 TCBK [minute]: polygon_api.rest module is required but not importable.
2025-10-01T17:07:57.724831 TCBX [minute]: polygon_api.rest module is required but not importable.
2025-10-01T17:07:57.724831 TCI [minute]: polygon_api.rest module is required but not importable.
2025-10-01T17:07:57.724831 TCMD [minute]: polygon_api.rest module is required but not importable.
2025-10-01T17:07:57.724831 TCPC [minute]: polygon_api.rest module is required but not importable.
2025-10-01T17:07:57.724831 TDF [minute]: polygon_api.rest module is required but not importable.
2025-10-01T17:07:57.724831 TDOC [minute]: polygon_api.rest module is required but not importable.
2025-10-01T17:07:57.724831 TDUP [minute]: polygon_api.rest module is required but not importable.
2025-10-01T17:07:57.724831 TE [minute]: polygon_api.rest module is required but not importable.
2025-10-01T17:07:57.724831 TECX [minute]: polygon_api.rest module is required but not importable.
2025-10-01T17:07:57.724831 TEN [minute]: polygon_api.rest module is required but not importable.
2025-10-01T17:07:57.724831 TEO [minute]: polygon_api.rest module is required but not importable.
2025-10-01T17:07:57.724831 TERN [minute]: polygon_api.rest module is required but not importable.
2025-10-01T17:07:57.724831 TFIN [minute]: polygon_api.rest module is required but not importable.
2025-10-01T17:07:57.724831 TGB [minute]: polygon_api.rest module is required but not importable.
2025-10-01T17:07:57.724831 TGS [minute]: polygon_api.rest module is required but not importable.
2025-10-01T17:07:57.724831 TH [minute]: polygon_api.rest module is required but not importable.
2025-10-01T17:07:57.724831 THFF [minute]: polygon_api.rest module is required but not importable.
2025-10-01T17:07:57.724831 THH [minute]: polygon_api.rest module is required but not importable.
2025-10-01T17:07:57.724831 THM [minute]: polygon_api.rest module is required but not importable.
2025-10-01T17:07:57.724831 THQ [minute]: polygon_api.rest module is required but not importable.
2025-10-01T17:07:57.724831 THR [minute]: polygon_api.rest module is required but not importable.
2025-10-01T17:07:57.724831 THRM [minute]: polygon_api.rest module is required but not importable.
2025-10-01T17:07:57.724831 THRY [minute]: polygon_api.rest module is required but not importable.
2025-10-01T17:07:57.724831 THS [minute]: polygon_api.rest module is required but not importable.
2025-10-01T17:07:57.724831 THW [minute]: polygon_api.rest module is required but not importable.
2025-10-01T17:07:57.724831 TIGR [minute]: polygon_api.rest module is required but not importable.
2025-10-01T17:07:57.724831 TILE [minute]: polygon_api.rest module is required but not importable.
2025-10-01T17:07:57.724831 TIPT [minute]: polygon_api.rest module is required but not importable.
2025-10-01T17:07:57.724831 TITN [minute]: polygon_api.rest module is required but not importable.
2025-10-01T17:07:57.724831 TIXT [minute]: polygon_api.rest module is required but not importable.
2025-10-01T17:07:57.724831 TK [minute]: polygon_api.rest module is required but not importable.
2025-10-01T17:07:57.724831 TKNO [minute]: polygon_api.rest module is required but not importable.
2025-10-01T17:07:57.724831 TLRY [minute]: polygon_api.rest module is required but not importable.
2025-10-01T17:07:57.724831 TLS [minute]: polygon_api.rest module is required but not importable.
2025-10-01T17:07:57.724831 TMCI [minute]: polygon_api.rest module is required but not importable.
2025-10-01T17:07:57.724831 TMP [minute]: polygon_api.rest module is required but not importable.
2025-10-01T17:07:57.724831 TMQ [minute]: polygon_api.rest module is required but not importable.
2025-10-01T17:07:57.724831 TNC [minute]: polygon_api.rest module is required but not importable.
2025-10-01T17:07:57.724831 TNDM [minute]: polygon_api.rest module is required but not importable.
2025-10-01T17:07:57.724831 TNGX [minute]: polygon_api.rest module is required but not importable.
2025-10-01T17:07:57.724831 TNK [minute]: polygon_api.rest module is required but not importable.
2025-10-01T17:07:57.724831 TOI [minute]: polygon_api.rest module is required but not importable.
2025-10-01T17:07:57.724831 TONX [minute]: polygon_api.rest module is required but not importable.
2025-10-01T17:07:57.724831 TPB [minute]: polygon_api.rest module is required but not importable.
2025-10-01T17:07:57.724831 TRC [minute]: polygon_api.rest module is required but not importable.
2025-10-01T17:07:57.724831 TREE [minute]: polygon_api.rest module is required but not importable.
2025-10-01T17:07:57.724831 TRIN [minute]: polygon_api.rest module is required but not importable.
2025-10-01T17:07:57.724831 TRIP [minute]: polygon_api.rest module is required but not importable.
2025-10-01T17:07:57.724831 TRML [minute]: polygon_api.rest module is required but not importable.
2025-10-01T17:07:57.724831 TRNS [minute]: polygon_api.rest module is required but not importable.
2025-10-01T17:07:57.724831 TRON [minute]: polygon_api.rest module is required but not importable.
2025-10-01T17:07:57.724831 TROX [minute]: polygon_api.rest module is required but not importable.
2025-10-01T17:07:57.724831 TRS [minute]: polygon_api.rest module is required but not importable.
2025-10-01T17:07:57.724831 TRST [minute]: polygon_api.rest module is required but not importable.
2025-10-01T17:07:57.724831 TRTX [minute]: polygon_api.rest module is required but not importable.
2025-10-01T17:07:57.724831 TRUP [minute]: polygon_api.rest module is required but not importable.
2025-10-01T17:07:57.724831 TRVI [minute]: polygon_api.rest module is required but not importable.
2025-10-01T17:07:57.724831 TSAT [minute]: polygon_api.rest module is required but not importable.
2025-10-01T17:07:57.724831 TSHA [minute]: polygon_api.rest module is required but not importable.
2025-10-01T17:07:57.724831 TSSI [minute]: polygon_api.rest module is required but not importable.
2025-10-01T17:07:57.724831 TTGT [minute]: polygon_api.rest module is required but not importable.
2025-10-01T17:07:57.724831 TTI [minute]: polygon_api.rest module is required but not importable.
2025-10-01T17:07:57.724831 TUYA [minute]: polygon_api.rest module is required but not importable.
2025-10-01T17:07:57.724831 TV [minute]: polygon_api.rest module is required but not importable.
2025-10-01T17:07:57.724831 TVA [minute]: polygon_api.rest module is required but not importable.
2025-10-01T17:07:57.724831 TVRD [minute]: polygon_api.rest module is required but not importable.
2025-10-01T17:07:57.724831 TWFG [minute]: polygon_api.rest module is required but not importable.
2025-10-01T17:07:57.724831 TWI [minute]: polygon_api.rest module is required but not importable.
2025-10-01T17:07:57.724831 TWN [minute]: polygon_api.rest module is required but not importable.
2025-10-01T17:07:57.724831 TWO [minute]: polygon_api.rest module is required but not importable.
2025-10-01T17:07:57.724831 TWST [minute]: polygon_api.rest module is required but not importable.
2025-10-01T17:07:57.724831 TXG [minute]: polygon_api.rest module is required but not importable.
2025-10-01T17:07:57.724831 TXO [minute]: polygon_api.rest module is required but not importable.
2025-10-01T17:07:57.724831 TY [minute]: polygon_api.rest module is required but not importable.
2025-10-01T17:07:57.724831 TYG [minute]: polygon_api.rest module is required but not importable.
2025-10-01T17:07:57.724831 TYRA [minute]: polygon_api.rest module is required but not importable.
2025-10-01T17:07:57.724831 UAMY [minute]: polygon_api.rest module is required but not importable.
2025-10-01T17:07:57.724831 UAN [minute]: polygon_api.rest module is required but not importable.
2025-10-01T17:07:57.724831 UCTT [minute]: polygon_api.rest module is required but not importable.
2025-10-01T17:07:57.724831 UDMY [minute]: polygon_api.rest module is required but not importable.
2025-10-01T17:07:57.724831 UFCS [minute]: polygon_api.rest module is required but not importable.
2025-10-01T17:07:57.724831 UFPT [minute]: polygon_api.rest module is required but not importable.
2025-10-01T17:07:57.724831 UHT [minute]: polygon_api.rest module is required but not importable.
2025-10-01T17:07:57.724831 ULCC [minute]: polygon_api.rest module is required but not importable.
2025-10-01T17:07:57.724831 ULH [minute]: polygon_api.rest module is required but not importable.
2025-10-01T17:07:57.724831 UMAC [minute]: polygon_api.rest module is required but not importable.
2025-10-01T17:07:57.724831 UMH [minute]: polygon_api.rest module is required but not importable.
2025-10-01T17:07:57.724831 UNIT [minute]: polygon_api.rest module is required but not importable.
2025-10-01T17:07:57.724831 UNTY [minute]: polygon_api.rest module is required but not importable.
2025-10-01T17:07:57.724831 UP [minute]: polygon_api.rest module is required but not importable.
2025-10-01T17:07:57.724831 UPB [minute]: polygon_api.rest module is required but not importable.
2025-10-01T17:07:57.724831 UPBD [minute]: polygon_api.rest module is required but not importable.
2025-10-01T17:07:57.724831 UPXI [minute]: polygon_api.rest module is required but not importable.
2025-10-01T17:07:57.724831 URG [minute]: polygon_api.rest module is required but not importable.
2025-10-01T17:07:57.724831 URGN [minute]: polygon_api.rest module is required but not importable.
2025-10-01T17:07:57.724831 UROY [minute]: polygon_api.rest module is required but not importable.
2025-10-01T17:07:57.724831 USA [minute]: polygon_api.rest module is required but not importable.
2025-10-01T17:07:57.724831 USAR [minute]: polygon_api.rest module is required but not importable.
2025-10-01T17:07:57.724831 USAS [minute]: polygon_api.rest module is required but not importable.
2025-10-01T17:07:57.724831 USBC [minute]: polygon_api.rest module is required but not importable.
2025-10-01T17:07:57.724831 USCB [minute]: polygon_api.rest module is required but not importable.
2025-10-01T17:07:57.724831 USNA [minute]: polygon_api.rest module is required but not importable.
2025-10-01T17:07:57.724831 USPH [minute]: polygon_api.rest module is required but not importable.
2025-10-01T17:07:57.724831 UTI [minute]: polygon_api.rest module is required but not importable.
2025-10-01T17:07:57.724831 UTL [minute]: polygon_api.rest module is required but not importable.
2025-10-01T17:07:57.724831 UTZ [minute]: polygon_api.rest module is required but not importable.
2025-10-01T17:07:57.724831 UVE [minute]: polygon_api.rest module is required but not importable.
2025-10-01T17:07:57.724831 UVSP [minute]: polygon_api.rest module is required but not importable.
2025-10-01T17:07:57.724831 UVV [minute]: polygon_api.rest module is required but not importable.
2025-10-01T17:07:57.724831 UXIN [minute]: polygon_api.rest module is required but not importable.
2025-10-01T17:07:57.724831 VACH [minute]: polygon_api.rest module is required but not importable.
2025-10-01T17:07:57.724831 VALN [minute]: polygon_api.rest module is required but not importable.
2025-10-01T17:07:57.724831 VALU [minute]: polygon_api.rest module is required but not importable.
2025-10-01T17:07:57.724831 VBNK [minute]: polygon_api.rest module is required but not importable.
2025-10-01T17:07:57.724831 VBTX [minute]: polygon_api.rest module is required but not importable.
2025-10-01T17:07:57.724831 VCEL [minute]: polygon_api.rest module is required but not importable.
2025-10-01T17:07:57.724831 VCIC [minute]: polygon_api.rest module is required but not importable.
2025-10-01T17:07:57.724831 VCV [minute]: polygon_api.rest module is required but not importable.
2025-10-01T17:07:57.724831 VECO [minute]: polygon_api.rest module is required but not importable.
2025-10-01T17:07:57.724831 VEL [minute]: polygon_api.rest module is required but not importable.
2025-10-01T17:07:57.724831 VENU [minute]: polygon_api.rest module is required but not importable.
2025-10-01T17:07:57.724831 VERA [minute]: polygon_api.rest module is required but not importable.
2025-10-01T17:07:57.724831 VERI [minute]: polygon_api.rest module is required but not importable.
2025-10-01T17:07:57.724831 VET [minute]: polygon_api.rest module is required but not importable.
2025-10-01T17:07:57.724831 VFF [minute]: polygon_api.rest module is required but not importable.
2025-10-01T17:07:57.724831 VGM [minute]: polygon_api.rest module is required but not importable.
2025-10-01T17:07:57.724831 VHI [minute]: polygon_api.rest module is required but not importable.
2025-10-01T17:07:57.724831 VINP [minute]: polygon_api.rest module is required but not importable.
2025-10-01T17:07:57.724831 VIR [minute]: polygon_api.rest module is required but not importable.
2025-10-01T17:07:57.724831 VITL [minute]: polygon_api.rest module is required but not importable.
2025-10-01T17:07:57.724831 VKI [minute]: polygon_api.rest module is required but not importable.
2025-10-01T17:07:57.724831 VKQ [minute]: polygon_api.rest module is required but not importable.
2025-10-01T17:07:57.724831 VLGEA [minute]: polygon_api.rest module is required but not importable.
2025-10-01T17:07:57.724831 VLRS [minute]: polygon_api.rest module is required but not importable.
2025-10-01T17:07:57.724831 VMEO [minute]: polygon_api.rest module is required but not importable.
2025-10-01T17:07:57.724831 VMO [minute]: polygon_api.rest module is required but not importable.
2025-10-01T17:07:57.724831 VNDA [minute]: polygon_api.rest module is required but not importable.
2025-10-01T17:07:57.724831 VNME [minute]: polygon_api.rest module is required but not importable.
2025-10-01T17:07:57.724831 VOYG [minute]: polygon_api.rest module is required but not importable.
2025-10-01T17:07:57.724831 VPG [minute]: polygon_api.rest module is required but not importable.
2025-10-01T17:07:57.724831 VRDN [minute]: polygon_api.rest module is required but not importable.
2025-10-01T17:07:57.724831 VRE [minute]: polygon_api.rest module is required but not importable.
2025-10-01T17:07:57.724831 VREX [minute]: polygon_api.rest module is required but not importable.
2025-10-01T17:07:57.724831 VRNT [minute]: polygon_api.rest module is required but not importable.
2025-10-01T17:07:57.724831 VRTS [minute]: polygon_api.rest module is required but not importable.
2025-10-01T17:07:57.724831 VSTA [minute]: polygon_api.rest module is required but not importable.
2025-10-01T17:07:57.724831 VSTM [minute]: polygon_api.rest module is required but not importable.
2025-10-01T17:07:57.724831 VSTS [minute]: polygon_api.rest module is required but not importable.
2025-10-01T17:07:57.724831 VTEX [minute]: polygon_api.rest module is required but not importable.
2025-10-01T17:07:57.724831 VTLE [minute]: polygon_api.rest module is required but not importable.
2025-10-01T17:07:57.724831 VTOL [minute]: polygon_api.rest module is required but not importable.
2025-10-01T17:07:57.724831 VTS [minute]: polygon_api.rest module is required but not importable.
2025-10-01T17:07:57.724831 VVR [minute]: polygon_api.rest module is required but not importable.
2025-10-01T17:07:57.724831 VVX [minute]: polygon_api.rest module is required but not importable.
2025-10-01T17:07:57.724831 VYX [minute]: polygon_api.rest module is required but not importable.
2025-10-01T17:07:57.724831 VZLA [minute]: polygon_api.rest module is required but not importable.
2025-10-01T17:07:57.724831 WABC [minute]: polygon_api.rest module is required but not importable.
2025-10-01T17:07:57.724831 WASH [minute]: polygon_api.rest module is required but not importable.
2025-10-01T17:07:57.724831 WB [minute]: polygon_api.rest module is required but not importable.
2025-10-01T17:07:57.724831 WDH [minute]: polygon_api.rest module is required but not importable.
2025-10-01T17:07:57.724831 WDI [minute]: polygon_api.rest module is required but not importable.
2025-10-01T17:07:57.724831 WEAV [minute]: polygon_api.rest module is required but not importable.
2025-10-01T17:07:57.724831 WEN [minute]: polygon_api.rest module is required but not importable.
2025-10-01T17:07:57.724831 WENN [minute]: polygon_api.rest module is required but not importable.
2025-10-01T17:07:57.724831 WERN [minute]: polygon_api.rest module is required but not importable.
2025-10-01T17:07:57.724831 WEST [minute]: polygon_api.rest module is required but not importable.
2025-10-01T17:07:57.724831 WGO [minute]: polygon_api.rest module is required but not importable.
2025-10-01T17:07:57.724831 WINA [minute]: polygon_api.rest module is required but not importable.
2025-10-01T17:07:57.724831 WIW [minute]: polygon_api.rest module is required but not importable.
2025-10-01T17:07:57.724831 WKC [minute]: polygon_api.rest module is required but not importable.
2025-10-01T17:07:57.724831 WLDN [minute]: polygon_api.rest module is required but not importable.
2025-10-01T17:07:57.724831 WLFC [minute]: polygon_api.rest module is required but not importable.
2025-10-01T17:07:57.724831 WLKP [minute]: polygon_api.rest module is required but not importable.
2025-10-01T17:07:57.724831 WMK [minute]: polygon_api.rest module is required but not importable.
2025-10-01T17:07:57.724831 WNC [minute]: polygon_api.rest module is required but not importable.
2025-10-01T17:07:57.724831 WOLF [minute]: polygon_api.rest module is required but not importable.
2025-10-01T17:07:57.724831 WOOF [minute]: polygon_api.rest module is required but not importable.
2025-10-01T17:07:57.724831 WOW [minute]: polygon_api.rest module is required but not importable.
2025-10-01T17:07:57.724831 WRLD [minute]: polygon_api.rest module is required but not importable.
2025-10-01T17:07:57.724831 WRN [minute]: polygon_api.rest module is required but not importable.
2025-10-01T17:07:57.724831 WS [minute]: polygon_api.rest module is required but not importable.
2025-10-01T17:07:57.724831 WSR [minute]: polygon_api.rest module is required but not importable.
2025-10-01T17:07:57.724831 WTBA [minute]: polygon_api.rest module is required but not importable.
2025-10-01T17:07:57.724831 WTTR [minute]: polygon_api.rest module is required but not importable.
2025-10-01T17:07:57.724831 WVE [minute]: polygon_api.rest module is required but not importable.
2025-10-01T17:07:57.724831 WYFI [minute]: polygon_api.rest module is required but not importable.
2025-10-01T17:07:57.724831 XERS [minute]: polygon_api.rest module is required but not importable.
2025-10-01T17:07:57.724831 XFLT [minute]: polygon_api.rest module is required but not importable.
2025-10-01T17:07:57.724831 XHR [minute]: polygon_api.rest module is required but not importable.
2025-10-01T17:07:57.724831 XNCR [minute]: polygon_api.rest module is required but not importable.
2025-10-01T17:07:57.724831 XNET [minute]: polygon_api.rest module is required but not importable.
2025-10-01T17:07:57.724831 XOMA [minute]: polygon_api.rest module is required but not importable.
2025-10-01T17:07:57.724831 XPEL [minute]: polygon_api.rest module is required but not importable.
2025-10-01T17:07:57.724831 XPER [minute]: polygon_api.rest module is required but not importable.
2025-10-01T17:07:57.724831 XPOF [minute]: polygon_api.rest module is required but not importable.
2025-10-01T17:07:57.724831 XPRO [minute]: polygon_api.rest module is required but not importable.
2025-10-01T17:07:57.724831 XRX [minute]: polygon_api.rest module is required but not importable.
2025-10-01T17:07:57.724831 XYF [minute]: polygon_api.rest module is required but not importable.
2025-10-01T17:07:57.724831 YALA [minute]: polygon_api.rest module is required but not importable.
2025-10-01T17:07:57.724831 YB [minute]: polygon_api.rest module is required but not importable.
2025-10-01T17:07:57.724831 YELP [minute]: polygon_api.rest module is required but not importable.
2025-10-01T17:07:57.724831 YEXT [minute]: polygon_api.rest module is required but not importable.
2025-10-01T17:07:57.724831 YORW [minute]: polygon_api.rest module is required but not importable.
2025-10-01T17:07:57.724831 YRD [minute]: polygon_api.rest module is required but not importable.
2025-10-01T17:07:57.724831 YSG [minute]: polygon_api.rest module is required but not importable.
2025-10-01T17:07:57.724831 ZBIO [minute]: polygon_api.rest module is required but not importable.
2025-10-01T17:07:57.724831 ZD [minute]: polygon_api.rest module is required but not importable.
2025-10-01T17:07:57.724831 ZEPP [minute]: polygon_api.rest module is required but not importable.
2025-10-01T17:07:57.724831 ZEUS [minute]: polygon_api.rest module is required but not importable.
2025-10-01T17:07:57.724831 ZH [minute]: polygon_api.rest module is required but not importable.
2025-10-01T17:07:57.724831 ZIM [minute]: polygon_api.rest module is required but not importable.
2025-10-01T17:07:57.724831 ZIMV [minute]: polygon_api.rest module is required but not importable.
2025-10-01T17:07:57.724831 ZIP [minute]: polygon_api.rest module is required but not importable.
2025-10-01T17:07:57.724831 ZKH [minute]: polygon_api.rest module is required but not importable.
2025-10-01T17:07:57.724831 ZTR [minute]: polygon_api.rest module is required but not importable.
2025-10-01T17:07:57.724831 ZUMZ [minute]: polygon_api.rest module is required but not importable.
2025-10-01T17:07:57.724831 ZVRA [minute]: polygon_api.rest module is required but not importable.
2025-10-01T17:07:57.724831 ZYME [minute]: polygon_api.rest module is required but not importable.
2025-10-01T17:07:57.724831 AACI [tick]: polygon_api.rest module is required but not importable.
2025-10-01T17:07:57.724831 AACT [tick]: polygon_api.rest module is required but not importable.
2025-10-01T17:07:57.724831 AAM [tick]: polygon_api.rest module is required but not importable.
2025-10-01T17:07:57.724831 AAMI [tick]: polygon_api.rest module is required but not importable.
2025-10-01T17:07:57.724831 AAOI [tick]: polygon_api.rest module is required but not importable.
2025-10-01T17:07:57.724831 AARD [tick]: polygon_api.rest module is required but not importable.
2025-10-01T17:07:57.724831 AAT [tick]: polygon_api.rest module is required but not importable.
2025-10-01T17:07:57.724831 ABAT [tick]: polygon_api.rest module is required but not importable.
2025-10-01T17:07:57.724831 ABCL [tick]: polygon_api.rest module is required but not importable.
2025-10-01T17:07:57.724831 ABL [tick]: polygon_api.rest module is required but not importable.
2025-10-01T17:07:57.724831 ABSI [tick]: polygon_api.rest module is required but not importable.
2025-10-01T17:07:57.724831 ABTC [tick]: polygon_api.rest module is required but not importable.
2025-10-01T17:07:57.724831 ABUS [tick]: polygon_api.rest module is required but not importable.
2025-10-01T17:07:57.724831 ACB [tick]: polygon_api.rest module is required but not importable.
2025-10-01T17:07:57.724831 ACCO [tick]: polygon_api.rest module is required but not importable.
2025-10-01T17:07:57.724831 ACDC [tick]: polygon_api.rest module is required but not importable.
2025-10-01T17:07:57.724831 ACEL [tick]: polygon_api.rest module is required but not importable.
2025-10-01T17:07:57.724831 ACIC [tick]: polygon_api.rest module is required but not importable.
2025-10-01T17:07:57.724831 ACIU [tick]: polygon_api.rest module is required but not importable.
2025-10-01T17:07:57.724831 ACNB [tick]: polygon_api.rest module is required but not importable.
2025-10-01T17:07:57.724831 ACP [tick]: polygon_api.rest module is required but not importable.
2025-10-01T17:07:57.724831 ACTG [tick]: polygon_api.rest module is required but not importable.
2025-10-01T17:07:57.724831 ACVA [tick]: polygon_api.rest module is required but not importable.
2025-10-01T17:07:57.724831 ADAM [tick]: polygon_api.rest module is required but not importable.
2025-10-01T17:07:57.724831 ADCT [tick]: polygon_api.rest module is required but not importable.
2025-10-01T17:07:57.724831 ADEA [tick]: polygon_api.rest module is required but not importable.
2025-10-01T17:07:57.724831 ADNT [tick]: polygon_api.rest module is required but not importable.
2025-10-01T17:07:57.724831 ADSE [tick]: polygon_api.rest module is required but not importable.
2025-10-01T17:07:57.724831 ADTN [tick]: polygon_api.rest module is required but not importable.
2025-10-01T17:07:57.724831 ADUR [tick]: polygon_api.rest module is required but not importable.
2025-10-01T17:07:57.724831 ADV [tick]: polygon_api.rest module is required but not importable.
2025-10-01T17:07:57.724831 AEBI [tick]: polygon_api.rest module is required but not importable.
2025-10-01T17:07:57.724831 AEHR [tick]: polygon_api.rest module is required but not importable.
2025-10-01T17:07:57.724831 AENT [tick]: polygon_api.rest module is required but not importable.
2025-10-01T17:07:57.724831 AESI [tick]: polygon_api.rest module is required but not importable.
2025-10-01T17:07:57.724831 AEVA [tick]: polygon_api.rest module is required but not importable.
2025-10-01T17:07:57.724831 AEXA [tick]: polygon_api.rest module is required but not importable.
2025-10-01T17:07:57.724831 AFB [tick]: polygon_api.rest module is required but not importable.
2025-10-01T17:07:57.724831 AFYA [tick]: polygon_api.rest module is required but not importable.
2025-10-01T17:07:57.724831 AGD [tick]: polygon_api.rest module is required but not importable.
2025-10-01T17:07:57.724831 AGL [tick]: polygon_api.rest module is required but not importable.
2025-10-01T17:07:57.724831 AGM [tick]: polygon_api.rest module is required but not importable.
2025-10-01T17:07:57.724831 AGRO [tick]: polygon_api.rest module is required but not importable.
2025-10-01T17:07:57.724831 AHCO [tick]: polygon_api.rest module is required but not importable.
2025-10-01T17:07:57.724831 AHG [tick]: polygon_api.rest module is required but not importable.
2025-10-01T17:07:57.724831 AHH [tick]: polygon_api.rest module is required but not importable.
2025-10-01T17:07:57.724831 AII [tick]: polygon_api.rest module is required but not importable.
2025-10-01T17:07:57.724831 AIIO [tick]: polygon_api.rest module is required but not importable.
2025-10-01T17:07:57.724831 AIN [tick]: polygon_api.rest module is required but not importable.
2025-10-01T17:07:57.724831 AIO [tick]: polygon_api.rest module is required but not importable.
2025-10-01T17:07:57.724831 AIOT [tick]: polygon_api.rest module is required but not importable.
2025-10-01T17:07:57.724831 AIP [tick]: polygon_api.rest module is required but not importable.
2025-10-01T17:07:57.724831 AIRO [tick]: polygon_api.rest module is required but not importable.
2025-10-01T17:07:57.724831 AIRS [tick]: polygon_api.rest module is required but not importable.
2025-10-01T17:07:57.724831 AIV [tick]: polygon_api.rest module is required but not importable.
2025-10-01T17:07:57.724831 AKBA [tick]: polygon_api.rest module is required but not importable.
2025-10-01T17:07:57.724831 AKO-A [tick]: polygon_api.rest module is required but not importable.
2025-10-01T17:07:57.724831 AKO-B [tick]: polygon_api.rest module is required but not importable.
2025-10-01T17:07:57.724831 ALDF [tick]: polygon_api.rest module is required but not importable.
2025-10-01T17:07:57.724831 ALDX [tick]: polygon_api.rest module is required but not importable.
2025-10-01T17:07:57.724831 ALEX [tick]: polygon_api.rest module is required but not importable.
2025-10-01T17:07:57.724831 ALF [tick]: polygon_api.rest module is required but not importable.
2025-10-01T17:07:57.724831 ALGT [tick]: polygon_api.rest module is required but not importable.
2025-10-01T17:07:57.724831 ALIT [tick]: polygon_api.rest module is required but not importable.
2025-10-01T17:07:57.724831 ALLT [tick]: polygon_api.rest module is required but not importable.
2025-10-01T17:07:57.724831 ALM [tick]: polygon_api.rest module is required but not importable.
2025-10-01T17:07:57.724831 ALMS [tick]: polygon_api.rest module is required but not importable.
2025-10-01T17:07:57.724831 ALMU [tick]: polygon_api.rest module is required but not importable.
2025-10-01T17:07:57.724831 ALNT [tick]: polygon_api.rest module is required but not importable.
2025-10-01T17:07:57.724831 ALRS [tick]: polygon_api.rest module is required but not importable.
2025-10-01T17:07:57.724831 ALT [tick]: polygon_api.rest module is required but not importable.
2025-10-01T17:07:57.724831 ALTI [tick]: polygon_api.rest module is required but not importable.
2025-10-01T17:07:57.724831 ALTS [tick]: polygon_api.rest module is required but not importable.
2025-10-01T17:07:57.724831 ALX [tick]: polygon_api.rest module is required but not importable.
2025-10-01T17:07:57.724831 AMAL [tick]: polygon_api.rest module is required but not importable.
2025-10-01T17:07:57.724831 AMBC [tick]: polygon_api.rest module is required but not importable.
2025-10-01T17:07:57.724831 AMBQ [tick]: polygon_api.rest module is required but not importable.
2025-10-01T17:07:57.724831 AMC [tick]: polygon_api.rest module is required but not importable.
2025-10-01T17:07:57.724831 AMCX [tick]: polygon_api.rest module is required but not importable.
2025-10-01T17:07:57.724831 AMLX [tick]: polygon_api.rest module is required but not importable.
2025-10-01T17:07:57.724831 AMN [tick]: polygon_api.rest module is required but not importable.
2025-10-01T17:07:57.724831 AMPH [tick]: polygon_api.rest module is required but not importable.
2025-10-01T17:07:57.724831 AMPL [tick]: polygon_api.rest module is required but not importable.
2025-10-01T17:07:57.724831 AMPX [tick]: polygon_api.rest module is required but not importable.
2025-10-01T17:07:57.724831 AMRC [tick]: polygon_api.rest module is required but not importable.
2025-10-01T17:07:57.724831 AMRK [tick]: polygon_api.rest module is required but not importable.
2025-10-01T17:07:57.724831 AMRN [tick]: polygon_api.rest module is required but not importable.
2025-10-01T17:07:57.724831 AMSF [tick]: polygon_api.rest module is required but not importable.
2025-10-01T17:07:57.724831 AMTB [tick]: polygon_api.rest module is required but not importable.
2025-10-01T17:07:57.724831 AMWD [tick]: polygon_api.rest module is required but not importable.
2025-10-01T17:07:57.724831 ANAB [tick]: polygon_api.rest module is required but not importable.
2025-10-01T17:07:57.724831 ANDE [tick]: polygon_api.rest module is required but not importable.
2025-10-01T17:07:57.724831 ANGI [tick]: polygon_api.rest module is required but not importable.
2025-10-01T17:07:57.724831 ANGO [tick]: polygon_api.rest module is required but not importable.
2025-10-01T17:07:57.724831 ANGX [tick]: polygon_api.rest module is required but not importable.
2025-10-01T17:07:57.724831 ANIP [tick]: polygon_api.rest module is required but not importable.
2025-10-01T17:07:57.724831 ANNA [tick]: polygon_api.rest module is required but not importable.
2025-10-01T17:07:57.724831 ANNX [tick]: polygon_api.rest module is required but not importable.
2025-10-01T17:07:57.724831 ANPA [tick]: polygon_api.rest module is required but not importable.
2025-10-01T17:07:57.724831 ANSC [tick]: polygon_api.rest module is required but not importable.
2025-10-01T17:07:57.724831 AOD [tick]: polygon_api.rest module is required but not importable.
2025-10-01T17:07:57.724831 AORT [tick]: polygon_api.rest module is required but not importable.
2025-10-01T17:07:57.724831 AOSL [tick]: polygon_api.rest module is required but not importable.
2025-10-01T17:07:57.724831 APEI [tick]: polygon_api.rest module is required but not importable.
2025-10-01T17:07:57.724831 APOG [tick]: polygon_api.rest module is required but not importable.
2025-10-01T17:07:57.724831 APPS [tick]: polygon_api.rest module is required but not importable.
2025-10-01T17:07:57.724831 AQST [tick]: polygon_api.rest module is required but not importable.
2025-10-01T17:07:57.724831 ARCB [tick]: polygon_api.rest module is required but not importable.
2025-10-01T17:07:57.724831 ARCO [tick]: polygon_api.rest module is required but not importable.
2025-10-01T17:07:57.724831 ARCT [tick]: polygon_api.rest module is required but not importable.
2025-10-01T17:07:57.724831 ARDC [tick]: polygon_api.rest module is required but not importable.
2025-10-01T17:07:57.724831 ARDT [tick]: polygon_api.rest module is required but not importable.
2025-10-01T17:07:57.724831 ARDX [tick]: polygon_api.rest module is required but not importable.
2025-10-01T17:07:57.724831 ARHS [tick]: polygon_api.rest module is required but not importable.
2025-10-01T17:07:57.724831 ARI [tick]: polygon_api.rest module is required but not importable.
2025-10-01T17:07:57.724831 ARIS [tick]: polygon_api.rest module is required but not importable.
2025-10-01T17:07:57.724831 ARKO [tick]: polygon_api.rest module is required but not importable.
2025-10-01T17:07:57.724831 ARLO [tick]: polygon_api.rest module is required but not importable.
2025-10-01T17:07:57.724831 AROW [tick]: polygon_api.rest module is required but not importable.
2025-10-01T17:07:57.724831 ARQ [tick]: polygon_api.rest module is required but not importable.
2025-10-01T17:07:57.724831 ARQQ [tick]: polygon_api.rest module is required but not importable.
2025-10-01T17:07:57.724831 ARR [tick]: polygon_api.rest module is required but not importable.
2025-10-01T17:07:57.724831 ARRY [tick]: polygon_api.rest module is required but not importable.
2025-10-01T17:07:57.724831 ARTNA [tick]: polygon_api.rest module is required but not importable.
2025-10-01T17:07:57.724831 ARVN [tick]: polygon_api.rest module is required but not importable.
2025-10-01T17:07:57.724831 ASA [tick]: polygon_api.rest module is required but not importable.
2025-10-01T17:07:57.724831 ASC [tick]: polygon_api.rest module is required but not importable.
2025-10-01T17:07:57.724831 ASG [tick]: polygon_api.rest module is required but not importable.
2025-10-01T17:07:57.724831 ASGI [tick]: polygon_api.rest module is required but not importable.
2025-10-01T17:07:57.724831 ASIC [tick]: polygon_api.rest module is required but not importable.
2025-10-01T17:07:57.724831 ASIX [tick]: polygon_api.rest module is required but not importable.
2025-10-01T17:07:57.724831 ASLE [tick]: polygon_api.rest module is required but not importable.
2025-10-01T17:07:57.724831 ASM [tick]: polygon_api.rest module is required but not importable.
2025-10-01T17:07:57.724831 ASMB [tick]: polygon_api.rest module is required but not importable.
2025-10-01T17:07:57.724831 ASPI [tick]: polygon_api.rest module is required but not importable.
2025-10-01T17:07:57.724831 ASPN [tick]: polygon_api.rest module is required but not importable.
2025-10-01T17:07:57.724831 ASST [tick]: polygon_api.rest module is required but not importable.
2025-10-01T17:07:57.724831 ASTE [tick]: polygon_api.rest module is required but not importable.
2025-10-01T17:07:57.724831 ASTH [tick]: polygon_api.rest module is required but not importable.
2025-10-01T17:07:57.724831 ASTL [tick]: polygon_api.rest module is required but not importable.
2025-10-01T17:07:57.724831 ATAI [tick]: polygon_api.rest module is required but not importable.
2025-10-01T17:07:57.724831 ATEN [tick]: polygon_api.rest module is required but not importable.
2025-10-01T17:07:57.724831 ATEX [tick]: polygon_api.rest module is required but not importable.
2025-10-01T17:07:57.724831 ATGL [tick]: polygon_api.rest module is required but not importable.
2025-10-01T17:07:57.724831 ATII [tick]: polygon_api.rest module is required but not importable.
2025-10-01T17:07:57.724831 ATLC [tick]: polygon_api.rest module is required but not importable.
2025-10-01T17:07:57.724831 ATRC [tick]: polygon_api.rest module is required but not importable.
2025-10-01T17:07:57.724831 ATRO [tick]: polygon_api.rest module is required but not importable.
2025-10-01T17:07:57.724831 ATUS [tick]: polygon_api.rest module is required but not importable.
2025-10-01T17:07:57.724831 ATXS [tick]: polygon_api.rest module is required but not importable.
2025-10-01T17:07:57.724831 AUNA [tick]: polygon_api.rest module is required but not importable.
2025-10-01T17:07:57.724831 AUPH [tick]: polygon_api.rest module is required but not importable.
2025-10-01T17:07:57.724831 AURA [tick]: polygon_api.rest module is required but not importable.
2025-10-01T17:07:57.724831 AUTL [tick]: polygon_api.rest module is required but not importable.
2025-10-01T17:07:57.724831 AVAH [tick]: polygon_api.rest module is required but not importable.
2025-10-01T17:07:57.724831 AVAL [tick]: polygon_api.rest module is required but not importable.
2025-10-01T17:07:57.724831 AVBP [tick]: polygon_api.rest module is required but not importable.
2025-10-01T17:07:57.724831 AVDL [tick]: polygon_api.rest module is required but not importable.
2025-10-01T17:07:57.724831 AVK [tick]: polygon_api.rest module is required but not importable.
2025-10-01T17:07:57.724831 AVNS [tick]: polygon_api.rest module is required but not importable.
2025-10-01T17:07:57.724831 AVO [tick]: polygon_api.rest module is required but not importable.
2025-10-01T17:07:57.724831 AVXL [tick]: polygon_api.rest module is required but not importable.
2025-10-01T17:07:57.724831 AWF [tick]: polygon_api.rest module is required but not importable.
2025-10-01T17:07:57.724831 AWP [tick]: polygon_api.rest module is required but not importable.
2025-10-01T17:07:57.724831 AXGN [tick]: polygon_api.rest module is required but not importable.
2025-10-01T17:07:57.724831 AXL [tick]: polygon_api.rest module is required but not importable.
2025-10-01T17:07:57.724831 AZ [tick]: polygon_api.rest module is required but not importable.
2025-10-01T17:07:57.724831 AZTA [tick]: polygon_api.rest module is required but not importable.
2025-10-01T17:07:57.724831 BACQ [tick]: polygon_api.rest module is required but not importable.
2025-10-01T17:07:57.724831 BAK [tick]: polygon_api.rest module is required but not importable.
2025-10-01T17:07:57.724831 BALY [tick]: polygon_api.rest module is required but not importable.
2025-10-01T17:07:57.724831 BAND [tick]: polygon_api.rest module is required but not importable.
2025-10-01T17:07:57.724831 BASE [tick]: polygon_api.rest module is required but not importable.
2025-10-01T17:07:57.724831 BBAR [tick]: polygon_api.rest module is required but not importable.
2025-10-01T17:07:57.724831 BBBY [tick]: polygon_api.rest module is required but not importable.
2025-10-01T17:07:57.724831 BBCP [tick]: polygon_api.rest module is required but not importable.
2025-10-01T17:07:57.724831 BBDC [tick]: polygon_api.rest module is required but not importable.
2025-10-01T17:07:57.724831 BBN [tick]: polygon_api.rest module is required but not importable.
2025-10-01T17:07:57.724831 BBNX [tick]: polygon_api.rest module is required but not importable.
2025-10-01T17:07:57.724831 BBOT [tick]: polygon_api.rest module is required but not importable.
2025-10-01T17:07:57.724831 BBSI [tick]: polygon_api.rest module is required but not importable.
2025-10-01T17:07:57.724831 BBT [tick]: polygon_api.rest module is required but not importable.
2025-10-01T17:07:57.724831 BBW [tick]: polygon_api.rest module is required but not importable.
2025-10-01T17:07:57.724831 BCAL [tick]: polygon_api.rest module is required but not importable.
2025-10-01T17:07:57.724831 BCAR [tick]: polygon_api.rest module is required but not importable.
2025-10-01T17:07:57.724831 BCAT [tick]: polygon_api.rest module is required but not importable.
2025-10-01T17:07:57.724831 BCAX [tick]: polygon_api.rest module is required but not importable.
2025-10-01T17:07:57.724831 BCML [tick]: polygon_api.rest module is required but not importable.
2025-10-01T17:07:57.724831 BCRX [tick]: polygon_api.rest module is required but not importable.
2025-10-01T17:07:57.724831 BCSF [tick]: polygon_api.rest module is required but not importable.
2025-10-01T17:07:57.724831 BCSS-U [tick]: polygon_api.rest module is required but not importable.
2025-10-01T17:07:57.724831 BCX [tick]: polygon_api.rest module is required but not importable.
2025-10-01T17:07:57.724831 BCYC [tick]: polygon_api.rest module is required but not importable.
2025-10-01T17:07:57.724831 BDJ [tick]: polygon_api.rest module is required but not importable.
2025-10-01T17:07:57.724831 BDN [tick]: polygon_api.rest module is required but not importable.
2025-10-01T17:07:57.724831 BEAG [tick]: polygon_api.rest module is required but not importable.
2025-10-01T17:07:57.724831 BELFB [tick]: polygon_api.rest module is required but not importable.
2025-10-01T17:07:57.724831 BETR [tick]: polygon_api.rest module is required but not importable.
2025-10-01T17:07:57.724831 BFC [tick]: polygon_api.rest module is required but not importable.
2025-10-01T17:07:57.724831 BFK [tick]: polygon_api.rest module is required but not importable.
2025-10-01T17:07:57.724831 BFLY [tick]: polygon_api.rest module is required but not importable.
2025-10-01T17:07:57.724831 BFS [tick]: polygon_api.rest module is required but not importable.
2025-10-01T17:07:57.724831 BFST [tick]: polygon_api.rest module is required but not importable.
2025-10-01T17:07:57.724831 BFZ [tick]: polygon_api.rest module is required but not importable.
2025-10-01T17:07:57.724831 BGB [tick]: polygon_api.rest module is required but not importable.
2025-10-01T17:07:57.724831 BGH [tick]: polygon_api.rest module is required but not importable.
2025-10-01T17:07:57.724831 BGL [tick]: polygon_api.rest module is required but not importable.
2025-10-01T17:07:57.724831 BGM [tick]: polygon_api.rest module is required but not importable.
2025-10-01T17:07:57.724831 BGR [tick]: polygon_api.rest module is required but not importable.
2025-10-01T17:07:57.724831 BGS [tick]: polygon_api.rest module is required but not importable.
2025-10-01T17:07:57.724831 BGT [tick]: polygon_api.rest module is required but not importable.
2025-10-01T17:07:57.724831 BGY [tick]: polygon_api.rest module is required but not importable.
2025-10-01T17:07:57.724831 BH [tick]: polygon_api.rest module is required but not importable.
2025-10-01T17:07:57.724831 BHB [tick]: polygon_api.rest module is required but not importable.
2025-10-01T17:07:57.724831 BHE [tick]: polygon_api.rest module is required but not importable.
2025-10-01T17:07:57.724831 BHK [tick]: polygon_api.rest module is required but not importable.
2025-10-01T17:07:57.724831 BHRB [tick]: polygon_api.rest module is required but not importable.
2025-10-01T17:07:57.724831 BHVN [tick]: polygon_api.rest module is required but not importable.
2025-10-01T17:07:57.724831 BIT [tick]: polygon_api.rest module is required but not importable.
2025-10-01T17:07:57.724831 BITF [tick]: polygon_api.rest module is required but not importable.
2025-10-01T17:07:57.724831 BJRI [tick]: polygon_api.rest module is required but not importable.
2025-10-01T17:07:57.724831 BKKT [tick]: polygon_api.rest module is required but not importable.
2025-10-01T17:07:57.724831 BKSY [tick]: polygon_api.rest module is required but not importable.
2025-10-01T17:07:57.724831 BKTI [tick]: polygon_api.rest module is required but not importable.
2025-10-01T17:07:57.724831 BKV [tick]: polygon_api.rest module is required but not importable.
2025-10-01T17:07:57.724831 BLBD [tick]: polygon_api.rest module is required but not importable.
2025-10-01T17:07:57.724831 BLDP [tick]: polygon_api.rest module is required but not importable.
2025-10-01T17:07:57.724831 BLE [tick]: polygon_api.rest module is required but not importable.
2025-10-01T17:07:57.724831 BLFS [tick]: polygon_api.rest module is required but not importable.
2025-10-01T17:07:57.724831 BLMN [tick]: polygon_api.rest module is required but not importable.
2025-10-01T17:07:57.724831 BLND [tick]: polygon_api.rest module is required but not importable.
2025-10-01T17:07:57.724831 BLUW [tick]: polygon_api.rest module is required but not importable.
2025-10-01T17:07:57.724831 BLW [tick]: polygon_api.rest module is required but not importable.
2025-10-01T17:07:57.724831 BLX [tick]: polygon_api.rest module is required but not importable.
2025-10-01T17:07:57.724831 BLZE [tick]: polygon_api.rest module is required but not importable.
2025-10-01T17:07:57.724831 BMBL [tick]: polygon_api.rest module is required but not importable.
2025-10-01T17:07:57.724831 BME [tick]: polygon_api.rest module is required but not importable.
2025-10-01T17:07:57.724831 BMEZ [tick]: polygon_api.rest module is required but not importable.
2025-10-01T17:07:57.724831 BMRC [tick]: polygon_api.rest module is required but not importable.
2025-10-01T17:07:57.724831 BNC [tick]: polygon_api.rest module is required but not importable.
2025-10-01T17:07:57.724831 BNED [tick]: polygon_api.rest module is required but not importable.
2025-10-01T17:07:57.724831 BNTC [tick]: polygon_api.rest module is required but not importable.
2025-10-01T17:07:57.724831 BOC [tick]: polygon_api.rest module is required but not importable.
2025-10-01T17:07:57.724831 BOE [tick]: polygon_api.rest module is required but not importable.
2025-10-01T17:07:57.724831 BORR [tick]: polygon_api.rest module is required but not importable.
2025-10-01T17:07:57.724831 BOW [tick]: polygon_api.rest module is required but not importable.
2025-10-01T17:07:57.724831 BRBS [tick]: polygon_api.rest module is required but not importable.
2025-10-01T17:07:57.724831 BRCB [tick]: polygon_api.rest module is required but not importable.
2025-10-01T17:07:57.724831 BRCC [tick]: polygon_api.rest module is required but not importable.
2025-10-01T17:07:57.724831 BRR [tick]: polygon_api.rest module is required but not importable.
2025-10-01T17:07:57.724831 BRSP [tick]: polygon_api.rest module is required but not importable.
2025-10-01T17:07:57.724831 BRW [tick]: polygon_api.rest module is required but not importable.
2025-10-01T17:07:57.724831 BSRR [tick]: polygon_api.rest module is required but not importable.
2025-10-01T17:07:57.724831 BST [tick]: polygon_api.rest module is required but not importable.
2025-10-01T17:07:57.724831 BSTZ [tick]: polygon_api.rest module is required but not importable.
2025-10-01T17:07:57.724831 BSVN [tick]: polygon_api.rest module is required but not importable.
2025-10-01T17:07:57.724831 BTBT [tick]: polygon_api.rest module is required but not importable.
2025-10-01T17:07:57.724831 BTE [tick]: polygon_api.rest module is required but not importable.
2025-10-01T17:07:57.724831 BTO [tick]: polygon_api.rest module is required but not importable.
2025-10-01T17:07:57.724831 BTQ [tick]: polygon_api.rest module is required but not importable.
2025-10-01T17:07:57.724831 BTT [tick]: polygon_api.rest module is required but not importable.
2025-10-01T17:07:57.724831 BTX [tick]: polygon_api.rest module is required but not importable.
2025-10-01T17:07:57.724831 BTZ [tick]: polygon_api.rest module is required but not importable.
2025-10-01T17:07:57.724831 BUI [tick]: polygon_api.rest module is required but not importable.
2025-10-01T17:07:57.724831 BV [tick]: polygon_api.rest module is required but not importable.
2025-10-01T17:07:57.724831 BVS [tick]: polygon_api.rest module is required but not importable.
2025-10-01T17:07:57.724831 BWB [tick]: polygon_api.rest module is required but not importable.
2025-10-01T17:07:57.724831 BWFG [tick]: polygon_api.rest module is required but not importable.
2025-10-01T17:07:57.724831 BWMN [tick]: polygon_api.rest module is required but not importable.
2025-10-01T17:07:57.724831 BWMX [tick]: polygon_api.rest module is required but not importable.
2025-10-01T17:07:57.724831 BXC [tick]: polygon_api.rest module is required but not importable.
2025-10-01T17:07:57.724831 BXMX [tick]: polygon_api.rest module is required but not importable.
2025-10-01T17:07:57.724831 BY [tick]: polygon_api.rest module is required but not importable.
2025-10-01T17:07:57.724831 BYRN [tick]: polygon_api.rest module is required but not importable.
2025-10-01T17:07:57.724831 BZAI [tick]: polygon_api.rest module is required but not importable.
2025-10-01T17:07:57.724831 BZH [tick]: polygon_api.rest module is required but not importable.
2025-10-01T17:07:57.724831 CABO [tick]: polygon_api.rest module is required but not importable.
2025-10-01T17:07:57.724831 CAC [tick]: polygon_api.rest module is required but not importable.
2025-10-01T17:07:57.724831 CAEP [tick]: polygon_api.rest module is required but not importable.
2025-10-01T17:07:57.724831 CAL [tick]: polygon_api.rest module is required but not importable.
2025-10-01T17:07:57.724831 CANG [tick]: polygon_api.rest module is required but not importable.
2025-10-01T17:07:57.724831 CAPL [tick]: polygon_api.rest module is required but not importable.
2025-10-01T17:07:57.724831 CAPR [tick]: polygon_api.rest module is required but not importable.
2025-10-01T17:07:57.724831 CARE [tick]: polygon_api.rest module is required but not importable.
2025-10-01T17:07:57.724831 CARL [tick]: polygon_api.rest module is required but not importable.
2025-10-01T17:07:57.724831 CARS [tick]: polygon_api.rest module is required but not importable.
2025-10-01T17:07:57.724831 CASH [tick]: polygon_api.rest module is required but not importable.
2025-10-01T17:07:57.724831 CASS [tick]: polygon_api.rest module is required but not importable.
2025-10-01T17:07:57.724831 CBL [tick]: polygon_api.rest module is required but not importable.
2025-10-01T17:07:57.724831 CBLL [tick]: polygon_api.rest module is required but not importable.
2025-10-01T17:07:57.724831 CBNK [tick]: polygon_api.rest module is required but not importable.
2025-10-01T17:07:57.724831 CBRL [tick]: polygon_api.rest module is required but not importable.
2025-10-01T17:07:57.724831 CCAP [tick]: polygon_api.rest module is required but not importable.
2025-10-01T17:07:57.724831 CCB [tick]: polygon_api.rest module is required but not importable.
2025-10-01T17:07:57.724831 CCBG [tick]: polygon_api.rest module is required but not importable.
2025-10-01T17:07:57.724831 CCCX [tick]: polygon_api.rest module is required but not importable.
2025-10-01T17:07:57.724831 CCD [tick]: polygon_api.rest module is required but not importable.
2025-10-01T17:07:57.724831 CCEC [tick]: polygon_api.rest module is required but not importable.
2025-10-01T17:07:57.724831 CCII [tick]: polygon_api.rest module is required but not importable.
2025-10-01T17:07:57.724831 CCIX [tick]: polygon_api.rest module is required but not importable.
2025-10-01T17:07:57.724831 CCNE [tick]: polygon_api.rest module is required but not importable.
2025-10-01T17:07:57.724831 CCO [tick]: polygon_api.rest module is required but not importable.
2025-10-01T17:07:57.724831 CCOI [tick]: polygon_api.rest module is required but not importable.
2025-10-01T17:07:57.724831 CCRN [tick]: polygon_api.rest module is required but not importable.
2025-10-01T17:07:57.724831 CCS [tick]: polygon_api.rest module is required but not importable.
2025-10-01T17:07:57.724831 CCSI [tick]: polygon_api.rest module is required but not importable.
2025-10-01T17:07:57.724831 CDLR [tick]: polygon_api.rest module is required but not importable.
2025-10-01T17:07:57.724831 CDNA [tick]: polygon_api.rest module is required but not importable.
2025-10-01T17:07:57.724831 CDRE [tick]: polygon_api.rest module is required but not importable.
2025-10-01T17:07:57.724831 CDRO [tick]: polygon_api.rest module is required but not importable.
2025-10-01T17:07:57.724831 CDZI [tick]: polygon_api.rest module is required but not importable.
2025-10-01T17:07:57.724831 CECO [tick]: polygon_api.rest module is required but not importable.
2025-10-01T17:07:57.724831 CELC [tick]: polygon_api.rest module is required but not importable.
2025-10-01T17:07:57.724831 CENT [tick]: polygon_api.rest module is required but not importable.
2025-10-01T17:07:57.724831 CENTA [tick]: polygon_api.rest module is required but not importable.
2025-10-01T17:07:57.724831 CEP [tick]: polygon_api.rest module is required but not importable.
2025-10-01T17:07:57.724831 CEPF [tick]: polygon_api.rest module is required but not importable.
2025-10-01T17:07:57.724831 CEPU [tick]: polygon_api.rest module is required but not importable.
2025-10-01T17:07:57.724831 CET [tick]: polygon_api.rest module is required but not importable.
2025-10-01T17:07:57.724831 CEVA [tick]: polygon_api.rest module is required but not importable.
2025-10-01T17:07:57.724831 CFFN [tick]: polygon_api.rest module is required but not importable.
2025-10-01T17:07:57.724831 CGBD [tick]: polygon_api.rest module is required but not importable.
2025-10-01T17:07:57.724831 CGC [tick]: polygon_api.rest module is required but not importable.
2025-10-01T17:07:57.724831 CGCT [tick]: polygon_api.rest module is required but not importable.
2025-10-01T17:07:57.724831 CGEM [tick]: polygon_api.rest module is required but not importable.
2025-10-01T17:07:57.724831 CGNT [tick]: polygon_api.rest module is required but not importable.
2025-10-01T17:07:57.724831 CHA [tick]: polygon_api.rest module is required but not importable.
2025-10-01T17:07:57.724831 CHAC [tick]: polygon_api.rest module is required but not importable.
2025-10-01T17:07:57.724831 CHCO [tick]: polygon_api.rest module is required but not importable.
2025-10-01T17:07:57.724831 CHCT [tick]: polygon_api.rest module is required but not importable.
2025-10-01T17:07:57.724831 CHI [tick]: polygon_api.rest module is required but not importable.
2025-10-01T17:07:57.724831 CHW [tick]: polygon_api.rest module is required but not importable.
2025-10-01T17:07:57.724831 CHY [tick]: polygon_api.rest module is required but not importable.
2025-10-01T17:07:57.724831 CII [tick]: polygon_api.rest module is required but not importable.
2025-10-01T17:07:57.724831 CIM [tick]: polygon_api.rest module is required but not importable.
2025-10-01T17:07:57.724831 CINT [tick]: polygon_api.rest module is required but not importable.
2025-10-01T17:07:57.724831 CION [tick]: polygon_api.rest module is required but not importable.
2025-10-01T17:07:57.724831 CIVB [tick]: polygon_api.rest module is required but not importable.
2025-10-01T17:07:57.724831 CLB [tick]: polygon_api.rest module is required but not importable.
2025-10-01T17:07:57.724831 CLBK [tick]: polygon_api.rest module is required but not importable.
2025-10-01T17:07:57.724831 CLCO [tick]: polygon_api.rest module is required but not importable.
2025-10-01T17:07:57.724831 CLDT [tick]: polygon_api.rest module is required but not importable.
2025-10-01T17:07:57.724831 CLDX [tick]: polygon_api.rest module is required but not importable.
2025-10-01T17:07:57.724831 CLFD [tick]: polygon_api.rest module is required but not importable.
2025-10-01T17:07:57.724831 CLMB [tick]: polygon_api.rest module is required but not importable.
2025-10-01T17:07:57.724831 CLMT [tick]: polygon_api.rest module is required but not importable.
2025-10-01T17:07:57.724831 CLNE [tick]: polygon_api.rest module is required but not importable.
2025-10-01T17:07:57.724831 CLOV [tick]: polygon_api.rest module is required but not importable.
2025-10-01T17:07:57.724831 CLPT [tick]: polygon_api.rest module is required but not importable.
2025-10-01T17:07:57.724831 CLW [tick]: polygon_api.rest module is required but not importable.
2025-10-01T17:07:57.724831 CMCL [tick]: polygon_api.rest module is required but not importable.
2025-10-01T17:07:57.724831 CMCO [tick]: polygon_api.rest module is required but not importable.
2025-10-01T17:07:57.724831 CMDB [tick]: polygon_api.rest module is required but not importable.
2025-10-01T17:07:57.724831 CMP [tick]: polygon_api.rest module is required but not importable.
2025-10-01T17:07:57.724831 CMPR [tick]: polygon_api.rest module is required but not importable.
2025-10-01T17:07:57.724831 CMPS [tick]: polygon_api.rest module is required but not importable.
2025-10-01T17:07:57.724831 CMPX [tick]: polygon_api.rest module is required but not importable.
2025-10-01T17:07:57.724831 CMRC [tick]: polygon_api.rest module is required but not importable.
2025-10-01T17:07:57.724831 CMRE [tick]: polygon_api.rest module is required but not importable.
2025-10-01T17:07:57.724831 CMTG [tick]: polygon_api.rest module is required but not importable.
2025-10-01T17:07:57.724831 CNCK [tick]: polygon_api.rest module is required but not importable.
2025-10-01T17:07:57.724831 CNDT [tick]: polygon_api.rest module is required but not importable.
2025-10-01T17:07:57.724831 CNL [tick]: polygon_api.rest module is required but not importable.
2025-10-01T17:07:57.724831 CNMD [tick]: polygon_api.rest module is required but not importable.
2025-10-01T17:07:57.724831 CNNE [tick]: polygon_api.rest module is required but not importable.
2025-10-01T17:07:57.724831 CNOB [tick]: polygon_api.rest module is required but not importable.
2025-10-01T17:07:57.724831 CNXN [tick]: polygon_api.rest module is required but not importable.
2025-10-01T17:07:57.724831 CODI [tick]: polygon_api.rest module is required but not importable.
2025-10-01T17:07:57.724831 COFS [tick]: polygon_api.rest module is required but not importable.
2025-10-01T17:07:57.724831 COGT [tick]: polygon_api.rest module is required but not importable.
2025-10-01T17:07:57.724831 COHU [tick]: polygon_api.rest module is required but not importable.
2025-10-01T17:07:57.724831 COLL [tick]: polygon_api.rest module is required but not importable.
2025-10-01T17:07:57.724831 COUR [tick]: polygon_api.rest module is required but not importable.
2025-10-01T17:07:57.724831 CPAC [tick]: polygon_api.rest module is required but not importable.
2025-10-01T17:07:57.724831 CPF [tick]: polygon_api.rest module is required but not importable.
2025-10-01T17:07:57.724831 CPS [tick]: polygon_api.rest module is required but not importable.
2025-10-01T17:07:57.724831 CPZ [tick]: polygon_api.rest module is required but not importable.
2025-10-01T17:07:57.724831 CRAI [tick]: polygon_api.rest module is required but not importable.
2025-10-01T17:07:57.724831 CRAQ [tick]: polygon_api.rest module is required but not importable.
2025-10-01T17:07:57.724831 CRCT [tick]: polygon_api.rest module is required but not importable.
2025-10-01T17:07:57.724831 CRD-A [tick]: polygon_api.rest module is required but not importable.
2025-10-01T17:07:57.724831 CRD-B [tick]: polygon_api.rest module is required but not importable.
2025-10-01T17:07:57.724831 CRESY [tick]: polygon_api.rest module is required but not importable.
2025-10-01T17:07:57.724831 CRF [tick]: polygon_api.rest module is required but not importable.
2025-10-01T17:07:57.724831 CRI [tick]: polygon_api.rest module is required but not importable.
2025-10-01T17:07:57.724831 CRMD [tick]: polygon_api.rest module is required but not importable.
2025-10-01T17:07:57.724831 CRML [tick]: polygon_api.rest module is required but not importable.
2025-10-01T17:07:57.724831 CRNC [tick]: polygon_api.rest module is required but not importable.
2025-10-01T17:07:57.724831 CRON [tick]: polygon_api.rest module is required but not importable.
2025-10-01T17:07:57.724831 CRSR [tick]: polygon_api.rest module is required but not importable.
2025-10-01T17:07:57.724831 CRTO [tick]: polygon_api.rest module is required but not importable.
2025-10-01T17:07:57.724831 CRVS [tick]: polygon_api.rest module is required but not importable.
2025-10-01T17:07:57.724831 CSGS [tick]: polygon_api.rest module is required but not importable.
2025-10-01T17:07:57.724831 CSIQ [tick]: polygon_api.rest module is required but not importable.
2025-10-01T17:07:57.724831 CSR [tick]: polygon_api.rest module is required but not importable.
2025-10-01T17:07:57.724831 CSTL [tick]: polygon_api.rest module is required but not importable.
2025-10-01T17:07:57.724831 CSV [tick]: polygon_api.rest module is required but not importable.
2025-10-01T17:07:57.724831 CSWC [tick]: polygon_api.rest module is required but not importable.
2025-10-01T17:07:57.724831 CTBI [tick]: polygon_api.rest module is required but not importable.
2025-10-01T17:07:57.724831 CTEV [tick]: polygon_api.rest module is required but not importable.
2025-10-01T17:07:57.724831 CTGO [tick]: polygon_api.rest module is required but not importable.
2025-10-01T17:07:57.724831 CTKB [tick]: polygon_api.rest module is required but not importable.
2025-10-01T17:07:57.724831 CTLP [tick]: polygon_api.rest module is required but not importable.
2025-10-01T17:07:57.724831 CTMX [tick]: polygon_api.rest module is required but not importable.
2025-10-01T17:07:57.724831 CTNM [tick]: polygon_api.rest module is required but not importable.
2025-10-01T17:07:57.724831 CTO [tick]: polygon_api.rest module is required but not importable.
2025-10-01T17:07:57.724831 CTOS [tick]: polygon_api.rest module is required but not importable.
2025-10-01T17:07:57.724831 CTRI [tick]: polygon_api.rest module is required but not importable.
2025-10-01T17:07:57.724831 CTS [tick]: polygon_api.rest module is required but not importable.
2025-10-01T17:07:57.724831 CUB [tick]: polygon_api.rest module is required but not importable.
2025-10-01T17:07:57.724831 CVAC [tick]: polygon_api.rest module is required but not importable.
2025-10-01T17:07:57.724831 CVGW [tick]: polygon_api.rest module is required but not importable.
2025-10-01T17:07:57.724831 CVLG [tick]: polygon_api.rest module is required but not importable.
2025-10-01T17:07:57.724831 CWBC [tick]: polygon_api.rest module is required but not importable.
2025-10-01T17:07:57.724831 CWCO [tick]: polygon_api.rest module is required but not importable.
2025-10-01T17:07:57.724831 CWH [tick]: polygon_api.rest module is required but not importable.
2025-10-01T17:07:57.724831 CXM [tick]: polygon_api.rest module is required but not importable.
2025-10-01T17:07:57.724831 CYD [tick]: polygon_api.rest module is required but not importable.
2025-10-01T17:07:57.724831 CYH [tick]: polygon_api.rest module is required but not importable.
2025-10-01T17:07:57.724831 CYRX [tick]: polygon_api.rest module is required but not importable.
2025-10-01T17:07:57.724831 CZNC [tick]: polygon_api.rest module is required but not importable.
2025-10-01T17:07:57.724831 DAC [tick]: polygon_api.rest module is required but not importable.
2025-10-01T17:07:57.724831 DAKT [tick]: polygon_api.rest module is required but not importable.
2025-10-01T17:07:57.724831 DAO [tick]: polygon_api.rest module is required but not importable.
2025-10-01T17:07:57.724831 DAVA [tick]: polygon_api.rest module is required but not importable.
2025-10-01T17:07:57.724831 DAWN [tick]: polygon_api.rest module is required but not importable.
2025-10-01T17:07:57.724831 DC [tick]: polygon_api.rest module is required but not importable.
2025-10-01T17:07:57.724831 DCBO [tick]: polygon_api.rest module is required but not importable.
2025-10-01T17:07:57.724831 DCO [tick]: polygon_api.rest module is required but not importable.
2025-10-01T17:07:57.724831 DCOM [tick]: polygon_api.rest module is required but not importable.
2025-10-01T17:07:57.724831 DCTH [tick]: polygon_api.rest module is required but not importable.
2025-10-01T17:07:57.724831 DDD [tick]: polygon_api.rest module is required but not importable.
2025-10-01T17:07:57.724831 DDI [tick]: polygon_api.rest module is required but not importable.
2025-10-01T17:07:57.724831 DDL [tick]: polygon_api.rest module is required but not importable.
2025-10-01T17:07:57.724831 DEA [tick]: polygon_api.rest module is required but not importable.
2025-10-01T17:07:57.724831 DEC [tick]: polygon_api.rest module is required but not importable.
2025-10-01T17:07:57.724831 DEFT [tick]: polygon_api.rest module is required but not importable.
2025-10-01T17:07:57.724831 DFDV [tick]: polygon_api.rest module is required but not importable.
2025-10-01T17:07:57.724831 DFIN [tick]: polygon_api.rest module is required but not importable.
2025-10-01T17:07:57.724831 DFP [tick]: polygon_api.rest module is required but not importable.
2025-10-01T17:07:57.724831 DGICA [tick]: polygon_api.rest module is required but not importable.
2025-10-01T17:07:57.724831 DGII [tick]: polygon_api.rest module is required but not importable.
2025-10-01T17:07:57.724831 DH [tick]: polygon_api.rest module is required but not importable.
2025-10-01T17:07:57.724831 DHC [tick]: polygon_api.rest module is required but not importable.
2025-10-01T17:07:57.724831 DHIL [tick]: polygon_api.rest module is required but not importable.
2025-10-01T17:07:57.724831 DHT [tick]: polygon_api.rest module is required but not importable.
2025-10-01T17:07:57.724831 DIAX [tick]: polygon_api.rest module is required but not importable.
2025-10-01T17:07:57.724831 DIN [tick]: polygon_api.rest module is required but not importable.
2025-10-01T17:07:57.724831 DJCO [tick]: polygon_api.rest module is required but not importable.
2025-10-01T17:07:57.724831 DK [tick]: polygon_api.rest module is required but not importable.
2025-10-01T17:07:57.724831 DLX [tick]: polygon_api.rest module is required but not importable.
2025-10-01T17:07:57.724831 DLY [tick]: polygon_api.rest module is required but not importable.
2025-10-01T17:07:57.724831 DMAA [tick]: polygon_api.rest module is required but not importable.
2025-10-01T17:07:57.724831 DMAC [tick]: polygon_api.rest module is required but not importable.
2025-10-01T17:07:57.724831 DMIIU [tick]: polygon_api.rest module is required but not importable.
2025-10-01T17:07:57.724831 DMLP [tick]: polygon_api.rest module is required but not importable.
2025-10-01T17:07:57.724831 DNA [tick]: polygon_api.rest module is required but not importable.
2025-10-01T17:07:57.724831 DNOW [tick]: polygon_api.rest module is required but not importable.
2025-10-01T17:07:57.724831 DNTH [tick]: polygon_api.rest module is required but not importable.
2025-10-01T17:07:57.724831 DNUT [tick]: polygon_api.rest module is required but not importable.
2025-10-01T17:07:57.724831 DOLE [tick]: polygon_api.rest module is required but not importable.
2025-10-01T17:07:57.724831 DOMO [tick]: polygon_api.rest module is required but not importable.
2025-10-01T17:07:57.724831 DPG [tick]: polygon_api.rest module is required but not importable.
2025-10-01T17:07:57.724831 DQ [tick]: polygon_api.rest module is required but not importable.
2025-10-01T17:07:57.724831 DRDB [tick]: polygon_api.rest module is required but not importable.
2025-10-01T17:07:57.724831 DRH [tick]: polygon_api.rest module is required but not importable.
2025-10-01T17:07:57.724831 DRTS [tick]: polygon_api.rest module is required but not importable.
2025-10-01T17:07:57.724831 DRUG [tick]: polygon_api.rest module is required but not importable.
2025-10-01T17:07:57.724831 DSGN [tick]: polygon_api.rest module is required but not importable.
2025-10-01T17:07:57.724831 DSGR [tick]: polygon_api.rest module is required but not importable.
2025-10-01T17:07:57.724831 DSL [tick]: polygon_api.rest module is required but not importable.
2025-10-01T17:07:57.724831 DSP [tick]: polygon_api.rest module is required but not importable.
2025-10-01T17:07:57.724831 DSU [tick]: polygon_api.rest module is required but not importable.
2025-10-01T17:07:57.724831 DV [tick]: polygon_api.rest module is required but not importable.
2025-10-01T17:07:57.724831 DVAX [tick]: polygon_api.rest module is required but not importable.
2025-10-01T17:07:57.724831 DVS [tick]: polygon_api.rest module is required but not importable.
2025-10-01T17:07:57.724831 DX [tick]: polygon_api.rest module is required but not importable.
2025-10-01T17:07:57.724831 DXPE [tick]: polygon_api.rest module is required but not importable.
2025-10-01T17:07:57.724831 DXYZ [tick]: polygon_api.rest module is required but not importable.
2025-10-01T17:07:57.724831 DYN [tick]: polygon_api.rest module is required but not importable.
2025-10-01T17:07:57.724831 EAD [tick]: polygon_api.rest module is required but not importable.
2025-10-01T17:07:57.724831 EAF [tick]: polygon_api.rest module is required but not importable.
2025-10-01T17:07:57.724831 EBF [tick]: polygon_api.rest module is required but not importable.
2025-10-01T17:07:57.724831 EBS [tick]: polygon_api.rest module is required but not importable.
2025-10-01T17:07:57.724831 ECAT [tick]: polygon_api.rest module is required but not importable.
2025-10-01T17:07:57.724831 ECC [tick]: polygon_api.rest module is required but not importable.
2025-10-01T17:07:57.724831 ECO [tick]: polygon_api.rest module is required but not importable.
2025-10-01T17:07:57.724831 ECPG [tick]: polygon_api.rest module is required but not importable.
2025-10-01T17:07:57.724831 ECVT [tick]: polygon_api.rest module is required but not importable.
2025-10-01T17:07:57.724831 ECX [tick]: polygon_api.rest module is required but not importable.
2025-10-01T17:07:57.724831 EDD [tick]: polygon_api.rest module is required but not importable.
2025-10-01T17:07:57.724831 EDIT [tick]: polygon_api.rest module is required but not importable.
2025-10-01T17:07:57.724831 EDN [tick]: polygon_api.rest module is required but not importable.
2025-10-01T17:07:57.724831 EEX [tick]: polygon_api.rest module is required but not importable.
2025-10-01T17:07:57.724831 EFC [tick]: polygon_api.rest module is required but not importable.
2025-10-01T17:07:57.724831 EFR [tick]: polygon_api.rest module is required but not importable.
2025-10-01T17:07:57.724831 EFT [tick]: polygon_api.rest module is required but not importable.
2025-10-01T17:07:57.724831 EFTY [tick]: polygon_api.rest module is required but not importable.
2025-10-01T17:07:57.724831 EFXT [tick]: polygon_api.rest module is required but not importable.
2025-10-01T17:07:57.724831 EGBN [tick]: polygon_api.rest module is required but not importable.
2025-10-01T17:07:57.724831 EGY [tick]: polygon_api.rest module is required but not importable.
2025-10-01T17:07:57.724831 EH [tick]: polygon_api.rest module is required but not importable.
2025-10-01T17:07:57.724831 EHAB [tick]: polygon_api.rest module is required but not importable.
2025-10-01T17:07:57.724831 EIC [tick]: polygon_api.rest module is required but not importable.
2025-10-01T17:07:57.724831 EIG [tick]: polygon_api.rest module is required but not importable.
2025-10-01T17:07:57.724831 EIM [tick]: polygon_api.rest module is required but not importable.
2025-10-01T17:07:57.724831 ELME [tick]: polygon_api.rest module is required but not importable.
2025-10-01T17:07:57.724831 ELVN [tick]: polygon_api.rest module is required but not importable.
2025-10-01T17:07:57.724831 ELVR [tick]: polygon_api.rest module is required but not importable.
2025-10-01T17:07:57.724831 EMBC [tick]: polygon_api.rest module is required but not importable.
2025-10-01T17:07:57.724831 EMD [tick]: polygon_api.rest module is required but not importable.
2025-10-01T17:07:57.724831 EMO [tick]: polygon_api.rest module is required but not importable.
2025-10-01T17:07:57.724831 EMPD [tick]: polygon_api.rest module is required but not importable.
2025-10-01T17:07:57.724831 EMX [tick]: polygon_api.rest module is required but not importable.
2025-10-01T17:07:57.724831 ENGN [tick]: polygon_api.rest module is required but not importable.
2025-10-01T17:07:57.724831 ENOV [tick]: polygon_api.rest module is required but not importable.
2025-10-01T17:07:57.724831 ENR [tick]: polygon_api.rest module is required but not importable.
2025-10-01T17:07:57.724831 EOI [tick]: polygon_api.rest module is required but not importable.
2025-10-01T17:07:57.724831 EOLS [tick]: polygon_api.rest module is required but not importable.
2025-10-01T17:07:57.724831 EOS [tick]: polygon_api.rest module is required but not importable.
2025-10-01T17:07:57.724831 EPC [tick]: polygon_api.rest module is required but not importable.
2025-10-01T17:07:57.724831 EQBK [tick]: polygon_api.rest module is required but not importable.
2025-10-01T17:07:57.724831 EQV [tick]: polygon_api.rest module is required but not importable.
2025-10-01T17:07:57.724831 ERAS [tick]: polygon_api.rest module is required but not importable.
2025-10-01T17:07:57.724831 ERII [tick]: polygon_api.rest module is required but not importable.
2025-10-01T17:07:57.724831 ESEA [tick]: polygon_api.rest module is required but not importable.
2025-10-01T17:07:57.724831 ESPR [tick]: polygon_api.rest module is required but not importable.
2025-10-01T17:07:57.724831 ESQ [tick]: polygon_api.rest module is required but not importable.
2025-10-01T17:07:57.724831 ESRT [tick]: polygon_api.rest module is required but not importable.
2025-10-01T17:07:57.724831 ESTA [tick]: polygon_api.rest module is required but not importable.
2025-10-01T17:07:57.724831 ETB [tick]: polygon_api.rest module is required but not importable.
2025-10-01T17:07:57.724831 ETD [tick]: polygon_api.rest module is required but not importable.
2025-10-01T17:07:57.724831 ETG [tick]: polygon_api.rest module is required but not importable.
2025-10-01T17:07:57.724831 ETHZ [tick]: polygon_api.rest module is required but not importable.
2025-10-01T17:07:57.724831 ETJ [tick]: polygon_api.rest module is required but not importable.
2025-10-01T17:07:57.724831 ETO [tick]: polygon_api.rest module is required but not importable.
2025-10-01T17:07:57.724831 ETON [tick]: polygon_api.rest module is required but not importable.
2025-10-01T17:07:57.724831 ETV [tick]: polygon_api.rest module is required but not importable.
2025-10-01T17:07:57.724831 ETW [tick]: polygon_api.rest module is required but not importable.
2025-10-01T17:07:57.724831 EU [tick]: polygon_api.rest module is required but not importable.
2025-10-01T17:07:57.724831 EVAC [tick]: polygon_api.rest module is required but not importable.
2025-10-01T17:07:57.724831 EVCM [tick]: polygon_api.rest module is required but not importable.
2025-10-01T17:07:57.724831 EVER [tick]: polygon_api.rest module is required but not importable.
2025-10-01T17:07:57.724831 EVEX [tick]: polygon_api.rest module is required but not importable.
2025-10-01T17:07:57.724831 EVGO [tick]: polygon_api.rest module is required but not importable.
2025-10-01T17:07:57.724831 EVH [tick]: polygon_api.rest module is required but not importable.
2025-10-01T17:07:57.724831 EVI [tick]: polygon_api.rest module is required but not importable.
2025-10-01T17:07:57.724831 EVLV [tick]: polygon_api.rest module is required but not importable.
2025-10-01T17:07:57.724831 EVN [tick]: polygon_api.rest module is required but not importable.
2025-10-01T17:07:57.724831 EVO [tick]: polygon_api.rest module is required but not importable.
2025-10-01T17:07:57.724831 EVT [tick]: polygon_api.rest module is required but not importable.
2025-10-01T17:07:57.724831 EVTL [tick]: polygon_api.rest module is required but not importable.
2025-10-01T17:07:57.724831 EVV [tick]: polygon_api.rest module is required but not importable.
2025-10-01T17:07:57.724831 EWTX [tick]: polygon_api.rest module is required but not importable.
2025-10-01T17:07:57.724831 EXOD [tick]: polygon_api.rest module is required but not importable.
2025-10-01T17:07:57.724831 EXPI [tick]: polygon_api.rest module is required but not importable.
2025-10-01T17:07:57.724831 EYPT [tick]: polygon_api.rest module is required but not importable.
2025-10-01T17:07:57.724831 EZPW [tick]: polygon_api.rest module is required but not importable.
2025-10-01T17:07:57.724831 FAX [tick]: polygon_api.rest module is required but not importable.
2025-10-01T17:07:57.724831 FBIZ [tick]: polygon_api.rest module is required but not importable.
2025-10-01T17:07:57.724831 FBRT [tick]: polygon_api.rest module is required but not importable.
2025-10-01T17:07:57.724831 FBYD [tick]: polygon_api.rest module is required but not importable.
2025-10-01T17:07:57.724831 FCBC [tick]: polygon_api.rest module is required but not importable.
2025-10-01T17:07:57.724831 FCF [tick]: polygon_api.rest module is required but not importable.
2025-10-01T17:07:57.724831 FDMT [tick]: polygon_api.rest module is required but not importable.
2025-10-01T17:07:57.724831 FDP [tick]: polygon_api.rest module is required but not importable.
2025-10-01T17:07:57.724831 FDUS [tick]: polygon_api.rest module is required but not importable.
2025-10-01T17:07:57.724831 FEIM [tick]: polygon_api.rest module is required but not importable.
2025-10-01T17:07:57.724831 FERA [tick]: polygon_api.rest module is required but not importable.
2025-10-01T17:07:57.724831 FET [tick]: polygon_api.rest module is required but not importable.
2025-10-01T17:07:57.724831 FFA [tick]: polygon_api.rest module is required but not importable.
2025-10-01T17:07:57.724831 FFC [tick]: polygon_api.rest module is required but not importable.
2025-10-01T17:07:57.724831 FFIC [tick]: polygon_api.rest module is required but not importable.
2025-10-01T17:07:57.724831 FFWM [tick]: polygon_api.rest module is required but not importable.
2025-10-01T17:07:57.724831 FIGS [tick]: polygon_api.rest module is required but not importable.
2025-10-01T17:07:57.724831 FIHL [tick]: polygon_api.rest module is required but not importable.
2025-10-01T17:07:57.724831 FINS [tick]: polygon_api.rest module is required but not importable.
2025-10-01T17:07:57.724831 FINV [tick]: polygon_api.rest module is required but not importable.
2025-10-01T17:07:57.724831 FIP [tick]: polygon_api.rest module is required but not importable.
2025-10-01T17:07:57.724831 FISI [tick]: polygon_api.rest module is required but not importable.
2025-10-01T17:07:57.724831 FIVN [tick]: polygon_api.rest module is required but not importable.
2025-10-01T17:07:57.724831 FLGT [tick]: polygon_api.rest module is required but not importable.
2025-10-01T17:07:57.724831 FLNG [tick]: polygon_api.rest module is required but not importable.
2025-10-01T17:07:57.724831 FLOC [tick]: polygon_api.rest module is required but not importable.
2025-10-01T17:07:57.724831 FLYW [tick]: polygon_api.rest module is required but not importable.
2025-10-01T17:07:57.724831 FLYX [tick]: polygon_api.rest module is required but not importable.
2025-10-01T17:07:57.724831 FMAO [tick]: polygon_api.rest module is required but not importable.
2025-10-01T17:07:57.724831 FMBH [tick]: polygon_api.rest module is required but not importable.
2025-10-01T17:07:57.724831 FMNB [tick]: polygon_api.rest module is required but not importable.
2025-10-01T17:07:57.724831 FOA [tick]: polygon_api.rest module is required but not importable.
2025-10-01T17:07:57.724831 FOF [tick]: polygon_api.rest module is required but not importable.
2025-10-01T17:07:57.724831 FOR [tick]: polygon_api.rest module is required but not importable.
2025-10-01T17:07:57.724831 FOXF [tick]: polygon_api.rest module is required but not importable.
2025-10-01T17:07:57.724831 FPF [tick]: polygon_api.rest module is required but not importable.
2025-10-01T17:07:57.724831 FPH [tick]: polygon_api.rest module is required but not importable.
2025-10-01T17:07:57.724831 FPI [tick]: polygon_api.rest module is required but not importable.
2025-10-01T17:07:57.724831 FRA [tick]: polygon_api.rest module is required but not importable.
2025-10-01T17:07:57.724831 FRBA [tick]: polygon_api.rest module is required but not importable.
2025-10-01T17:07:57.724831 FRPH [tick]: polygon_api.rest module is required but not importable.
2025-10-01T17:07:57.724831 FSBC [tick]: polygon_api.rest module is required but not importable.
2025-10-01T17:07:57.724831 FSCO [tick]: polygon_api.rest module is required but not importable.
2025-10-01T17:07:57.724831 FSLY [tick]: polygon_api.rest module is required but not importable.
2025-10-01T17:07:57.724831 FSUN [tick]: polygon_api.rest module is required but not importable.
2025-10-01T17:07:57.724831 FTHY [tick]: polygon_api.rest module is required but not importable.
2025-10-01T17:07:57.724831 FTK [tick]: polygon_api.rest module is required but not importable.
2025-10-01T17:07:57.724831 FTRE [tick]: polygon_api.rest module is required but not importable.
2025-10-01T17:07:57.724831 FUBO [tick]: polygon_api.rest module is required but not importable.
2025-10-01T17:07:57.724831 FUFU [tick]: polygon_api.rest module is required but not importable.
2025-10-01T17:07:57.724831 FULC [tick]: polygon_api.rest module is required but not importable.
2025-10-01T17:07:57.724831 FVR [tick]: polygon_api.rest module is required but not importable.
2025-10-01T17:07:57.724831 FVRR [tick]: polygon_api.rest module is required but not importable.
2025-10-01T17:07:57.724831 FWRD [tick]: polygon_api.rest module is required but not importable.
2025-10-01T17:07:57.724831 FWRG [tick]: polygon_api.rest module is required but not importable.
2025-10-01T17:07:57.724831 GAB [tick]: polygon_api.rest module is required but not importable.
2025-10-01T17:07:57.724831 GABC [tick]: polygon_api.rest module is required but not importable.
2025-10-01T17:07:57.724831 GAIN [tick]: polygon_api.rest module is required but not importable.
2025-10-01T17:07:57.724831 GAM [tick]: polygon_api.rest module is required but not importable.
2025-10-01T17:07:57.724831 GAU [tick]: polygon_api.rest module is required but not importable.
2025-10-01T17:07:57.724831 GBAB [tick]: polygon_api.rest module is required but not importable.
2025-10-01T17:07:57.724831 GBFH [tick]: polygon_api.rest module is required but not importable.
2025-10-01T17:07:57.724831 GBLI [tick]: polygon_api.rest module is required but not importable.
2025-10-01T17:07:57.724831 GBX [tick]: polygon_api.rest module is required but not importable.
2025-10-01T17:07:57.724831 GCBC [tick]: polygon_api.rest module is required but not importable.
2025-10-01T17:07:57.724831 GCI [tick]: polygon_api.rest module is required but not importable.
2025-10-01T17:07:57.724831 GCL [tick]: polygon_api.rest module is required but not importable.
2025-10-01T17:07:57.724831 GCO [tick]: polygon_api.rest module is required but not importable.
2025-10-01T17:07:57.724831 GCT [tick]: polygon_api.rest module is required but not importable.
2025-10-01T17:07:57.724831 GDEN [tick]: polygon_api.rest module is required but not importable.
2025-10-01T17:07:57.724831 GDEV [tick]: polygon_api.rest module is required but not importable.
2025-10-01T17:07:57.724831 GDOT [tick]: polygon_api.rest module is required but not importable.
2025-10-01T17:07:57.724831 GDRX [tick]: polygon_api.rest module is required but not importable.
2025-10-01T17:07:57.724831 GDYN [tick]: polygon_api.rest module is required but not importable.
2025-10-01T17:07:57.724831 GERN [tick]: polygon_api.rest module is required but not importable.
2025-10-01T17:07:57.724831 GES [tick]: polygon_api.rest module is required but not importable.
2025-10-01T17:07:57.724831 GETY [tick]: polygon_api.rest module is required but not importable.
2025-10-01T17:07:57.724831 GEVO [tick]: polygon_api.rest module is required but not importable.
2025-10-01T17:07:57.724831 GFR [tick]: polygon_api.rest module is required but not importable.
2025-10-01T17:07:57.724831 GGN [tick]: polygon_api.rest module is required but not importable.
2025-10-01T17:07:57.724831 GHLD [tick]: polygon_api.rest module is required but not importable.
2025-10-01T17:07:57.724831 GHM [tick]: polygon_api.rest module is required but not importable.
2025-10-01T17:07:57.724831 GHRS [tick]: polygon_api.rest module is required but not importable.
2025-10-01T17:07:57.724831 GHY [tick]: polygon_api.rest module is required but not importable.
2025-10-01T17:07:57.724831 GIC [tick]: polygon_api.rest module is required but not importable.
2025-10-01T17:07:57.724831 GIG [tick]: polygon_api.rest module is required but not importable.
2025-10-01T17:07:57.724831 GIII [tick]: polygon_api.rest module is required but not importable.
2025-10-01T17:07:57.724831 GILT [tick]: polygon_api.rest module is required but not importable.
2025-10-01T17:07:57.724831 GLAD [tick]: polygon_api.rest module is required but not importable.
2025-10-01T17:07:57.724831 GLDD [tick]: polygon_api.rest module is required but not importable.
2025-10-01T17:07:57.724831 GLIBA [tick]: polygon_api.rest module is required but not importable.
2025-10-01T17:07:57.724831 GLIBK [tick]: polygon_api.rest module is required but not importable.
2025-10-01T17:07:57.724831 GLP [tick]: polygon_api.rest module is required but not importable.
2025-10-01T17:07:57.724831 GLRE [tick]: polygon_api.rest module is required but not importable.
2025-10-01T17:07:57.724831 GLUE [tick]: polygon_api.rest module is required but not importable.
2025-10-01T17:07:57.724831 GMRE [tick]: polygon_api.rest module is required but not importable.
2025-10-01T17:07:57.724831 GNE [tick]: polygon_api.rest module is required but not importable.
2025-10-01T17:07:57.724831 GNK [tick]: polygon_api.rest module is required but not importable.
2025-10-01T17:07:57.724831 GNL [tick]: polygon_api.rest module is required but not importable.
2025-10-01T17:07:57.724831 GNTY [tick]: polygon_api.rest module is required but not importable.
2025-10-01T17:07:57.724831 GO [tick]: polygon_api.rest module is required but not importable.
2025-10-01T17:07:57.724831 GOGO [tick]: polygon_api.rest module is required but not importable.
2025-10-01T17:07:57.724831 GOOD [tick]: polygon_api.rest module is required but not importable.
2025-10-01T17:07:57.724831 GOOS [tick]: polygon_api.rest module is required but not importable.
2025-10-01T17:07:57.724831 GOSS [tick]: polygon_api.rest module is required but not importable.
2025-10-01T17:07:57.724831 GOTU [tick]: polygon_api.rest module is required but not importable.
2025-10-01T17:07:57.724831 GPAT [tick]: polygon_api.rest module is required but not importable.
2025-10-01T17:07:57.724831 GPCR [tick]: polygon_api.rest module is required but not importable.
2025-10-01T17:07:57.724831 GPRE [tick]: polygon_api.rest module is required but not importable.
2025-10-01T17:07:57.724831 GPRK [tick]: polygon_api.rest module is required but not importable.
2025-10-01T17:07:57.724831 GPRO [tick]: polygon_api.rest module is required but not importable.
2025-10-01T17:07:57.724831 GRAF [tick]: polygon_api.rest module is required but not importable.
2025-10-01T17:07:57.724831 GRC [tick]: polygon_api.rest module is required but not importable.
2025-10-01T17:07:57.724831 GRDN [tick]: polygon_api.rest module is required but not importable.
2025-10-01T17:07:57.724831 GRNT [tick]: polygon_api.rest module is required but not importable.
2025-10-01T17:07:57.724831 GROY [tick]: polygon_api.rest module is required but not importable.
2025-10-01T17:07:57.724831 GRPN [tick]: polygon_api.rest module is required but not importable.
2025-10-01T17:07:57.724831 GRRR [tick]: polygon_api.rest module is required but not importable.
2025-10-01T17:07:57.724831 GRVY [tick]: polygon_api.rest module is required but not importable.
2025-10-01T17:07:57.724831 GSBC [tick]: polygon_api.rest module is required but not importable.
2025-10-01T17:07:57.724831 GSBD [tick]: polygon_api.rest module is required but not importable.
2025-10-01T17:07:57.724831 GSL [tick]: polygon_api.rest module is required but not importable.
2025-10-01T17:07:57.724831 GSM [tick]: polygon_api.rest module is required but not importable.
2025-10-01T17:07:57.724831 GTEN [tick]: polygon_api.rest module is required but not importable.
2025-10-01T17:07:57.724831 GTN [tick]: polygon_api.rest module is required but not importable.
2025-10-01T17:07:57.724831 GTY [tick]: polygon_api.rest module is required but not importable.
2025-10-01T17:07:57.724831 GUG [tick]: polygon_api.rest module is required but not importable.
2025-10-01T17:07:57.724831 GUT [tick]: polygon_api.rest module is required but not importable.
2025-10-01T17:07:57.724831 GYRE [tick]: polygon_api.rest module is required but not importable.
2025-10-01T17:07:57.724831 HAFC [tick]: polygon_api.rest module is required but not importable.
2025-10-01T17:07:57.724831 HBCP [tick]: polygon_api.rest module is required but not importable.
2025-10-01T17:07:57.724831 HBNB [tick]: polygon_api.rest module is required but not importable.
2025-10-01T17:07:57.724831 HBNC [tick]: polygon_api.rest module is required but not importable.
2025-10-01T17:07:57.724831 HBT [tick]: polygon_api.rest module is required but not importable.
2025-10-01T17:07:57.724831 HCKT [tick]: polygon_api.rest module is required but not importable.
2025-10-01T17:07:57.724831 HCMA [tick]: polygon_api.rest module is required but not importable.
2025-10-01T17:07:57.724831 HCMAU [tick]: polygon_api.rest module is required but not importable.
2025-10-01T17:07:57.724831 HCSG [tick]: polygon_api.rest module is required but not importable.
2025-10-01T17:07:57.724831 HDL [tick]: polygon_api.rest module is required but not importable.
2025-10-01T17:07:57.724831 HDSN [tick]: polygon_api.rest module is required but not importable.
2025-10-01T17:07:57.724831 HELE [tick]: polygon_api.rest module is required but not importable.
2025-10-01T17:07:57.724831 HEPS [tick]: polygon_api.rest module is required but not importable.
2025-10-01T17:07:57.724831 HFRO [tick]: polygon_api.rest module is required but not importable.
2025-10-01T17:07:57.724831 HFWA [tick]: polygon_api.rest module is required but not importable.
2025-10-01T17:07:57.724831 HI [tick]: polygon_api.rest module is required but not importable.
2025-10-01T17:07:57.724831 HIFS [tick]: polygon_api.rest module is required but not importable.
2025-10-01T17:07:57.724831 HIMX [tick]: polygon_api.rest module is required but not importable.
2025-10-01T17:07:57.724831 HIO [tick]: polygon_api.rest module is required but not importable.
2025-10-01T17:07:57.724831 HIPO [tick]: polygon_api.rest module is required but not importable.
2025-10-01T17:07:57.724831 HITI [tick]: polygon_api.rest module is required but not importable.
2025-10-01T17:07:57.724831 HIVE [tick]: polygon_api.rest module is required but not importable.
2025-10-01T17:07:57.724831 HIX [tick]: polygon_api.rest module is required but not importable.
2025-10-01T17:07:57.724831 HLF [tick]: polygon_api.rest module is required but not importable.
2025-10-01T17:07:57.724831 HLIO [tick]: polygon_api.rest module is required but not importable.
2025-10-01T17:07:57.724831 HLIT [tick]: polygon_api.rest module is required but not importable.
2025-10-01T17:07:57.724831 HLLY [tick]: polygon_api.rest module is required but not importable.
2025-10-01T17:07:57.724831 HLMN [tick]: polygon_api.rest module is required but not importable.
2025-10-01T17:07:57.724831 HLX [tick]: polygon_api.rest module is required but not importable.
2025-10-01T17:07:57.724831 HMN [tick]: polygon_api.rest module is required but not importable.
2025-10-01T17:07:57.724831 HNRG [tick]: polygon_api.rest module is required but not importable.
2025-10-01T17:07:57.724831 HNST [tick]: polygon_api.rest module is required but not importable.
2025-10-01T17:07:57.724831 HOND [tick]: polygon_api.rest module is required but not importable.
2025-10-01T17:07:57.724831 HONE [tick]: polygon_api.rest module is required but not importable.
2025-10-01T17:07:57.724831 HOPE [tick]: polygon_api.rest module is required but not importable.
2025-10-01T17:07:57.724831 HOUS [tick]: polygon_api.rest module is required but not importable.
2025-10-01T17:07:57.724831 HOV [tick]: polygon_api.rest module is required but not importable.
2025-10-01T17:07:57.724831 HPF [tick]: polygon_api.rest module is required but not importable.
2025-10-01T17:07:57.724831 HPI [tick]: polygon_api.rest module is required but not importable.
2025-10-01T17:07:57.724831 HPK [tick]: polygon_api.rest module is required but not importable.
2025-10-01T17:07:57.724831 HPP [tick]: polygon_api.rest module is required but not importable.
2025-10-01T17:07:57.724831 HPS [tick]: polygon_api.rest module is required but not importable.
2025-10-01T17:07:57.724831 HQH [tick]: polygon_api.rest module is required but not importable.
2025-10-01T17:07:57.724831 HQL [tick]: polygon_api.rest module is required but not importable.
2025-10-01T17:07:57.724831 HRMY [tick]: polygon_api.rest module is required but not importable.
2025-10-01T17:07:57.724831 HROW [tick]: polygon_api.rest module is required but not importable.
2025-10-01T17:07:57.724831 HRTG [tick]: polygon_api.rest module is required but not importable.
2025-10-01T17:07:57.724831 HSHP [tick]: polygon_api.rest module is required but not importable.
2025-10-01T17:07:57.724831 HSII [tick]: polygon_api.rest module is required but not importable.
2025-10-01T17:07:57.724831 HSTM [tick]: polygon_api.rest module is required but not importable.
2025-10-01T17:07:57.724831 HTB [tick]: polygon_api.rest module is required but not importable.
2025-10-01T17:07:57.724831 HTBK [tick]: polygon_api.rest module is required but not importable.
2025-10-01T17:07:57.724831 HTD [tick]: polygon_api.rest module is required but not importable.
2025-10-01T17:07:57.724831 HTLD [tick]: polygon_api.rest module is required but not importable.
2025-10-01T17:07:57.724831 HTO [tick]: polygon_api.rest module is required but not importable.
2025-10-01T17:07:57.724831 HUN [tick]: polygon_api.rest module is required but not importable.
2025-10-01T17:07:57.724831 HVT [tick]: polygon_api.rest module is required but not importable.
2025-10-01T17:07:57.724831 HY [tick]: polygon_api.rest module is required but not importable.
2025-10-01T17:07:57.724831 HYAC [tick]: polygon_api.rest module is required but not importable.
2025-10-01T17:07:57.724831 HYLN [tick]: polygon_api.rest module is required but not importable.
2025-10-01T17:07:57.724831 HYMC [tick]: polygon_api.rest module is required but not importable.
2025-10-01T17:07:57.724831 HYT [tick]: polygon_api.rest module is required but not importable.
2025-10-01T17:07:57.724831 HZO [tick]: polygon_api.rest module is required but not importable.
2025-10-01T17:07:57.724831 IART [tick]: polygon_api.rest module is required but not importable.
2025-10-01T17:07:57.724831 IAS [tick]: polygon_api.rest module is required but not importable.
2025-10-01T17:07:57.724831 IBCP [tick]: polygon_api.rest module is required but not importable.
2025-10-01T17:07:57.724831 IBEX [tick]: polygon_api.rest module is required but not importable.
2025-10-01T17:07:57.724831 IBTA [tick]: polygon_api.rest module is required but not importable.
2025-10-01T17:07:57.724831 ICFI [tick]: polygon_api.rest module is required but not importable.
2025-10-01T17:07:57.724831 ICHR [tick]: polygon_api.rest module is required but not importable.
2025-10-01T17:07:57.724831 IDR [tick]: polygon_api.rest module is required but not importable.
2025-10-01T17:07:57.724831 IDT [tick]: polygon_api.rest module is required but not importable.
2025-10-01T17:07:57.724831 IE [tick]: polygon_api.rest module is required but not importable.
2025-10-01T17:07:57.724831 IFN [tick]: polygon_api.rest module is required but not importable.
2025-10-01T17:07:57.724831 IGD [tick]: polygon_api.rest module is required but not importable.
2025-10-01T17:07:57.724831 IGIC [tick]: polygon_api.rest module is required but not importable.
2025-10-01T17:07:57.724831 IGR [tick]: polygon_api.rest module is required but not importable.
2025-10-01T17:07:57.724831 IHRT [tick]: polygon_api.rest module is required but not importable.
2025-10-01T17:07:57.724831 IIIN [tick]: polygon_api.rest module is required but not importable.
2025-10-01T17:07:57.724831 IIIV [tick]: polygon_api.rest module is required but not importable.
2025-10-01T17:07:57.724831 IIM [tick]: polygon_api.rest module is required but not importable.
2025-10-01T17:07:57.724831 IIPR [tick]: polygon_api.rest module is required but not importable.
2025-10-01T17:07:57.724831 ILPT [tick]: polygon_api.rest module is required but not importable.
2025-10-01T17:07:57.724831 IMAB [tick]: polygon_api.rest module is required but not importable.
2025-10-01T17:07:57.724831 IMAX [tick]: polygon_api.rest module is required but not importable.
2025-10-01T17:07:57.724831 IMCR [tick]: polygon_api.rest module is required but not importable.
2025-10-01T17:07:57.724831 IMKTA [tick]: polygon_api.rest module is required but not importable.
2025-10-01T17:07:57.724831 IMNM [tick]: polygon_api.rest module is required but not importable.
2025-10-01T17:07:57.724831 IMOS [tick]: polygon_api.rest module is required but not importable.
2025-10-01T17:07:57.724831 IMRX [tick]: polygon_api.rest module is required but not importable.
2025-10-01T17:07:57.724831 IMTX [tick]: polygon_api.rest module is required but not importable.
2025-10-01T17:07:57.724831 IMXI [tick]: polygon_api.rest module is required but not importable.
2025-10-01T17:07:57.724831 INBX [tick]: polygon_api.rest module is required but not importable.
2025-10-01T17:07:57.724831 INDI [tick]: polygon_api.rest module is required but not importable.
2025-10-01T17:07:57.724831 INMD [tick]: polygon_api.rest module is required but not importable.
2025-10-01T17:07:57.724831 INN [tick]: polygon_api.rest module is required but not importable.
2025-10-01T17:07:57.724831 INNV [tick]: polygon_api.rest module is required but not importable.
2025-10-01T17:07:57.724831 INR [tick]: polygon_api.rest module is required but not importable.
2025-10-01T17:07:57.724831 INV [tick]: polygon_api.rest module is required but not importable.
2025-10-01T17:07:57.724831 INVA [tick]: polygon_api.rest module is required but not importable.
2025-10-01T17:07:57.724831 INVX [tick]: polygon_api.rest module is required but not importable.
2025-10-01T17:07:57.724831 INVZ [tick]: polygon_api.rest module is required but not importable.
2025-10-01T17:07:57.724831 IOSP [tick]: polygon_api.rest module is required but not importable.
2025-10-01T17:07:57.724831 IOVA [tick]: polygon_api.rest module is required but not importable.
2025-10-01T17:07:57.724831 IPCX [tick]: polygon_api.rest module is required but not importable.
2025-10-01T17:07:57.724831 IPI [tick]: polygon_api.rest module is required but not importable.
2025-10-01T17:07:57.724831 IPX [tick]: polygon_api.rest module is required but not importable.
2025-10-01T17:07:57.724831 IQ [tick]: polygon_api.rest module is required but not importable.
2025-10-01T17:07:57.724831 IQI [tick]: polygon_api.rest module is required but not importable.
2025-10-01T17:07:57.724831 IRDM [tick]: polygon_api.rest module is required but not importable.
2025-10-01T17:07:57.724831 IRMD [tick]: polygon_api.rest module is required but not importable.
2025-10-01T17:07:57.724831 IRS [tick]: polygon_api.rest module is required but not importable.
2025-10-01T17:07:57.724831 ISD [tick]: polygon_api.rest module is required but not importable.
2025-10-01T17:07:57.724831 ISOU [tick]: polygon_api.rest module is required but not importable.
2025-10-01T17:07:57.724831 ITIC [tick]: polygon_api.rest module is required but not importable.
2025-10-01T17:07:57.724831 ITRG [tick]: polygon_api.rest module is required but not importable.
2025-10-01T17:07:57.724831 ITRN [tick]: polygon_api.rest module is required but not importable.
2025-10-01T17:07:57.724831 IVA [tick]: polygon_api.rest module is required but not importable.
2025-10-01T17:07:57.724831 IVR [tick]: polygon_api.rest module is required but not importable.
2025-10-01T17:07:57.724831 JACK [tick]: polygon_api.rest module is required but not importable.
2025-10-01T17:07:57.724831 JAMF [tick]: polygon_api.rest module is required but not importable.
2025-10-01T17:07:57.724831 JANX [tick]: polygon_api.rest module is required but not importable.
2025-10-01T17:07:57.724831 JBGS [tick]: polygon_api.rest module is required but not importable.
2025-10-01T17:07:57.724831 JBI [tick]: polygon_api.rest module is required but not importable.
2025-10-01T17:07:57.724831 JBLU [tick]: polygon_api.rest module is required but not importable.
2025-10-01T17:07:57.724831 JBSS [tick]: polygon_api.rest module is required but not importable.
2025-10-01T17:07:57.724831 JCAP [tick]: polygon_api.rest module is required but not importable.
2025-10-01T17:07:57.724831 JELD [tick]: polygon_api.rest module is required but not importable.
2025-10-01T17:07:57.724831 JFR [tick]: polygon_api.rest module is required but not importable.
2025-10-01T17:07:57.724831 JGH [tick]: polygon_api.rest module is required but not importable.
2025-10-01T17:07:57.724831 JJSF [tick]: polygon_api.rest module is required but not importable.
2025-10-01T17:07:57.724831 JKS [tick]: polygon_api.rest module is required but not importable.
2025-10-01T17:07:57.724831 JMIA [tick]: polygon_api.rest module is required but not importable.
2025-10-01T17:07:57.724831 JOUT [tick]: polygon_api.rest module is required but not importable.
2025-10-01T17:07:57.724831 JQC [tick]: polygon_api.rest module is required but not importable.
2025-10-01T17:07:57.724831 JRI [tick]: polygon_api.rest module is required but not importable.
2025-10-01T17:07:57.724831 KALU [tick]: polygon_api.rest module is required but not importable.
2025-10-01T17:07:57.724831 KALV [tick]: polygon_api.rest module is required but not importable.
2025-10-01T17:07:57.724831 KARO [tick]: polygon_api.rest module is required but not importable.
2025-10-01T17:07:57.724831 KBDC [tick]: polygon_api.rest module is required but not importable.
2025-10-01T17:07:57.724831 KCHV [tick]: polygon_api.rest module is required but not importable.
2025-10-01T17:07:57.724831 KDK [tick]: polygon_api.rest module is required but not importable.
2025-10-01T17:07:57.724831 KE [tick]: polygon_api.rest module is required but not importable.
2025-10-01T17:07:57.724831 KELYA [tick]: polygon_api.rest module is required but not importable.
2025-10-01T17:07:57.724831 KFII [tick]: polygon_api.rest module is required but not importable.
2025-10-01T17:07:57.724831 KFRC [tick]: polygon_api.rest module is required but not importable.
2025-10-01T17:07:57.724831 KFS [tick]: polygon_api.rest module is required but not importable.
2025-10-01T17:07:57.724831 KIDS [tick]: polygon_api.rest module is required but not importable.
2025-10-01T17:07:57.724831 KIO [tick]: polygon_api.rest module is required but not importable.
2025-10-01T17:07:57.724831 KLC [tick]: polygon_api.rest module is required but not importable.
2025-10-01T17:07:57.724831 KLG [tick]: polygon_api.rest module is required but not importable.
2025-10-01T17:07:57.724831 KMDA [tick]: polygon_api.rest module is required but not importable.
2025-10-01T17:07:57.724831 KMT [tick]: polygon_api.rest module is required but not importable.
2025-10-01T17:07:57.724831 KMTS [tick]: polygon_api.rest module is required but not importable.
2025-10-01T17:07:57.724831 KNOP [tick]: polygon_api.rest module is required but not importable.
2025-10-01T17:07:57.724831 KOD [tick]: polygon_api.rest module is required but not importable.
2025-10-01T17:07:57.724831 KODK [tick]: polygon_api.rest module is required but not importable.
2025-10-01T17:07:57.724831 KOP [tick]: polygon_api.rest module is required but not importable.
2025-10-01T17:07:57.724831 KOPN [tick]: polygon_api.rest module is required but not importable.
2025-10-01T17:07:57.724831 KOS [tick]: polygon_api.rest module is required but not importable.
2025-10-01T17:07:57.724831 KOYN [tick]: polygon_api.rest module is required but not importable.
2025-10-01T17:07:57.724831 KOYNU [tick]: polygon_api.rest module is required but not importable.
2025-10-01T17:07:57.724831 KREF [tick]: polygon_api.rest module is required but not importable.
2025-10-01T17:07:57.724831 KRNT [tick]: polygon_api.rest module is required but not importable.
2025-10-01T17:07:57.724831 KRNY [tick]: polygon_api.rest module is required but not importable.
2025-10-01T17:07:57.724831 KRO [tick]: polygon_api.rest module is required but not importable.
2025-10-01T17:07:57.724831 KROS [tick]: polygon_api.rest module is required but not importable.
2025-10-01T17:07:57.724831 KRP [tick]: polygon_api.rest module is required but not importable.
2025-10-01T17:07:57.724831 KRRO [tick]: polygon_api.rest module is required but not importable.
2025-10-01T17:07:57.724831 KRT [tick]: polygon_api.rest module is required but not importable.
2025-10-01T17:07:57.724831 KRUS [tick]: polygon_api.rest module is required but not importable.
2025-10-01T17:07:57.724831 KSS [tick]: polygon_api.rest module is required but not importable.
2025-10-01T17:07:57.724831 KTF [tick]: polygon_api.rest module is required but not importable.
2025-10-01T17:07:57.724831 KURA [tick]: polygon_api.rest module is required but not importable.
2025-10-01T17:07:57.724831 KW [tick]: polygon_api.rest module is required but not importable.
2025-10-01T17:07:57.724831 LAB [tick]: polygon_api.rest module is required but not importable.
2025-10-01T17:07:57.724831 LAC [tick]: polygon_api.rest module is required but not importable.
2025-10-01T17:07:57.724831 LADR [tick]: polygon_api.rest module is required but not importable.
2025-10-01T17:07:57.724831 LAES [tick]: polygon_api.rest module is required but not importable.
2025-10-01T17:07:57.724831 LAND [tick]: polygon_api.rest module is required but not importable.
2025-10-01T17:07:57.724831 LAR [tick]: polygon_api.rest module is required but not importable.
2025-10-01T17:07:57.724831 LASR [tick]: polygon_api.rest module is required but not importable.
2025-10-01T17:07:57.724831 LAW [tick]: polygon_api.rest module is required but not importable.
2025-10-01T17:07:57.724831 LBRX [tick]: polygon_api.rest module is required but not importable.
2025-10-01T17:07:57.724831 LC [tick]: polygon_api.rest module is required but not importable.
2025-10-01T17:07:57.724831 LCTX [tick]: polygon_api.rest module is required but not importable.
2025-10-01T17:07:57.724831 LDI [tick]: polygon_api.rest module is required but not importable.
2025-10-01T17:07:57.724831 LDP [tick]: polygon_api.rest module is required but not importable.
2025-10-01T17:07:57.724831 LE [tick]: polygon_api.rest module is required but not importable.
2025-10-01T17:07:57.724831 LEG [tick]: polygon_api.rest module is required but not importable.
2025-10-01T17:07:57.724831 LEGH [tick]: polygon_api.rest module is required but not importable.
2025-10-01T17:07:57.724831 LENZ [tick]: polygon_api.rest module is required but not importable.
2025-10-01T17:07:57.724831 LEO [tick]: polygon_api.rest module is required but not importable.
2025-10-01T17:07:57.724831 LFMD [tick]: polygon_api.rest module is required but not importable.
2025-10-01T17:07:57.724831 LGIH [tick]: polygon_api.rest module is required but not importable.
2025-10-01T17:07:57.724831 LILA [tick]: polygon_api.rest module is required but not importable.
2025-10-01T17:07:57.724831 LILAK [tick]: polygon_api.rest module is required but not importable.
2025-10-01T17:07:57.724831 LINC [tick]: polygon_api.rest module is required but not importable.
2025-10-01T17:07:57.724831 LIND [tick]: polygon_api.rest module is required but not importable.
2025-10-01T17:07:57.724831 LKFN [tick]: polygon_api.rest module is required but not importable.
2025-10-01T17:07:57.724831 LMAT [tick]: polygon_api.rest module is required but not importable.
2025-10-01T17:07:57.724831 LMB [tick]: polygon_api.rest module is required but not importable.
2025-10-01T17:07:57.724831 LND [tick]: polygon_api.rest module is required but not importable.
2025-10-01T17:07:57.724831 LNN [tick]: polygon_api.rest module is required but not importable.
2025-10-01T17:07:57.724831 LOB [tick]: polygon_api.rest module is required but not importable.
2025-10-01T17:07:57.724831 LOMA [tick]: polygon_api.rest module is required but not importable.
2025-10-01T17:07:57.724831 LOT [tick]: polygon_api.rest module is required but not importable.
2025-10-01T17:07:57.724831 LPAA [tick]: polygon_api.rest module is required but not importable.
2025-10-01T17:07:57.724831 LPBB [tick]: polygon_api.rest module is required but not importable.
2025-10-01T17:07:57.724831 LPG [tick]: polygon_api.rest module is required but not importable.
2025-10-01T17:07:57.724831 LPTH [tick]: polygon_api.rest module is required but not importable.
2025-10-01T17:07:57.724831 LQDA [tick]: polygon_api.rest module is required but not importable.
2025-10-01T17:07:57.724831 LQDT [tick]: polygon_api.rest module is required but not importable.
2025-10-01T17:07:57.724831 LRMR [tick]: polygon_api.rest module is required but not importable.
2025-10-01T17:07:57.724831 LSAK [tick]: polygon_api.rest module is required but not importable.
2025-10-01T17:07:57.724831 LSPD [tick]: polygon_api.rest module is required but not importable.
2025-10-01T17:07:57.724831 LTBR [tick]: polygon_api.rest module is required but not importable.
2025-10-01T17:07:57.724831 LTC [tick]: polygon_api.rest module is required but not importable.
2025-10-01T17:07:57.724831 LUCK [tick]: polygon_api.rest module is required but not importable.
2025-10-01T17:07:57.724831 LUNR [tick]: polygon_api.rest module is required but not importable.
2025-10-01T17:07:57.724831 LUXE [tick]: polygon_api.rest module is required but not importable.
2025-10-01T17:07:57.724831 LVWR [tick]: polygon_api.rest module is required but not importable.
2025-10-01T17:07:57.724831 LWAY [tick]: polygon_api.rest module is required but not importable.
2025-10-01T17:07:57.724831 LWLG [tick]: polygon_api.rest module is required but not importable.
2025-10-01T17:07:57.724831 LX [tick]: polygon_api.rest module is required but not importable.
2025-10-01T17:07:57.724831 LXEO [tick]: polygon_api.rest module is required but not importable.
2025-10-01T17:07:57.724831 LXFR [tick]: polygon_api.rest module is required but not importable.
2025-10-01T17:07:57.724831 LXRX [tick]: polygon_api.rest module is required but not importable.
2025-10-01T17:07:57.724831 LXU [tick]: polygon_api.rest module is required but not importable.
2025-10-01T17:07:57.724831 LYEL [tick]: polygon_api.rest module is required but not importable.
2025-10-01T17:07:57.724831 LYTS [tick]: polygon_api.rest module is required but not importable.
2025-10-01T17:07:57.724831 LZ [tick]: polygon_api.rest module is required but not importable.
2025-10-01T17:07:57.724831 LZB [tick]: polygon_api.rest module is required but not importable.
2025-10-01T17:07:57.724831 LZM [tick]: polygon_api.rest module is required but not importable.
2025-10-01T17:07:57.724831 LZMH [tick]: polygon_api.rest module is required but not importable.
2025-10-01T17:07:57.724831 MAAS [tick]: polygon_api.rest module is required but not importable.
2025-10-01T17:07:57.724831 MAGN [tick]: polygon_api.rest module is required but not importable.
2025-10-01T17:07:57.724831 MAMA [tick]: polygon_api.rest module is required but not importable.
2025-10-01T17:07:57.724831 MAN [tick]: polygon_api.rest module is required but not importable.
2025-10-01T17:07:57.724831 MASS [tick]: polygon_api.rest module is required but not importable.
2025-10-01T17:07:57.724831 MATV [tick]: polygon_api.rest module is required but not importable.
2025-10-01T17:07:57.724831 MATW [tick]: polygon_api.rest module is required but not importable.
2025-10-01T17:07:57.724831 MAX [tick]: polygon_api.rest module is required but not importable.
2025-10-01T17:07:57.724831 MAZE [tick]: polygon_api.rest module is required but not importable.
2025-10-01T17:07:57.724831 MBAV [tick]: polygon_api.rest module is required but not importable.
2025-10-01T17:07:57.724831 MBC [tick]: polygon_api.rest module is required but not importable.
2025-10-01T17:07:57.724831 MBI [tick]: polygon_api.rest module is required but not importable.
2025-10-01T17:07:57.724831 MBIN [tick]: polygon_api.rest module is required but not importable.
2025-10-01T17:07:57.724831 MBUU [tick]: polygon_api.rest module is required but not importable.
2025-10-01T17:07:57.724831 MBVIU [tick]: polygon_api.rest module is required but not importable.
2025-10-01T17:07:57.724831 MBWM [tick]: polygon_api.rest module is required but not importable.
2025-10-01T17:07:57.724831 MBX [tick]: polygon_api.rest module is required but not importable.
2025-10-01T17:07:57.724831 MCB [tick]: polygon_api.rest module is required but not importable.
2025-10-01T17:07:57.724831 MCBS [tick]: polygon_api.rest module is required but not importable.
2025-10-01T17:07:57.724831 MCFT [tick]: polygon_api.rest module is required but not importable.
2025-10-01T17:07:57.724831 MCI [tick]: polygon_api.rest module is required but not importable.
2025-10-01T17:07:57.724831 MCRI [tick]: polygon_api.rest module is required but not importable.
2025-10-01T17:07:57.724831 MCS [tick]: polygon_api.rest module is required but not importable.
2025-10-01T17:07:57.724831 MCW [tick]: polygon_api.rest module is required but not importable.
2025-10-01T17:07:57.724831 MD [tick]: polygon_api.rest module is required but not importable.
2025-10-01T17:07:57.724831 MDXG [tick]: polygon_api.rest module is required but not importable.
2025-10-01T17:07:57.724831 MEG [tick]: polygon_api.rest module is required but not importable.
2025-10-01T17:07:57.724831 MEGI [tick]: polygon_api.rest module is required but not importable.
2025-10-01T17:07:57.724831 MFA [tick]: polygon_api.rest module is required but not importable.
2025-10-01T17:07:57.724831 MFH [tick]: polygon_api.rest module is required but not importable.
2025-10-01T17:07:57.724831 MFIC [tick]: polygon_api.rest module is required but not importable.
2025-10-01T17:07:57.724831 MG [tick]: polygon_api.rest module is required but not importable.
2025-10-01T17:07:57.724831 MGIC [tick]: polygon_api.rest module is required but not importable.
2025-10-01T17:07:57.724831 MGPI [tick]: polygon_api.rest module is required but not importable.
2025-10-01T17:07:57.724831 MGTX [tick]: polygon_api.rest module is required but not importable.
2025-10-01T17:07:57.724831 MHD [tick]: polygon_api.rest module is required but not importable.
2025-10-01T17:07:57.724831 MHN [tick]: polygon_api.rest module is required but not importable.
2025-10-01T17:07:57.724831 MIN [tick]: polygon_api.rest module is required but not importable.
2025-10-01T17:07:57.724831 MITK [tick]: polygon_api.rest module is required but not importable.
2025-10-01T17:07:57.724831 MIY [tick]: polygon_api.rest module is required but not importable.
2025-10-01T17:07:57.724831 MLAB [tick]: polygon_api.rest module is required but not importable.
2025-10-01T17:07:57.724831 MLAC [tick]: polygon_api.rest module is required but not importable.
2025-10-01T17:07:57.724831 MLKN [tick]: polygon_api.rest module is required but not importable.
2025-10-01T17:07:57.724831 MLNK [tick]: polygon_api.rest module is required but not importable.
2025-10-01T17:07:57.724831 MLP [tick]: polygon_api.rest module is required but not importable.
2025-10-01T17:07:57.724831 MLR [tick]: polygon_api.rest module is required but not importable.
2025-10-01T17:07:57.724831 MLTX [tick]: polygon_api.rest module is required but not importable.
2025-10-01T17:07:57.724831 MMI [tick]: polygon_api.rest module is required but not importable.
2025-10-01T17:07:57.724831 MMU [tick]: polygon_api.rest module is required but not importable.
2025-10-01T17:07:57.724831 MNKD [tick]: polygon_api.rest module is required but not importable.
2025-10-01T17:07:57.724831 MNMD [tick]: polygon_api.rest module is required but not importable.
2025-10-01T17:07:57.724831 MNPR [tick]: polygon_api.rest module is required but not importable.
2025-10-01T17:07:57.724831 MNR [tick]: polygon_api.rest module is required but not importable.
2025-10-01T17:07:57.724831 MNRO [tick]: polygon_api.rest module is required but not importable.
2025-10-01T17:07:57.724831 MNTN [tick]: polygon_api.rest module is required but not importable.
2025-10-01T17:07:57.724831 MODG [tick]: polygon_api.rest module is required but not importable.
2025-10-01T17:07:57.724831 MOFG [tick]: polygon_api.rest module is required but not importable.
2025-10-01T17:07:57.724831 MOMO [tick]: polygon_api.rest module is required but not importable.
2025-10-01T17:07:57.724831 MPAA [tick]: polygon_api.rest module is required but not importable.
2025-10-01T17:07:57.724831 MPB [tick]: polygon_api.rest module is required but not importable.
2025-10-01T17:07:57.724831 MPX [tick]: polygon_api.rest module is required but not importable.
2025-10-01T17:07:57.724831 MQY [tick]: polygon_api.rest module is required but not importable.
2025-10-01T17:07:57.724831 MRC [tick]: polygon_api.rest module is required but not importable.
2025-10-01T17:07:57.724831 MREO [tick]: polygon_api.rest module is required but not importable.
2025-10-01T17:07:57.724831 MRTN [tick]: polygon_api.rest module is required but not importable.
2025-10-01T17:07:57.724831 MRVI [tick]: polygon_api.rest module is required but not importable.
2025-10-01T17:07:57.724831 MSB [tick]: polygon_api.rest module is required but not importable.
2025-10-01T17:07:57.724831 MSBI [tick]: polygon_api.rest module is required but not importable.
2025-10-01T17:07:57.724831 MSC [tick]: polygon_api.rest module is required but not importable.
2025-10-01T17:07:57.724831 MSDL [tick]: polygon_api.rest module is required but not importable.
2025-10-01T17:07:57.724831 MSEX [tick]: polygon_api.rest module is required but not importable.
2025-10-01T17:07:57.724831 MSIF [tick]: polygon_api.rest module is required but not importable.
2025-10-01T17:07:57.724831 MTA [tick]: polygon_api.rest module is required but not importable.
2025-10-01T17:07:57.724831 MTAL [tick]: polygon_api.rest module is required but not importable.
2025-10-01T17:07:57.724831 MTLS [tick]: polygon_api.rest module is required but not importable.
2025-10-01T17:07:57.724831 MTRX [tick]: polygon_api.rest module is required but not importable.
2025-10-01T17:07:57.724831 MTUS [tick]: polygon_api.rest module is required but not importable.
2025-10-01T17:07:57.724831 MTW [tick]: polygon_api.rest module is required but not importable.
2025-10-01T17:07:57.724831 MTX [tick]: polygon_api.rest module is required but not importable.
2025-10-01T17:07:57.724831 MUA [tick]: polygon_api.rest module is required but not importable.
2025-10-01T17:07:57.724831 MUC [tick]: polygon_api.rest module is required but not importable.
2025-10-01T17:07:57.724831 MUJ [tick]: polygon_api.rest module is required but not importable.
2025-10-01T17:07:57.724831 MUX [tick]: polygon_api.rest module is required but not importable.
2025-10-01T17:07:57.724831 MVBF [tick]: polygon_api.rest module is required but not importable.
2025-10-01T17:07:57.724831 MVF [tick]: polygon_api.rest module is required but not importable.
2025-10-01T17:07:57.724831 MVIS [tick]: polygon_api.rest module is required but not importable.
2025-10-01T17:07:57.724831 MVST [tick]: polygon_api.rest module is required but not importable.
2025-10-01T17:07:57.724831 MXL [tick]: polygon_api.rest module is required but not importable.
2025-10-01T17:07:57.724831 MYD [tick]: polygon_api.rest module is required but not importable.
2025-10-01T17:07:57.724831 MYE [tick]: polygon_api.rest module is required but not importable.
2025-10-01T17:07:57.724831 MYGN [tick]: polygon_api.rest module is required but not importable.
2025-10-01T17:07:57.724831 MYI [tick]: polygon_api.rest module is required but not importable.
2025-10-01T17:07:57.724831 MYN [tick]: polygon_api.rest module is required but not importable.
2025-10-01T17:07:57.724831 NABL [tick]: polygon_api.rest module is required but not importable.
2025-10-01T17:07:57.724831 NAC [tick]: polygon_api.rest module is required but not importable.
2025-10-01T17:07:57.724831 NAGE [tick]: polygon_api.rest module is required but not importable.
2025-10-01T17:07:57.724831 NAK [tick]: polygon_api.rest module is required but not importable.
2025-10-01T17:07:57.724831 NAKA [tick]: polygon_api.rest module is required but not importable.
2025-10-01T17:07:57.724831 NAN [tick]: polygon_api.rest module is required but not importable.
2025-10-01T17:07:57.724831 NAT [tick]: polygon_api.rest module is required but not importable.
2025-10-01T17:07:57.724831 NATH [tick]: polygon_api.rest module is required but not importable.
2025-10-01T17:07:57.724831 NAVI [tick]: polygon_api.rest module is required but not importable.
2025-10-01T17:07:57.724831 NB [tick]: polygon_api.rest module is required but not importable.
2025-10-01T17:07:57.724831 NBB [tick]: polygon_api.rest module is required but not importable.
2025-10-01T17:07:57.724831 NBBK [tick]: polygon_api.rest module is required but not importable.
2025-10-01T17:07:57.724831 NBH [tick]: polygon_api.rest module is required but not importable.
2025-10-01T17:07:57.724831 NBHC [tick]: polygon_api.rest module is required but not importable.
2025-10-01T17:07:57.724831 NBN [tick]: polygon_api.rest module is required but not importable.
2025-10-01T17:07:57.724831 NBR [tick]: polygon_api.rest module is required but not importable.
2025-10-01T17:07:57.724831 NBTX [tick]: polygon_api.rest module is required but not importable.
2025-10-01T17:07:57.724831 NBXG [tick]: polygon_api.rest module is required but not importable.
2025-10-01T17:07:57.724831 NC [tick]: polygon_api.rest module is required but not importable.
2025-10-01T17:07:57.724831 NCDL [tick]: polygon_api.rest module is required but not importable.
2025-10-01T17:07:57.724831 NCMI [tick]: polygon_api.rest module is required but not importable.
2025-10-01T17:07:57.724831 NCV [tick]: polygon_api.rest module is required but not importable.
2025-10-01T17:07:57.724831 NDMO [tick]: polygon_api.rest module is required but not importable.
2025-10-01T17:07:57.724831 NEGG [tick]: polygon_api.rest module is required but not importable.
2025-10-01T17:07:57.724831 NEO [tick]: polygon_api.rest module is required but not importable.
2025-10-01T17:07:57.724831 NEOG [tick]: polygon_api.rest module is required but not importable.
2025-10-01T17:07:57.724831 NESR [tick]: polygon_api.rest module is required but not importable.
2025-10-01T17:07:57.724831 NEWP [tick]: polygon_api.rest module is required but not importable.
2025-10-01T17:07:57.724831 NEXA [tick]: polygon_api.rest module is required but not importable.
2025-10-01T17:07:57.724831 NEXN [tick]: polygon_api.rest module is required but not importable.
2025-10-01T17:07:57.724831 NEXT [tick]: polygon_api.rest module is required but not importable.
2025-10-01T17:07:57.724831 NFBK [tick]: polygon_api.rest module is required but not importable.
2025-10-01T17:07:57.724831 NFE [tick]: polygon_api.rest module is required but not importable.
2025-10-01T17:07:57.724831 NFGC [tick]: polygon_api.rest module is required but not importable.
2025-10-01T17:07:57.724831 NFJ [tick]: polygon_api.rest module is required but not importable.
2025-10-01T17:07:57.724831 NGL [tick]: polygon_api.rest module is required but not importable.
2025-10-01T17:07:57.724831 NGS [tick]: polygon_api.rest module is required but not importable.
2025-10-01T17:07:57.724831 NGVC [tick]: polygon_api.rest module is required but not importable.
2025-10-01T17:07:57.724831 NGVT [tick]: polygon_api.rest module is required but not importable.
2025-10-01T17:07:57.724831 NHC [tick]: polygon_api.rest module is required but not importable.
2025-10-01T17:07:57.724831 NIC [tick]: polygon_api.rest module is required but not importable.
2025-10-01T17:07:57.724831 NIE [tick]: polygon_api.rest module is required but not importable.
2025-10-01T17:07:57.724831 NIU [tick]: polygon_api.rest module is required but not importable.
2025-10-01T17:07:57.724831 NKTR [tick]: polygon_api.rest module is required but not importable.
2025-10-01T17:07:57.724831 NKX [tick]: polygon_api.rest module is required but not importable.
2025-10-01T17:07:57.724831 NL [tick]: polygon_api.rest module is required but not importable.
2025-10-01T17:07:57.724831 NLOP [tick]: polygon_api.rest module is required but not importable.
2025-10-01T17:07:57.724831 NMAI [tick]: polygon_api.rest module is required but not importable.
2025-10-01T17:07:57.724831 NMAX [tick]: polygon_api.rest module is required but not importable.
2025-10-01T17:07:57.724831 NMCO [tick]: polygon_api.rest module is required but not importable.
2025-10-01T17:07:57.724831 NMFC [tick]: polygon_api.rest module is required but not importable.
2025-10-01T17:07:57.724831 NMG [tick]: polygon_api.rest module is required but not importable.
2025-10-01T17:07:57.724831 NML [tick]: polygon_api.rest module is required but not importable.
2025-10-01T17:07:57.724831 NMM [tick]: polygon_api.rest module is required but not importable.
2025-10-01T17:07:57.724831 NMZ [tick]: polygon_api.rest module is required but not importable.
2025-10-01T17:07:57.724831 NN [tick]: polygon_api.rest module is required but not importable.
2025-10-01T17:07:57.724831 NNDM [tick]: polygon_api.rest module is required but not importable.
2025-10-01T17:07:57.724831 NNE [tick]: polygon_api.rest module is required but not importable.
2025-10-01T17:07:57.724831 NOA [tick]: polygon_api.rest module is required but not importable.
2025-10-01T17:07:57.724831 NOAH [tick]: polygon_api.rest module is required but not importable.
2025-10-01T17:07:57.724831 NPAC [tick]: polygon_api.rest module is required but not importable.
2025-10-01T17:07:57.724831 NPB [tick]: polygon_api.rest module is required but not importable.
2025-10-01T17:07:57.724831 NPCE [tick]: polygon_api.rest module is required but not importable.
2025-10-01T17:07:57.724831 NPCT [tick]: polygon_api.rest module is required but not importable.
2025-10-01T17:07:57.724831 NPFD [tick]: polygon_api.rest module is required but not importable.
2025-10-01T17:07:57.724831 NPK [tick]: polygon_api.rest module is required but not importable.
2025-10-01T17:07:57.724831 NPKI [tick]: polygon_api.rest module is required but not importable.
2025-10-01T17:07:57.724831 NPWR [tick]: polygon_api.rest module is required but not importable.
2025-10-01T17:07:57.724831 NQP [tick]: polygon_api.rest module is required but not importable.
2025-10-01T17:07:57.724831 NRDS [tick]: polygon_api.rest module is required but not importable.
2025-10-01T17:07:57.724831 NRGV [tick]: polygon_api.rest module is required but not importable.
2025-10-01T17:07:57.724831 NRIM [tick]: polygon_api.rest module is required but not importable.
2025-10-01T17:07:57.724831 NRIX [tick]: polygon_api.rest module is required but not importable.
2025-10-01T17:07:57.724831 NRK [tick]: polygon_api.rest module is required but not importable.
2025-10-01T17:07:57.724831 NRP [tick]: polygon_api.rest module is required but not importable.
2025-10-01T17:07:57.724831 NSP [tick]: polygon_api.rest module is required but not importable.
2025-10-01T17:07:57.724831 NSSC [tick]: polygon_api.rest module is required but not importable.
2025-10-01T17:07:57.724831 NTB [tick]: polygon_api.rest module is required but not importable.
2025-10-01T17:07:57.724831 NTCT [tick]: polygon_api.rest module is required but not importable.
2025-10-01T17:07:57.724831 NTGR [tick]: polygon_api.rest module is required but not importable.
2025-10-01T17:07:57.724831 NTLA [tick]: polygon_api.rest module is required but not importable.
2025-10-01T17:07:57.724831 NTST [tick]: polygon_api.rest module is required but not importable.
2025-10-01T17:07:57.724831 NUS [tick]: polygon_api.rest module is required but not importable.
2025-10-01T17:07:57.724831 NUTX [tick]: polygon_api.rest module is required but not importable.
2025-10-01T17:07:57.724831 NUV [tick]: polygon_api.rest module is required but not importable.
2025-10-01T17:07:57.724831 NUVB [tick]: polygon_api.rest module is required but not importable.
2025-10-01T17:07:57.724831 NVAX [tick]: polygon_api.rest module is required but not importable.
2025-10-01T17:07:57.724831 NVCR [tick]: polygon_api.rest module is required but not importable.
2025-10-01T17:07:57.724831 NVEC [tick]: polygon_api.rest module is required but not importable.
2025-10-01T17:07:57.724831 NVGS [tick]: polygon_api.rest module is required but not importable.
2025-10-01T17:07:57.724831 NVRI [tick]: polygon_api.rest module is required but not importable.
2025-10-01T17:07:57.724831 NVTS [tick]: polygon_api.rest module is required but not importable.
2025-10-01T17:07:57.724831 NWBI [tick]: polygon_api.rest module is required but not importable.
2025-10-01T17:07:57.724831 NWN [tick]: polygon_api.rest module is required but not importable.
2025-10-01T17:07:57.724831 NWPX [tick]: polygon_api.rest module is required but not importable.
2025-10-01T17:07:57.724831 NX [tick]: polygon_api.rest module is required but not importable.
2025-10-01T17:07:57.724831 NXDR [tick]: polygon_api.rest module is required but not importable.
2025-10-01T17:07:57.724831 NXJ [tick]: polygon_api.rest module is required but not importable.
2025-10-01T17:07:57.724831 NXP [tick]: polygon_api.rest module is required but not importable.
2025-10-01T17:07:57.724831 NXRT [tick]: polygon_api.rest module is required but not importable.
2025-10-01T17:07:57.724831 NYAX [tick]: polygon_api.rest module is required but not importable.
2025-10-01T17:07:57.724831 OBE [tick]: polygon_api.rest module is required but not importable.
2025-10-01T17:07:57.724831 OBK [tick]: polygon_api.rest module is required but not importable.
2025-10-01T17:07:57.724831 OBT [tick]: polygon_api.rest module is required but not importable.
2025-10-01T17:07:57.724831 OCFC [tick]: polygon_api.rest module is required but not importable.
2025-10-01T17:07:57.724831 OCGN [tick]: polygon_api.rest module is required but not importable.
2025-10-01T17:07:57.724831 OCS [tick]: polygon_api.rest module is required but not importable.
2025-10-01T17:07:57.724831 OCSL [tick]: polygon_api.rest module is required but not importable.
2025-10-01T17:07:57.724831 OCUL [tick]: polygon_api.rest module is required but not importable.
2025-10-01T17:07:57.724831 ODC [tick]: polygon_api.rest module is required but not importable.
2025-10-01T17:07:57.724831 ODP [tick]: polygon_api.rest module is required but not importable.
2025-10-01T17:07:57.724831 ODV [tick]: polygon_api.rest module is required but not importable.
2025-10-01T17:07:57.724831 OEC [tick]: polygon_api.rest module is required but not importable.
2025-10-01T17:07:57.724831 OFG [tick]: polygon_api.rest module is required but not importable.
2025-10-01T17:07:57.724831 OFIX [tick]: polygon_api.rest module is required but not importable.
2025-10-01T17:07:57.724831 OFLX [tick]: polygon_api.rest module is required but not importable.
2025-10-01T17:07:57.724831 OIS [tick]: polygon_api.rest module is required but not importable.
2025-10-01T17:07:57.724831 OLMA [tick]: polygon_api.rest module is required but not importable.
2025-10-01T17:07:57.724831 OLP [tick]: polygon_api.rest module is required but not importable.
2025-10-01T17:07:57.724831 OLPX [tick]: polygon_api.rest module is required but not importable.
2025-10-01T17:07:57.724831 OMCL [tick]: polygon_api.rest module is required but not importable.
2025-10-01T17:07:57.724831 OMDA [tick]: polygon_api.rest module is required but not importable.
2025-10-01T17:07:57.724831 OMI [tick]: polygon_api.rest module is required but not importable.
2025-10-01T17:07:57.724831 ONIT [tick]: polygon_api.rest module is required but not importable.
2025-10-01T17:07:57.724831 OOMA [tick]: polygon_api.rest module is required but not importable.
2025-10-01T17:07:57.724831 OPAL [tick]: polygon_api.rest module is required but not importable.
2025-10-01T17:07:57.724831 OPFI [tick]: polygon_api.rest module is required but not importable.
2025-10-01T17:07:57.724831 OPK [tick]: polygon_api.rest module is required but not importable.
2025-10-01T17:07:57.724831 OPRA [tick]: polygon_api.rest module is required but not importable.
2025-10-01T17:07:57.724831 OPRX [tick]: polygon_api.rest module is required but not importable.
2025-10-01T17:07:57.724831 OPY [tick]: polygon_api.rest module is required but not importable.
2025-10-01T17:07:57.724831 ORC [tick]: polygon_api.rest module is required but not importable.
2025-10-01T17:07:57.724831 ORGO [tick]: polygon_api.rest module is required but not importable.
2025-10-01T17:07:57.724831 ORIC [tick]: polygon_api.rest module is required but not importable.
2025-10-01T17:07:57.724831 ORKA [tick]: polygon_api.rest module is required but not importable.
2025-10-01T17:07:57.724831 ORN [tick]: polygon_api.rest module is required but not importable.
2025-10-01T17:07:57.724831 ORRF [tick]: polygon_api.rest module is required but not importable.
2025-10-01T17:07:57.724831 OSBC [tick]: polygon_api.rest module is required but not importable.
2025-10-01T17:07:57.724831 OSPN [tick]: polygon_api.rest module is required but not importable.
2025-10-01T17:07:57.724831 OTLY [tick]: polygon_api.rest module is required but not importable.
2025-10-01T17:07:57.724831 OUST [tick]: polygon_api.rest module is required but not importable.
2025-10-01T17:07:57.724831 OXLC [tick]: polygon_api.rest module is required but not importable.
2025-10-01T17:07:57.724831 OXM [tick]: polygon_api.rest module is required but not importable.
2025-10-01T17:07:57.724831 OYSE [tick]: polygon_api.rest module is required but not importable.
2025-10-01T17:07:57.724831 PACB [tick]: polygon_api.rest module is required but not importable.
2025-10-01T17:07:57.724831 PACH [tick]: polygon_api.rest module is required but not importable.
2025-10-01T17:07:57.724831 PACK [tick]: polygon_api.rest module is required but not importable.
2025-10-01T17:07:57.724831 PAHC [tick]: polygon_api.rest module is required but not importable.
2025-10-01T17:07:57.724831 PANL [tick]: polygon_api.rest module is required but not importable.
2025-10-01T17:07:57.724831 PAR [tick]: polygon_api.rest module is required but not importable.
2025-10-01T17:07:57.724831 PARR [tick]: polygon_api.rest module is required but not importable.
2025-10-01T17:07:57.724831 PAXS [tick]: polygon_api.rest module is required but not importable.
2025-10-01T17:07:57.724831 PAYS [tick]: polygon_api.rest module is required but not importable.
2025-10-01T17:07:57.724831 PBFS [tick]: polygon_api.rest module is required but not importable.
2025-10-01T17:07:57.724831 PBI [tick]: polygon_api.rest module is required but not importable.
2025-10-01T17:07:57.724831 PBPB [tick]: polygon_api.rest module is required but not importable.
2025-10-01T17:07:57.724831 PBT [tick]: polygon_api.rest module is required but not importable.
2025-10-01T17:07:57.724831 PCAP [tick]: polygon_api.rest module is required but not importable.
2025-10-01T17:07:57.724831 PCN [tick]: polygon_api.rest module is required but not importable.
2025-10-01T17:07:57.724831 PCRX [tick]: polygon_api.rest module is required but not importable.
2025-10-01T17:07:57.724831 PD [tick]: polygon_api.rest module is required but not importable.
2025-10-01T17:07:57.724831 PDFS [tick]: polygon_api.rest module is required but not importable.
2025-10-01T17:07:57.724831 PDLB [tick]: polygon_api.rest module is required but not importable.
2025-10-01T17:07:57.724831 PDM [tick]: polygon_api.rest module is required but not importable.
2025-10-01T17:07:57.724831 PDO [tick]: polygon_api.rest module is required but not importable.
2025-10-01T17:07:57.724831 PDS [tick]: polygon_api.rest module is required but not importable.
2025-10-01T17:07:57.724831 PDT [tick]: polygon_api.rest module is required but not importable.
2025-10-01T17:07:57.724831 PDX [tick]: polygon_api.rest module is required but not importable.
2025-10-01T17:07:57.724831 PDYN [tick]: polygon_api.rest module is required but not importable.
2025-10-01T17:07:57.724831 PEB [tick]: polygon_api.rest module is required but not importable.
2025-10-01T17:07:57.724831 PEBO [tick]: polygon_api.rest module is required but not importable.
2025-10-01T17:07:57.724831 PENG [tick]: polygon_api.rest module is required but not importable.
2025-10-01T17:07:57.724831 PEO [tick]: polygon_api.rest module is required but not importable.
2025-10-01T17:07:57.724831 PERI [tick]: polygon_api.rest module is required but not importable.
2025-10-01T17:07:57.724831 PFBC [tick]: polygon_api.rest module is required but not importable.
2025-10-01T17:07:57.724831 PFIS [tick]: polygon_api.rest module is required but not importable.
2025-10-01T17:07:57.724831 PFL [tick]: polygon_api.rest module is required but not importable.
2025-10-01T17:07:57.724831 PFLT [tick]: polygon_api.rest module is required but not importable.
2025-10-01T17:07:57.724831 PFN [tick]: polygon_api.rest module is required but not importable.
2025-10-01T17:07:57.724831 PGC [tick]: polygon_api.rest module is required but not importable.
2025-10-01T17:07:57.724831 PGEN [tick]: polygon_api.rest module is required but not importable.
2025-10-01T17:07:57.724831 PGNY [tick]: polygon_api.rest module is required but not importable.
2025-10-01T17:07:57.724831 PGRE [tick]: polygon_api.rest module is required but not importable.
2025-10-01T17:07:57.724831 PHAR [tick]: polygon_api.rest module is required but not importable.
2025-10-01T17:07:57.724831 PHAT [tick]: polygon_api.rest module is required but not importable.
2025-10-01T17:07:57.724831 PHK [tick]: polygon_api.rest module is required but not importable.
2025-10-01T17:07:57.724831 PHLT [tick]: polygon_api.rest module is required but not importable.
2025-10-01T17:07:57.724831 PHR [tick]: polygon_api.rest module is required but not importable.
2025-10-01T17:07:57.724831 PHVS [tick]: polygon_api.rest module is required but not importable.
2025-10-01T17:07:57.724831 PKE [tick]: polygon_api.rest module is required but not importable.
2025-10-01T17:07:57.724831 PKOH [tick]: polygon_api.rest module is required but not importable.
2025-10-01T17:07:57.724831 PKST [tick]: polygon_api.rest module is required but not importable.
2025-10-01T17:07:57.724831 PLAB [tick]: polygon_api.rest module is required but not importable.
2025-10-01T17:07:57.724831 PLAY [tick]: polygon_api.rest module is required but not importable.
2025-10-01T17:07:57.724831 PLBC [tick]: polygon_api.rest module is required but not importable.
2025-10-01T17:07:57.724831 PLOW [tick]: polygon_api.rest module is required but not importable.
2025-10-01T17:07:57.724831 PLPC [tick]: polygon_api.rest module is required but not importable.
2025-10-01T17:07:57.724831 PLSE [tick]: polygon_api.rest module is required but not importable.
2025-10-01T17:07:57.724831 PLTK [tick]: polygon_api.rest module is required but not importable.
2025-10-01T17:07:57.724831 PLUS [tick]: polygon_api.rest module is required but not importable.
2025-10-01T17:07:57.724831 PLYM [tick]: polygon_api.rest module is required but not importable.
2025-10-01T17:07:57.724831 PMI [tick]: polygon_api.rest module is required but not importable.
2025-10-01T17:07:57.724831 PML [tick]: polygon_api.rest module is required but not importable.
2025-10-01T17:07:57.724831 PMT [tick]: polygon_api.rest module is required but not importable.
2025-10-01T17:07:57.724831 PMTR [tick]: polygon_api.rest module is required but not importable.
2025-10-01T17:07:57.724831 PNNT [tick]: polygon_api.rest module is required but not importable.
2025-10-01T17:07:57.724831 PNTG [tick]: polygon_api.rest module is required but not importable.
2025-10-01T17:07:57.724831 POET [tick]: polygon_api.rest module is required but not importable.
2025-10-01T17:07:57.724831 POLE [tick]: polygon_api.rest module is required but not importable.
2025-10-01T17:07:57.724831 PPT [tick]: polygon_api.rest module is required but not importable.
2025-10-01T17:07:57.724831 PRA [tick]: polygon_api.rest module is required but not importable.
2025-10-01T17:07:57.724831 PRAA [tick]: polygon_api.rest module is required but not importable.
2025-10-01T17:07:57.724831 PRAX [tick]: polygon_api.rest module is required but not importable.
2025-10-01T17:07:57.724831 PRCH [tick]: polygon_api.rest module is required but not importable.
2025-10-01T17:07:57.724831 PRCT [tick]: polygon_api.rest module is required but not importable.
2025-10-01T17:07:57.724831 PRG [tick]: polygon_api.rest module is required but not importable.
2025-10-01T17:07:57.724831 PRGS [tick]: polygon_api.rest module is required but not importable.
2025-10-01T17:07:57.724831 PRLB [tick]: polygon_api.rest module is required but not importable.
2025-10-01T17:07:57.724831 PRME [tick]: polygon_api.rest module is required but not importable.
2025-10-01T17:07:57.724831 PRO [tick]: polygon_api.rest module is required but not importable.
2025-10-01T17:07:57.724831 PROK [tick]: polygon_api.rest module is required but not importable.
2025-10-01T17:07:57.724831 PRSU [tick]: polygon_api.rest module is required but not importable.
2025-10-01T17:07:57.724831 PRTA [tick]: polygon_api.rest module is required but not importable.
2025-10-01T17:07:57.724831 PRTC [tick]: polygon_api.rest module is required but not importable.
2025-10-01T17:07:57.724831 PRTH [tick]: polygon_api.rest module is required but not importable.
2025-10-01T17:07:57.724831 PSBD [tick]: polygon_api.rest module is required but not importable.
2025-10-01T17:07:57.724831 PSEC [tick]: polygon_api.rest module is required but not importable.
2025-10-01T17:07:57.724831 PSFE [tick]: polygon_api.rest module is required but not importable.
2025-10-01T17:07:57.724831 PSNL [tick]: polygon_api.rest module is required but not importable.
2025-10-01T17:07:57.724831 PSTL [tick]: polygon_api.rest module is required but not importable.
2025-10-01T17:07:57.724831 PTA [tick]: polygon_api.rest module is required but not importable.
2025-10-01T17:07:57.724831 PTLO [tick]: polygon_api.rest module is required but not importable.
2025-10-01T17:07:57.724831 PUBM [tick]: polygon_api.rest module is required but not importable.
2025-10-01T17:07:57.724831 PUMP [tick]: polygon_api.rest module is required but not importable.
2025-10-01T17:07:57.724831 PVLA [tick]: polygon_api.rest module is required but not importable.
2025-10-01T17:07:57.724831 PWP [tick]: polygon_api.rest module is required but not importable.
2025-10-01T17:07:57.724831 PX [tick]: polygon_api.rest module is required but not importable.
2025-10-01T17:07:57.724831 PZZA [tick]: polygon_api.rest module is required but not importable.
2025-10-01T17:07:57.724831 QCRH [tick]: polygon_api.rest module is required but not importable.
2025-10-01T17:07:57.724831 QD [tick]: polygon_api.rest module is required but not importable.
2025-10-01T17:07:57.724831 QNST [tick]: polygon_api.rest module is required but not importable.
2025-10-01T17:07:57.724831 QQQX [tick]: polygon_api.rest module is required but not importable.
2025-10-01T17:07:57.724831 QSG [tick]: polygon_api.rest module is required but not importable.
2025-10-01T17:07:57.724831 QUAD [tick]: polygon_api.rest module is required but not importable.
2025-10-01T17:07:57.724831 RA [tick]: polygon_api.rest module is required but not importable.
2025-10-01T17:07:57.724831 RAMP [tick]: polygon_api.rest module is required but not importable.
2025-10-01T17:07:57.724831 RAPP [tick]: polygon_api.rest module is required but not importable.
2025-10-01T17:07:57.724831 RAPT [tick]: polygon_api.rest module is required but not importable.
2025-10-01T17:07:57.724831 RBB [tick]: polygon_api.rest module is required but not importable.
2025-10-01T17:07:57.724831 RBBN [tick]: polygon_api.rest module is required but not importable.
2025-10-01T17:07:57.724831 RBCAA [tick]: polygon_api.rest module is required but not importable.
2025-10-01T17:07:57.724831 RC [tick]: polygon_api.rest module is required but not importable.
2025-10-01T17:07:57.724831 RCAT [tick]: polygon_api.rest module is required but not importable.
2025-10-01T17:07:57.724831 RCKT [tick]: polygon_api.rest module is required but not importable.
2025-10-01T17:07:57.724831 RCS [tick]: polygon_api.rest module is required but not importable.
2025-10-01T17:07:57.724831 RCUS [tick]: polygon_api.rest module is required but not importable.
2025-10-01T17:07:57.724831 RDAG [tick]: polygon_api.rest module is required but not importable.
2025-10-01T17:07:57.724831 RDVT [tick]: polygon_api.rest module is required but not importable.
2025-10-01T17:07:57.724831 RDW [tick]: polygon_api.rest module is required but not importable.
2025-10-01T17:07:57.724831 RDWR [tick]: polygon_api.rest module is required but not importable.
2025-10-01T17:07:57.724831 REAL [tick]: polygon_api.rest module is required but not importable.
2025-10-01T17:07:57.724831 REAX [tick]: polygon_api.rest module is required but not importable.
2025-10-01T17:07:57.724831 REPL [tick]: polygon_api.rest module is required but not importable.
2025-10-01T17:07:57.724831 REPX [tick]: polygon_api.rest module is required but not importable.
2025-10-01T17:07:57.724831 RERE [tick]: polygon_api.rest module is required but not importable.
2025-10-01T17:07:57.724831 RES [tick]: polygon_api.rest module is required but not importable.
2025-10-01T17:07:57.724831 REX [tick]: polygon_api.rest module is required but not importable.
2025-10-01T17:07:57.724831 RFI [tick]: polygon_api.rest module is required but not importable.
2025-10-01T17:07:57.724831 RFMZ [tick]: polygon_api.rest module is required but not importable.
2025-10-01T17:07:57.724831 RGNX [tick]: polygon_api.rest module is required but not importable.
2025-10-01T17:07:57.724831 RGR [tick]: polygon_api.rest module is required but not importable.
2025-10-01T17:07:57.724831 RHLD [tick]: polygon_api.rest module is required but not importable.
2025-10-01T17:07:57.724831 RIGL [tick]: polygon_api.rest module is required but not importable.
2025-10-01T17:07:57.724831 RLAY [tick]: polygon_api.rest module is required but not importable.
2025-10-01T17:07:57.724831 RLJ [tick]: polygon_api.rest module is required but not importable.
2025-10-01T17:07:57.724831 RM [tick]: polygon_api.rest module is required but not importable.
2025-10-01T17:07:57.724831 RMAX [tick]: polygon_api.rest module is required but not importable.
2025-10-01T17:07:57.724831 RMNI [tick]: polygon_api.rest module is required but not importable.
2025-10-01T17:07:57.724831 RMR [tick]: polygon_api.rest module is required but not importable.
2025-10-01T17:07:57.724831 RMT [tick]: polygon_api.rest module is required but not importable.
2025-10-01T17:07:57.724831 RNGR [tick]: polygon_api.rest module is required but not importable.
2025-10-01T17:07:57.724831 RNP [tick]: polygon_api.rest module is required but not importable.
2025-10-01T17:07:57.724831 ROCK [tick]: polygon_api.rest module is required but not importable.
2025-10-01T17:07:57.724831 ROG [tick]: polygon_api.rest module is required but not importable.
2025-10-01T17:07:57.724831 ROOT [tick]: polygon_api.rest module is required but not importable.
2025-10-01T17:07:57.724831 RPAY [tick]: polygon_api.rest module is required but not importable.
2025-10-01T17:07:57.724831 RPD [tick]: polygon_api.rest module is required but not importable.
2025-10-01T17:07:57.724831 RQI [tick]: polygon_api.rest module is required but not importable.
2025-10-01T17:07:57.724831 RR [tick]: polygon_api.rest module is required but not importable.
2025-10-01T17:07:57.724831 RRBI [tick]: polygon_api.rest module is required but not importable.
2025-10-01T17:07:57.724831 RSKD [tick]: polygon_api.rest module is required but not importable.
2025-10-01T17:07:57.724831 RSVR [tick]: polygon_api.rest module is required but not importable.
2025-10-01T17:07:57.724831 RTAC [tick]: polygon_api.rest module is required but not importable.
2025-10-01T17:07:57.724831 RVLV [tick]: polygon_api.rest module is required but not importable.
2025-10-01T17:07:57.724831 RVT [tick]: polygon_api.rest module is required but not importable.
2025-10-01T17:07:57.724831 RWAY [tick]: polygon_api.rest module is required but not importable.
2025-10-01T17:07:57.724831 RWT [tick]: polygon_api.rest module is required but not importable.
2025-10-01T17:07:57.724831 RXST [tick]: polygon_api.rest module is required but not importable.
2025-10-01T17:07:57.724831 RXT [tick]: polygon_api.rest module is required but not importable.
2025-10-01T17:07:57.724831 RYAM [tick]: polygon_api.rest module is required but not importable.
2025-10-01T17:07:57.724831 RYI [tick]: polygon_api.rest module is required but not importable.
2025-10-01T17:07:57.724831 RZLT [tick]: polygon_api.rest module is required but not importable.
2025-10-01T17:07:57.724831 RZLV [tick]: polygon_api.rest module is required but not importable.
2025-10-01T17:07:57.724831 SABR [tick]: polygon_api.rest module is required but not importable.
2025-10-01T17:07:57.724831 SAFE [tick]: polygon_api.rest module is required but not importable.
2025-10-01T17:07:57.724831 SAFT [tick]: polygon_api.rest module is required but not importable.
2025-10-01T17:07:57.724831 SANA [tick]: polygon_api.rest module is required but not importable.
2025-10-01T17:07:57.724831 SAR [tick]: polygon_api.rest module is required but not importable.
2025-10-01T17:07:57.724831 SATL [tick]: polygon_api.rest module is required but not importable.
2025-10-01T17:07:57.724831 SB [tick]: polygon_api.rest module is required but not importable.
2025-10-01T17:07:57.724831 SBC [tick]: polygon_api.rest module is required but not importable.
2025-10-01T17:07:57.724831 SBGI [tick]: polygon_api.rest module is required but not importable.
2025-10-01T17:07:57.724831 SBH [tick]: polygon_api.rest module is required but not importable.
2025-10-01T17:07:57.724831 SBR [tick]: polygon_api.rest module is required but not importable.
2025-10-01T17:07:57.724831 SBSI [tick]: polygon_api.rest module is required but not importable.
2025-10-01T17:07:57.724831 SCHL [tick]: polygon_api.rest module is required but not importable.
2025-10-01T17:07:57.724831 SCL [tick]: polygon_api.rest module is required but not importable.
2025-10-01T17:07:57.724831 SCM [tick]: polygon_api.rest module is required but not importable.
2025-10-01T17:07:57.724831 SCPH [tick]: polygon_api.rest module is required but not importable.
2025-10-01T17:07:57.724831 SCS [tick]: polygon_api.rest module is required but not importable.
2025-10-01T17:07:57.724831 SCSC [tick]: polygon_api.rest module is required but not importable.
2025-10-01T17:07:57.724831 SCVL [tick]: polygon_api.rest module is required but not importable.
2025-10-01T17:07:57.724831 SD [tick]: polygon_api.rest module is required but not importable.
2025-10-01T17:07:57.724831 SDGR [tick]: polygon_api.rest module is required but not importable.
2025-10-01T17:07:57.724831 SDHI [tick]: polygon_api.rest module is required but not importable.
2025-10-01T17:07:57.724831 SDHY [tick]: polygon_api.rest module is required but not importable.
2025-10-01T17:07:57.724831 SDRL [tick]: polygon_api.rest module is required but not importable.
2025-10-01T17:07:57.724831 SEM [tick]: polygon_api.rest module is required but not importable.
2025-10-01T17:07:57.724831 SEMR [tick]: polygon_api.rest module is required but not importable.
2025-10-01T17:07:57.724831 SENEA [tick]: polygon_api.rest module is required but not importable.
2025-10-01T17:07:57.724831 SEPN [tick]: polygon_api.rest module is required but not importable.
2025-10-01T17:07:57.724831 SERV [tick]: polygon_api.rest module is required but not importable.
2025-10-01T17:07:57.724831 SES [tick]: polygon_api.rest module is required but not importable.
2025-10-01T17:07:57.724831 SFIX [tick]: polygon_api.rest module is required but not importable.
2025-10-01T17:07:57.724831 SFL [tick]: polygon_api.rest module is required but not importable.
2025-10-01T17:07:57.724831 SFST [tick]: polygon_api.rest module is required but not importable.
2025-10-01T17:07:57.724831 SG [tick]: polygon_api.rest module is required but not importable.
2025-10-01T17:07:57.724831 SGML [tick]: polygon_api.rest module is required but not importable.
2025-10-01T17:07:57.724831 SGU [tick]: polygon_api.rest module is required but not importable.
2025-10-01T17:07:57.724831 SHBI [tick]: polygon_api.rest module is required but not importable.
2025-10-01T17:07:57.724831 SHCO [tick]: polygon_api.rest module is required but not importable.
2025-10-01T17:07:57.724831 SHEN [tick]: polygon_api.rest module is required but not importable.
2025-10-01T17:07:57.724831 SHLS [tick]: polygon_api.rest module is required but not importable.
2025-10-01T17:07:57.724831 SHO [tick]: polygon_api.rest module is required but not importable.
2025-10-01T17:07:57.724831 SIBN [tick]: polygon_api.rest module is required but not importable.
2025-10-01T17:07:57.724831 SIFY [tick]: polygon_api.rest module is required but not importable.
2025-10-01T17:07:57.724831 SIGA [tick]: polygon_api.rest module is required but not importable.
2025-10-01T17:07:57.724831 SILA [tick]: polygon_api.rest module is required but not importable.
2025-10-01T17:07:57.724831 SIMA [tick]: polygon_api.rest module is required but not importable.
2025-10-01T17:07:57.724831 SION [tick]: polygon_api.rest module is required but not importable.
2025-10-01T17:07:57.724831 SITC [tick]: polygon_api.rest module is required but not importable.
2025-10-01T17:07:57.724831 SKWD [tick]: polygon_api.rest module is required but not importable.
2025-10-01T17:07:57.724831 SKYH [tick]: polygon_api.rest module is required but not importable.
2025-10-01T17:07:57.724831 SKYT [tick]: polygon_api.rest module is required but not importable.
2025-10-01T17:07:57.724831 SLDB [tick]: polygon_api.rest module is required but not importable.
2025-10-01T17:07:57.724831 SLDE [tick]: polygon_api.rest module is required but not importable.
2025-10-01T17:07:57.724831 SLDP [tick]: polygon_api.rest module is required but not importable.
2025-10-01T17:07:57.724831 SLI [tick]: polygon_api.rest module is required but not importable.
2025-10-01T17:07:57.724831 SLP [tick]: polygon_api.rest module is required but not importable.
2025-10-01T17:07:57.724831 SLQT [tick]: polygon_api.rest module is required but not importable.
2025-10-01T17:07:57.724831 SLRC [tick]: polygon_api.rest module is required but not importable.
2025-10-01T17:07:57.724831 SLSR [tick]: polygon_api.rest module is required but not importable.
2025-10-01T17:07:57.724831 SLVM [tick]: polygon_api.rest module is required but not importable.
2025-10-01T17:07:57.724831 SMA [tick]: polygon_api.rest module is required but not importable.
2025-10-01T17:07:57.724831 SMBC [tick]: polygon_api.rest module is required but not importable.
2025-10-01T17:07:57.724831 SMBK [tick]: polygon_api.rest module is required but not importable.
2025-10-01T17:07:57.724831 SMC [tick]: polygon_api.rest module is required but not importable.
2025-10-01T17:07:57.724831 SMLR [tick]: polygon_api.rest module is required but not importable.
2025-10-01T17:07:57.724831 SMP [tick]: polygon_api.rest module is required but not importable.
2025-10-01T17:07:57.724831 SMWB [tick]: polygon_api.rest module is required but not importable.
2025-10-01T17:07:57.724831 SNCY [tick]: polygon_api.rest module is required but not importable.
2025-10-01T17:07:57.724831 SNDA [tick]: polygon_api.rest module is required but not importable.
2025-10-01T17:07:57.724831 SNDL [tick]: polygon_api.rest module is required but not importable.
2025-10-01T17:07:57.724831 SNDX [tick]: polygon_api.rest module is required but not importable.
2025-10-01T17:07:57.724831 SNWV [tick]: polygon_api.rest module is required but not importable.
2025-10-01T17:07:57.724831 SOC [tick]: polygon_api.rest module is required but not importable.
2025-10-01T17:07:57.724831 SOHU [tick]: polygon_api.rest module is required but not importable.
2025-10-01T17:07:57.724831 SONO [tick]: polygon_api.rest module is required but not importable.
2025-10-01T17:07:57.724831 SOPH [tick]: polygon_api.rest module is required but not importable.
2025-10-01T17:07:57.724831 SOR [tick]: polygon_api.rest module is required but not importable.
2025-10-01T17:07:57.724831 SOS [tick]: polygon_api.rest module is required but not importable.
2025-10-01T17:07:57.724831 SPB [tick]: polygon_api.rest module is required but not importable.
2025-10-01T17:07:57.724831 SPFI [tick]: polygon_api.rest module is required but not importable.
2025-10-01T17:07:57.724831 SPH [tick]: polygon_api.rest module is required but not importable.
2025-10-01T17:07:57.724831 SPIR [tick]: polygon_api.rest module is required but not importable.
2025-10-01T17:07:57.724831 SPMC [tick]: polygon_api.rest module is required but not importable.
2025-10-01T17:07:57.724831 SPOK [tick]: polygon_api.rest module is required but not importable.
2025-10-01T17:07:57.724831 SPPP [tick]: polygon_api.rest module is required but not importable.
2025-10-01T17:07:57.724831 SPRY [tick]: polygon_api.rest module is required but not importable.
2025-10-01T17:07:57.724831 SPT [tick]: polygon_api.rest module is required but not importable.
2025-10-01T17:07:57.724831 SPTN [tick]: polygon_api.rest module is required but not importable.
2025-10-01T17:07:57.724831 SPXX [tick]: polygon_api.rest module is required but not importable.
2025-10-01T17:07:57.724831 SRCE [tick]: polygon_api.rest module is required but not importable.
2025-10-01T17:07:57.724831 SRDX [tick]: polygon_api.rest module is required but not importable.
2025-10-01T17:07:57.724831 SRPT [tick]: polygon_api.rest module is required but not importable.
2025-10-01T17:07:57.724831 SRTA [tick]: polygon_api.rest module is required but not importable.
2025-10-01T17:07:57.724831 SSII [tick]: polygon_api.rest module is required but not importable.
2025-10-01T17:07:57.724831 SSTK [tick]: polygon_api.rest module is required but not importable.
2025-10-01T17:07:57.724831 SSYS [tick]: polygon_api.rest module is required but not importable.
2025-10-01T17:07:57.724831 STAA [tick]: polygon_api.rest module is required but not importable.
2025-10-01T17:07:57.724831 STBA [tick]: polygon_api.rest module is required but not importable.
2025-10-01T17:07:57.724831 STEL [tick]: polygon_api.rest module is required but not importable.
2025-10-01T17:07:57.724831 STEW [tick]: polygon_api.rest module is required but not importable.
2025-10-01T17:07:57.724831 STGW [tick]: polygon_api.rest module is required but not importable.
2025-10-01T17:07:57.724831 STK [tick]: polygon_api.rest module is required but not importable.
2025-10-01T17:07:57.724831 STKL [tick]: polygon_api.rest module is required but not importable.
2025-10-01T17:07:57.724831 STOK [tick]: polygon_api.rest module is required but not importable.
2025-10-01T17:07:57.724831 SUIG [tick]: polygon_api.rest module is required but not importable.
2025-10-01T17:07:57.724831 SUPV [tick]: polygon_api.rest module is required but not importable.
2025-10-01T17:07:57.724831 SUPX [tick]: polygon_api.rest module is required but not importable.
2025-10-01T17:07:57.724831 SVC [tick]: polygon_api.rest module is required but not importable.
2025-10-01T17:07:57.724831 SVM [tick]: polygon_api.rest module is required but not importable.
2025-10-01T17:07:57.724831 SVRA [tick]: polygon_api.rest module is required but not importable.
2025-10-01T17:07:57.724831 SWBI [tick]: polygon_api.rest module is required but not importable.
2025-10-01T17:07:57.724831 SWIM [tick]: polygon_api.rest module is required but not importable.
2025-10-01T17:07:57.724831 SWIN [tick]: polygon_api.rest module is required but not importable.
2025-10-01T17:07:57.724831 SXC [tick]: polygon_api.rest module is required but not importable.
2025-10-01T17:07:57.724831 SY [tick]: polygon_api.rest module is required but not importable.
2025-10-01T17:07:57.724831 SYRE [tick]: polygon_api.rest module is required but not importable.
2025-10-01T17:07:57.724831 TACH [tick]: polygon_api.rest module is required but not importable.
2025-10-01T17:07:57.724831 TACO [tick]: polygon_api.rest module is required but not importable.
2025-10-01T17:07:57.724831 TALK [tick]: polygon_api.rest module is required but not importable.
2025-10-01T17:07:57.724831 TALO [tick]: polygon_api.rest module is required but not importable.
2025-10-01T17:07:57.724831 TASK [tick]: polygon_api.rest module is required but not importable.
2025-10-01T17:07:57.724831 TATT [tick]: polygon_api.rest module is required but not importable.
2025-10-01T17:07:57.724831 TBCH [tick]: polygon_api.rest module is required but not importable.
2025-10-01T17:07:57.724831 TBLA [tick]: polygon_api.rest module is required but not importable.
2025-10-01T17:07:57.724831 TBLD [tick]: polygon_api.rest module is required but not importable.
2025-10-01T17:07:57.724831 TBN [tick]: polygon_api.rest module is required but not importable.
2025-10-01T17:07:57.724831 TBPH [tick]: polygon_api.rest module is required but not importable.
2025-10-01T17:07:57.724831 TCBK [tick]: polygon_api.rest module is required but not importable.
2025-10-01T17:07:57.724831 TCBX [tick]: polygon_api.rest module is required but not importable.
2025-10-01T17:07:57.724831 TCI [tick]: polygon_api.rest module is required but not importable.
2025-10-01T17:07:57.724831 TCMD [tick]: polygon_api.rest module is required but not importable.
2025-10-01T17:07:57.724831 TCPC [tick]: polygon_api.rest module is required but not importable.
2025-10-01T17:07:57.724831 TDF [tick]: polygon_api.rest module is required but not importable.
2025-10-01T17:07:57.724831 TDOC [tick]: polygon_api.rest module is required but not importable.
2025-10-01T17:07:57.724831 TDUP [tick]: polygon_api.rest module is required but not importable.
2025-10-01T17:07:57.724831 TE [tick]: polygon_api.rest module is required but not importable.
2025-10-01T17:07:57.724831 TECX [tick]: polygon_api.rest module is required but not importable.
2025-10-01T17:07:57.724831 TEN [tick]: polygon_api.rest module is required but not importable.
2025-10-01T17:07:57.724831 TEO [tick]: polygon_api.rest module is required but not importable.
2025-10-01T17:07:57.724831 TERN [tick]: polygon_api.rest module is required but not importable.
2025-10-01T17:07:57.724831 TFIN [tick]: polygon_api.rest module is required but not importable.
2025-10-01T17:07:57.724831 TGB [tick]: polygon_api.rest module is required but not importable.
2025-10-01T17:07:57.724831 TGS [tick]: polygon_api.rest module is required but not importable.
2025-10-01T17:07:57.724831 TH [tick]: polygon_api.rest module is required but not importable.
2025-10-01T17:07:57.724831 THFF [tick]: polygon_api.rest module is required but not importable.
2025-10-01T17:07:57.724831 THH [tick]: polygon_api.rest module is required but not importable.
2025-10-01T17:07:57.724831 THM [tick]: polygon_api.rest module is required but not importable.
2025-10-01T17:07:57.724831 THQ [tick]: polygon_api.rest module is required but not importable.
2025-10-01T17:07:57.724831 THR [tick]: polygon_api.rest module is required but not importable.
2025-10-01T17:07:57.724831 THRM [tick]: polygon_api.rest module is required but not importable.
2025-10-01T17:07:57.724831 THRY [tick]: polygon_api.rest module is required but not importable.
2025-10-01T17:07:57.724831 THS [tick]: polygon_api.rest module is required but not importable.
2025-10-01T17:07:57.724831 THW [tick]: polygon_api.rest module is required but not importable.
2025-10-01T17:07:57.724831 TIGR [tick]: polygon_api.rest module is required but not importable.
2025-10-01T17:07:57.724831 TILE [tick]: polygon_api.rest module is required but not importable.
2025-10-01T17:07:57.724831 TIPT [tick]: polygon_api.rest module is required but not importable.
2025-10-01T17:07:57.724831 TITN [tick]: polygon_api.rest module is required but not importable.
2025-10-01T17:07:57.724831 TIXT [tick]: polygon_api.rest module is required but not importable.
2025-10-01T17:07:57.724831 TK [tick]: polygon_api.rest module is required but not importable.
2025-10-01T17:07:57.724831 TKNO [tick]: polygon_api.rest module is required but not importable.
2025-10-01T17:07:57.724831 TLRY [tick]: polygon_api.rest module is required but not importable.
2025-10-01T17:07:57.724831 TLS [tick]: polygon_api.rest module is required but not importable.
2025-10-01T17:07:57.724831 TMCI [tick]: polygon_api.rest module is required but not importable.
2025-10-01T17:07:57.724831 TMP [tick]: polygon_api.rest module is required but not importable.
2025-10-01T17:07:57.724831 TMQ [tick]: polygon_api.rest module is required but not importable.
2025-10-01T17:07:57.724831 TNC [tick]: polygon_api.rest module is required but not importable.
2025-10-01T17:07:57.724831 TNDM [tick]: polygon_api.rest module is required but not importable.
2025-10-01T17:07:57.724831 TNGX [tick]: polygon_api.rest module is required but not importable.
2025-10-01T17:07:57.724831 TNK [tick]: polygon_api.rest module is required but not importable.
2025-10-01T17:07:57.724831 TOI [tick]: polygon_api.rest module is required but not importable.
2025-10-01T17:07:57.724831 TONX [tick]: polygon_api.rest module is required but not importable.
2025-10-01T17:07:57.724831 TPB [tick]: polygon_api.rest module is required but not importable.
2025-10-01T17:07:57.724831 TRC [tick]: polygon_api.rest module is required but not importable.
2025-10-01T17:07:57.724831 TREE [tick]: polygon_api.rest module is required but not importable.
2025-10-01T17:07:57.724831 TRIN [tick]: polygon_api.rest module is required but not importable.
2025-10-01T17:07:57.724831 TRIP [tick]: polygon_api.rest module is required but not importable.
2025-10-01T17:07:57.724831 TRML [tick]: polygon_api.rest module is required but not importable.
2025-10-01T17:07:57.724831 TRNS [tick]: polygon_api.rest module is required but not importable.
2025-10-01T17:07:57.724831 TRON [tick]: polygon_api.rest module is required but not importable.
2025-10-01T17:07:57.724831 TROX [tick]: polygon_api.rest module is required but not importable.
2025-10-01T17:07:57.724831 TRS [tick]: polygon_api.rest module is required but not importable.
2025-10-01T17:07:57.724831 TRST [tick]: polygon_api.rest module is required but not importable.
2025-10-01T17:07:57.724831 TRTX [tick]: polygon_api.rest module is required but not importable.
2025-10-01T17:07:57.724831 TRUP [tick]: polygon_api.rest module is required but not importable.
2025-10-01T17:07:57.724831 TRVI [tick]: polygon_api.rest module is required but not importable.
2025-10-01T17:07:57.724831 TSAT [tick]: polygon_api.rest module is required but not importable.
2025-10-01T17:07:57.724831 TSHA [tick]: polygon_api.rest module is required but not importable.
2025-10-01T17:07:57.724831 TSSI [tick]: polygon_api.rest module is required but not importable.
2025-10-01T17:07:57.724831 TTGT [tick]: polygon_api.rest module is required but not importable.
2025-10-01T17:07:57.724831 TTI [tick]: polygon_api.rest module is required but not importable.
2025-10-01T17:07:57.724831 TUYA [tick]: polygon_api.rest module is required but not importable.
2025-10-01T17:07:57.724831 TV [tick]: polygon_api.rest module is required but not importable.
2025-10-01T17:07:57.724831 TVA [tick]: polygon_api.rest module is required but not importable.
2025-10-01T17:07:57.724831 TVRD [tick]: polygon_api.rest module is required but not importable.
2025-10-01T17:07:57.724831 TWFG [tick]: polygon_api.rest module is required but not importable.
2025-10-01T17:07:57.724831 TWI [tick]: polygon_api.rest module is required but not importable.
2025-10-01T17:07:57.724831 TWN [tick]: polygon_api.rest module is required but not importable.
2025-10-01T17:07:57.724831 TWO [tick]: polygon_api.rest module is required but not importable.
2025-10-01T17:07:57.724831 TWST [tick]: polygon_api.rest module is required but not importable.
2025-10-01T17:07:57.724831 TXG [tick]: polygon_api.rest module is required but not importable.
2025-10-01T17:07:57.724831 TXO [tick]: polygon_api.rest module is required but not importable.
2025-10-01T17:07:57.724831 TY [tick]: polygon_api.rest module is required but not importable.
2025-10-01T17:07:57.724831 TYG [tick]: polygon_api.rest module is required but not importable.
2025-10-01T17:07:57.724831 TYRA [tick]: polygon_api.rest module is required but not importable.
2025-10-01T17:07:57.724831 UAMY [tick]: polygon_api.rest module is required but not importable.
2025-10-01T17:07:57.724831 UAN [tick]: polygon_api.rest module is required but not importable.
2025-10-01T17:07:57.724831 UCTT [tick]: polygon_api.rest module is required but not importable.
2025-10-01T17:07:57.724831 UDMY [tick]: polygon_api.rest module is required but not importable.
2025-10-01T17:07:57.724831 UFCS [tick]: polygon_api.rest module is required but not importable.
2025-10-01T17:07:57.724831 UFPT [tick]: polygon_api.rest module is required but not importable.
2025-10-01T17:07:57.724831 UHT [tick]: polygon_api.rest module is required but not importable.
2025-10-01T17:07:57.724831 ULCC [tick]: polygon_api.rest module is required but not importable.
2025-10-01T17:07:57.724831 ULH [tick]: polygon_api.rest module is required but not importable.
2025-10-01T17:07:57.724831 UMAC [tick]: polygon_api.rest module is required but not importable.
2025-10-01T17:07:57.724831 UMH [tick]: polygon_api.rest module is required but not importable.
2025-10-01T17:07:57.724831 UNIT [tick]: polygon_api.rest module is required but not importable.
2025-10-01T17:07:57.724831 UNTY [tick]: polygon_api.rest module is required but not importable.
2025-10-01T17:07:57.724831 UP [tick]: polygon_api.rest module is required but not importable.
2025-10-01T17:07:57.724831 UPB [tick]: polygon_api.rest module is required but not importable.
2025-10-01T17:07:57.724831 UPBD [tick]: polygon_api.rest module is required but not importable.
2025-10-01T17:07:57.724831 UPXI [tick]: polygon_api.rest module is required but not importable.
2025-10-01T17:07:57.724831 URG [tick]: polygon_api.rest module is required but not importable.
2025-10-01T17:07:57.724831 URGN [tick]: polygon_api.rest module is required but not importable.
2025-10-01T17:07:57.724831 UROY [tick]: polygon_api.rest module is required but not importable.
2025-10-01T17:07:57.724831 USA [tick]: polygon_api.rest module is required but not importable.
2025-10-01T17:07:57.724831 USAR [tick]: polygon_api.rest module is required but not importable.
2025-10-01T17:07:57.724831 USAS [tick]: polygon_api.rest module is required but not importable.
2025-10-01T17:07:57.724831 USBC [tick]: polygon_api.rest module is required but not importable.
2025-10-01T17:07:57.724831 USCB [tick]: polygon_api.rest module is required but not importable.
2025-10-01T17:07:57.724831 USNA [tick]: polygon_api.rest module is required but not importable.
2025-10-01T17:07:57.724831 USPH [tick]: polygon_api.rest module is required but not importable.
2025-10-01T17:07:57.724831 UTI [tick]: polygon_api.rest module is required but not importable.
2025-10-01T17:07:57.724831 UTL [tick]: polygon_api.rest module is required but not importable.
2025-10-01T17:07:57.724831 UTZ [tick]: polygon_api.rest module is required but not importable.
2025-10-01T17:07:57.724831 UVE [tick]: polygon_api.rest module is required but not importable.
2025-10-01T17:07:57.724831 UVSP [tick]: polygon_api.rest module is required but not importable.
2025-10-01T17:07:57.724831 UVV [tick]: polygon_api.rest module is required but not importable.
2025-10-01T17:07:57.724831 UXIN [tick]: polygon_api.rest module is required but not importable.
2025-10-01T17:07:57.724831 VACH [tick]: polygon_api.rest module is required but not importable.
2025-10-01T17:07:57.724831 VALN [tick]: polygon_api.rest module is required but not importable.
2025-10-01T17:07:57.724831 VALU [tick]: polygon_api.rest module is required but not importable.
2025-10-01T17:07:57.724831 VBNK [tick]: polygon_api.rest module is required but not importable.
2025-10-01T17:07:57.724831 VBTX [tick]: polygon_api.rest module is required but not importable.
2025-10-01T17:07:57.724831 VCEL [tick]: polygon_api.rest module is required but not importable.
2025-10-01T17:07:57.724831 VCIC [tick]: polygon_api.rest module is required but not importable.
2025-10-01T17:07:57.724831 VCV [tick]: polygon_api.rest module is required but not importable.
2025-10-01T17:07:57.724831 VECO [tick]: polygon_api.rest module is required but not importable.
2025-10-01T17:07:57.724831 VEL [tick]: polygon_api.rest module is required but not importable.
2025-10-01T17:07:57.724831 VENU [tick]: polygon_api.rest module is required but not importable.
2025-10-01T17:07:57.724831 VERA [tick]: polygon_api.rest module is required but not importable.
2025-10-01T17:07:57.724831 VERI [tick]: polygon_api.rest module is required but not importable.
2025-10-01T17:07:57.724831 VET [tick]: polygon_api.rest module is required but not importable.
2025-10-01T17:07:57.724831 VFF [tick]: polygon_api.rest module is required but not importable.
2025-10-01T17:07:57.724831 VGM [tick]: polygon_api.rest module is required but not importable.
2025-10-01T17:07:57.724831 VHI [tick]: polygon_api.rest module is required but not importable.
2025-10-01T17:07:57.724831 VINP [tick]: polygon_api.rest module is required but not importable.
2025-10-01T17:07:57.724831 VIR [tick]: polygon_api.rest module is required but not importable.
2025-10-01T17:07:57.724831 VITL [tick]: polygon_api.rest module is required but not importable.
2025-10-01T17:07:57.724831 VKI [tick]: polygon_api.rest module is required but not importable.
2025-10-01T17:07:57.724831 VKQ [tick]: polygon_api.rest module is required but not importable.
2025-10-01T17:07:57.724831 VLGEA [tick]: polygon_api.rest module is required but not importable.
2025-10-01T17:07:57.724831 VLRS [tick]: polygon_api.rest module is required but not importable.
2025-10-01T17:07:57.724831 VMEO [tick]: polygon_api.rest module is required but not importable.
2025-10-01T17:07:57.724831 VMO [tick]: polygon_api.rest module is required but not importable.
2025-10-01T17:07:57.724831 VNDA [tick]: polygon_api.rest module is required but not importable.
2025-10-01T17:07:57.724831 VNME [tick]: polygon_api.rest module is required but not importable.
2025-10-01T17:07:57.724831 VOYG [tick]: polygon_api.rest module is required but not importable.
2025-10-01T17:07:57.724831 VPG [tick]: polygon_api.rest module is required but not importable.
2025-10-01T17:07:57.724831 VRDN [tick]: polygon_api.rest module is required but not importable.
2025-10-01T17:07:57.724831 VRE [tick]: polygon_api.rest module is required but not importable.
2025-10-01T17:07:57.724831 VREX [tick]: polygon_api.rest module is required but not importable.
2025-10-01T17:07:57.724831 VRNT [tick]: polygon_api.rest module is required but not importable.
2025-10-01T17:07:57.724831 VRTS [tick]: polygon_api.rest module is required but not importable.
2025-10-01T17:07:57.724831 VSTA [tick]: polygon_api.rest module is required but not importable.
2025-10-01T17:07:57.724831 VSTM [tick]: polygon_api.rest module is required but not importable.
2025-10-01T17:07:57.724831 VSTS [tick]: polygon_api.rest module is required but not importable.
2025-10-01T17:07:57.724831 VTEX [tick]: polygon_api.rest module is required but not importable.
2025-10-01T17:07:57.724831 VTLE [tick]: polygon_api.rest module is required but not importable.
2025-10-01T17:07:57.724831 VTOL [tick]: polygon_api.rest module is required but not importable.
2025-10-01T17:07:57.724831 VTS [tick]: polygon_api.rest module is required but not importable.
2025-10-01T17:07:57.724831 VVR [tick]: polygon_api.rest module is required but not importable.
2025-10-01T17:07:57.724831 VVX [tick]: polygon_api.rest module is required but not importable.
2025-10-01T17:07:57.724831 VYX [tick]: polygon_api.rest module is required but not importable.
2025-10-01T17:07:57.724831 VZLA [tick]: polygon_api.rest module is required but not importable.
2025-10-01T17:07:57.724831 WABC [tick]: polygon_api.rest module is required but not importable.
2025-10-01T17:07:57.724831 WASH [tick]: polygon_api.rest module is required but not importable.
2025-10-01T17:07:57.724831 WB [tick]: polygon_api.rest module is required but not importable.
2025-10-01T17:07:57.724831 WDH [tick]: polygon_api.rest module is required but not importable.
2025-10-01T17:07:57.724831 WDI [tick]: polygon_api.rest module is required but not importable.
2025-10-01T17:07:57.724831 WEAV [tick]: polygon_api.rest module is required but not importable.
2025-10-01T17:07:57.724831 WEN [tick]: polygon_api.rest module is required but not importable.
2025-10-01T17:07:57.724831 WENN [tick]: polygon_api.rest module is required but not importable.
2025-10-01T17:07:57.724831 WERN [tick]: polygon_api.rest module is required but not importable.
2025-10-01T17:07:57.724831 WEST [tick]: polygon_api.rest module is required but not importable.
2025-10-01T17:07:57.724831 WGO [tick]: polygon_api.rest module is required but not importable.
2025-10-01T17:07:57.724831 WINA [tick]: polygon_api.rest module is required but not importable.
2025-10-01T17:07:57.724831 WIW [tick]: polygon_api.rest module is required but not importable.
2025-10-01T17:07:57.724831 WKC [tick]: polygon_api.rest module is required but not importable.
2025-10-01T17:07:57.724831 WLDN [tick]: polygon_api.rest module is required but not importable.
2025-10-01T17:07:57.724831 WLFC [tick]: polygon_api.rest module is required but not importable.
2025-10-01T17:07:57.724831 WLKP [tick]: polygon_api.rest module is required but not importable.
2025-10-01T17:07:57.724831 WMK [tick]: polygon_api.rest module is required but not importable.
2025-10-01T17:07:57.724831 WNC [tick]: polygon_api.rest module is required but not importable.
2025-10-01T17:07:57.724831 WOLF [tick]: polygon_api.rest module is required but not importable.
2025-10-01T17:07:57.724831 WOOF [tick]: polygon_api.rest module is required but not importable.
2025-10-01T17:07:57.724831 WOW [tick]: polygon_api.rest module is required but not importable.
2025-10-01T17:07:57.724831 WRLD [tick]: polygon_api.rest module is required but not importable.
2025-10-01T17:07:57.724831 WRN [tick]: polygon_api.rest module is required but not importable.
2025-10-01T17:07:57.724831 WS [tick]: polygon_api.rest module is required but not importable.
2025-10-01T17:07:57.724831 WSR [tick]: polygon_api.rest module is required but not importable.
2025-10-01T17:07:57.724831 WTBA [tick]: polygon_api.rest module is required but not importable.
2025-10-01T17:07:57.724831 WTTR [tick]: polygon_api.rest module is required but not importable.
2025-10-01T17:07:57.724831 WVE [tick]: polygon_api.rest module is required but not importable.
2025-10-01T17:07:57.724831 WYFI [tick]: polygon_api.rest module is required but not importable.
2025-10-01T17:07:57.724831 XERS [tick]: polygon_api.rest module is required but not importable.
2025-10-01T17:07:57.724831 XFLT [tick]: polygon_api.rest module is required but not importable.
2025-10-01T17:07:57.724831 XHR [tick]: polygon_api.rest module is required but not importable.
2025-10-01T17:07:57.724831 XNCR [tick]: polygon_api.rest module is required but not importable.
2025-10-01T17:07:57.724831 XNET [tick]: polygon_api.rest module is required but not importable.
2025-10-01T17:07:57.724831 XOMA [tick]: polygon_api.rest module is required but not importable.
2025-10-01T17:07:57.724831 XPEL [tick]: polygon_api.rest module is required but not importable.
2025-10-01T17:07:57.724831 XPER [tick]: polygon_api.rest module is required but not importable.
2025-10-01T17:07:57.724831 XPOF [tick]: polygon_api.rest module is required but not importable.
2025-10-01T17:07:57.724831 XPRO [tick]: polygon_api.rest module is required but not importable.
2025-10-01T17:07:57.724831 XRX [tick]: polygon_api.rest module is required but not importable.
2025-10-01T17:07:57.724831 XYF [tick]: polygon_api.rest module is required but not importable.
2025-10-01T17:07:57.724831 YALA [tick]: polygon_api.rest module is required but not importable.
2025-10-01T17:07:57.724831 YB [tick]: polygon_api.rest module is required but not importable.
2025-10-01T17:07:57.724831 YELP [tick]: polygon_api.rest module is required but not importable.
2025-10-01T17:07:57.724831 YEXT [tick]: polygon_api.rest module is required but not importable.
2025-10-01T17:07:57.724831 YORW [tick]: polygon_api.rest module is required but not importable.
2025-10-01T17:07:57.724831 YRD [tick]: polygon_api.rest module is required but not importable.
2025-10-01T17:07:57.724831 YSG [tick]: polygon_api.rest module is required but not importable.
2025-10-01T17:07:57.724831 ZBIO [tick]: polygon_api.rest module is required but not importable.
2025-10-01T17:07:57.724831 ZD [tick]: polygon_api.rest module is required but not importable.
2025-10-01T17:07:57.724831 ZEPP [tick]: polygon_api.rest module is required but not importable.
2025-10-01T17:07:57.724831 ZEUS [tick]: polygon_api.rest module is required but not importable.
2025-10-01T17:07:57.724831 ZH [tick]: polygon_api.rest module is required but not importable.
2025-10-01T17:07:57.724831 ZIM [tick]: polygon_api.rest module is required but not importable.
2025-10-01T17:07:57.724831 ZIMV [tick]: polygon_api.rest module is required but not importable.
2025-10-01T17:07:57.724831 ZIP [tick]: polygon_api.rest module is required but not importable.
2025-10-01T17:07:57.724831 ZKH [tick]: polygon_api.rest module is required but not importable.
2025-10-01T17:07:57.724831 ZTR [tick]: polygon_api.rest module is required but not importable.
2025-10-01T17:07:57.724831 ZUMZ [tick]: polygon_api.rest module is required but not importable.
2025-10-01T17:07:57.724831 ZVRA [tick]: polygon_api.rest module is required but not importable.
2025-10-01T17:07:57.724831 ZYME [tick]: polygon_api.rest module is required but not importable.
